file,claim,gold,pred,claim_strength,strongest_evidence,strongest_strength
predictions_K5_gpt-oss-20b.json,A mother revealed to her child in a letter after her death that she had just one eye because she had donated the other to him.,FALSE,FALSE,0.12504866928450928,"Kastellorizo: crystal carafe with it and brought it to her future mother-in-law, who gave her in return a special cake and an odd number of gold coins. When a child became seriously ill, a woman with knowledge of prayers against the evil eye was invited to her/his home. She drew signs of the cross on the body of the child with a thurible filled with embers and branches of the olive tree which had been gathered in the church on Palm Sunday, pronouncing the following words: ""Christ came: then he laid down his stick and chased away the snake and the",0.933201569513509
predictions_K5_gpt-oss-20b.json,Roche's schizophrenia drug misses goal in two late-stage trials.,TRUE,TRUE,0.8749912130467432,"Bitopertin: 66% on placebo (p<0.05, per-protocol population). In January 2014, Roche reported that bitopertin failed to meet its endpoints in two phase III trials assessing its efficacy in reducing negative symptoms of schizophrenia. Subsequently, in April 2014, Roche announced that it was discontinuing all of its phase III trials of bitopertin for schizophrenia except for one. Though Roche has largely ceased its studies of bitopertin for schizophrenia, it is also investigating the drug in the treatment of obsessive-compulsive disorder (OCD), and is continuing its development for this indication. As of August 2014, bitopertin is in phase II clinical trials for OCD.",0.749998850627435
predictions_K5_gpt-oss-20b.json,New Chemo Drug May Benefit Some Breast Cancer Patients,TRUE,TRUE,0.999930487661225,"Eribulin: breast cancer who have received at least two prior chemotherapy regimens for late-stage disease, including both anthracycline- and taxane-based chemotherapies. It was approved by Health Canada on December 14, 2011, for treatment of patients with metastatic breast cancer who have previously received at least two chemotherapeutic regimens for the treatment of metastatic disease. Metastatic breast cancer impacts about 150,000 people in the USA, due to the patient population, Eisai was able to file and New Drug Application (NDA) under the orphan and rare disease designation. On January 28, 2016 the US FDA approved Halaven for the treatment of inoperable liposarcoma",0.9999769128449291
predictions_K5_gpt-oss-20b.json,Jury finding upends Bayer's Roundup defense strategy: experts.,TRUE,TRUE,0.9998011872598469,"Scientific jury selection: identify those jurors who would most likely sway the rest of the jury's deliberations, so as to bribe and extort them into pushing for acquittal, but also train one of his henchmen to pose as the perfect ""prosecutor's juror"" and get placed on the jury. In season one, episode eleven, of the television series ""Leverage"", a pharmaceutical company is under fire for a wrongful death case involving a stimulative all-natural herbal supplement. In an attempt to prevent major losses for the pharmaceutical company in question, and to protect the investment of a soon-to-be-parent company's subsidiary, scientific jury selection is used.",0.9999996271201801
predictions_K5_gpt-oss-20b.json,The mayonnaise oozing from a chicken sandwich turned out to be pus from a tumor in the chicken.,FALSE,TRUE,0.7308549710945015,"Chicken sandwich: fast food, fast casual and casual dining chains feature some sort of chicken sandwich, even at restaurants where chicken is not a specialty. Chicken salad served between slices of bread is a chicken sandwich variation seen both in North America and elsewhere. In Ireland, the popular ""chicken fillet roll"" is a baguette filled with a spicy or plain breaded chicken fillet and a mayonnaise or butter spread. The hot chicken sandwich or simply ""hot chicken"" (Quebec French: ""sandwich hot chicken"") is a type of chicken sandwich consisting of chicken, sliced bread, and gravy. The sandwich is usually served with green",0.80785269484575
predictions_K5_gpt-oss-20b.json,"Lawmakers consider spending, saving $128.5 million surplus.",TRUE,TRUE,0.6876217950510464,"Steve Beshear: the state budget. Republican Senate President David Williams questioned the legality of the cuts, claiming that the shortfall was only $117.5 million and that $145 million in surplus funds from the previous fiscal year would cover the difference. Beshear countered that the legislature had already authorized $138 million in expenditures from the surplus fund and that his reckoning of the deficit also included $300 million in ""additional spending needs"". Williams stopped short of filing a legal challenge to the cuts, but warned Beshear that the General Assembly would closely monitor the cuts and override any they disagreed with by passing",0.838842168132997
predictions_K5_gpt-oss-20b.json,Public warned of possible measles exposure in Pennsylvania.,TRUE,FALSE,0.37092969614007354,"2009 flu pandemic in the United States by state: another two in Marion County (June 15, 2009 and July 24, 2009) and three in Multnomah County (June 26, 2009, July 3, 2009, and July 17, 2009). On May 3, The Pennsylvania Department of Health said that a 31-year-old male in Montgomery County had the H1N1 flu. By May 5 probable cases were under investigation in Philadelphia (10), Bucks (2), Chester (2), Allegheny (1), Cambria (1), Franklin (1), Lehigh (1), Luzerne (1), Lycoming (1), Montgomery (1), and York (1) counties. On June 4, a 55-year-old woman in Berks County was confirmed as the first death in Pennsylvania due to swine",0.7211009079613611
predictions_K5_gpt-oss-20b.json,"“While California is dying … Gavin (Newsom) is vacationing in Stevensville, MT!”",FALSE,TRUE,0.7501245995683471,"Gavin Newsom: out of San Francisco and bought a house in Kentfield, California, in Marin County. Gavin Newsom Gavin Christopher Newsom (born October 10, 1967) is an American politician and businessman who is the Governor-elect of California. A member of the Democratic Party, he has been the 49th Lieutenant Governor of California since 2011, and previously served as the 42nd Mayor of San Francisco from 2004 to 2011. He will be sworn in as the 40th Governor of California on January 7, 2019. He is a national progressive figure who was a prominent early advocate for same-sex marriage, immigrant rights, universal health",0.9999912272477008
predictions_K5_gpt-oss-20b.json,Britain backs GSK's gene therapy for 'bubble boy' syndrome.,TRUE,TRUE,0.9999934813957081,"Jeans for Genes: Programme for care services for children and information and support for families. Funding from the appeal was key in the development of gene therapy at the UCL Institute of Child Health at Great Ormond Street Hospital in London, which has since cured ten children of the life-threatening condition X-linked severe combined immune deficiency X-SCID or 'baby in the bubble' syndrome. The charity also aims to raise awareness and understanding of genetics and what it means to live with a genetic disorder. It provides educational materials for schools through a dedicated website called Genes Are Us Jeans for Genes Jeans for",0.9999991141680911
predictions_K5_gpt-oss-20b.json,Queen Elizabeth II wore a Burmese Ruby Tiara as a slight against U.S. President Donald Trump.,FALSE,FALSE,0.00010808766599173806,"Duchess Marie of Mecklenburg-Schwerin: her Palace safe and smuggled them out of Russia. After the Duchess's death, they were sold by her children to support their lives in exile. Queen Mary of the United Kingdom purchased a Bolin tiara of diamond loops with pearl drops, now worn by Queen Elizabeth II, although the original gold frame has been replaced by Garrad with one of platinum. Queen Marie of Romania purchased a sapphire kokoshnik-style tiara by Cartier, and Nancy Leeds, later Princess Anastasia of Greece, the ruby parure. Some of her emeralds were purchased by Barbara Hutton, and later by actress Elizabeth Taylor, who had",0.9999816956659112
predictions_K5_gpt-oss-20b.json,South Korea court strikes down abortion law in landmark ruling.,TRUE,FALSE,0.24987723647098706,"Abortion in South Korea: law should be modified. In September 2017, campaigners filed a petition on the website of Moon Jae-in, the President of South Korea, calling on the government to amend the law by permitting the sale of the abortion pill mifepristone. In November 2017, the office of the president announced in response that the government would review the abortion law. In 2018, the Constitutional Court is set to hear a case which challenges the constitutionality of the abortion law. Sex-selective abortion, attributed to a cultural preference for sons, is widespread. Despite a 1987 revision of the Medical Code prohibiting physicians from using",0.9999912103341193
predictions_K5_gpt-oss-20b.json,Scientists debate cause of dolphin deaths.,TRUE,FALSE,0.49999860576334626,"Chilika Lake: deaths in 2003-04, 11 in 2004-05, 8 in 2005-06 and 5 in 2006-07. 40% of the 2006-07 deaths were by mechanised boats. Since 2004, the Whale and Dolphin Conservation Society has been conducting a science-based community education project to conserve the Irrawaddy dolphins and Chilika Lake. They have determined the primary cause of mortality for this population of dolphins is floating gill nets and hook line fisheries and the secondary cause is boat strikes from increasing unmanaged tourism activities. The Irrawaddy dolphins have a seemingly mutualistic relationship of co-operative fishing with the traditional fishermen. Fishermen recall when they would call",0.9999639727370644
predictions_K5_gpt-oss-20b.json,Evacuation plan 'out the window' when fire hit California town.,TRUE,FALSE,0.24961401625467677,"Ferguson Fire: Trailer Court. On July 20, the fire jumped the Merced River, creating two spot fires north of the river in the Stanislaus National Forest near Miller Gulch and Ned Gulch. The spot fires burned an estimated total of . New mandatory evacuations were put in place for Rancheria Government Housing, Old El Portal, Foresta and the Yosemite View Lodge. A new evacuation center was opened at Yosemite Valley Elementary School in Yosemite National Park. The fire continued to burn in Ned's Gulch overnight and into July 21. Air and ground crews made concerted efforts only to make minimal impact on",0.8749796597325841
predictions_K5_gpt-oss-20b.json,"People can fly with dogs, pot-bellied pigs, turkeys, monkeys, and miniature horses if they claim that their pets are emotional support animals.",TRUE,FALSE,0.3731397329507211,"Emotional support animal: animals has increased the number of animals in public places where animals are normally not allowed. Multiple dangerous incidents reported in the media, such as a large emotional support dog mauling another passenger on a flight, have led to a backlash against people with disabilities, including people with well-trained service dogs. Although the concept is popular and many owners attribute improvements to their animals, there is no solid scientific evidence that untrained emotional support dogs provide any significant benefit to people with mental or emotional disabilities. Interacting with an animal may reduce perceived emotional distress for some people, but the",0.6869456231293973
predictions_K5_gpt-oss-20b.json,"Gabon president fires VP, forests minister over hardwood scandal.",TRUE,FALSE,0.00019946789406744678,"Pierre-André Kombila: Pierre-André Kombila Pierre-André Kombila Koumba (born 8 May 1941) is a Gabonese politician, professor, and medical doctor. He was the First Secretary of the National Rally of Woodcutters (RNB), Gabon's main opposition party, from 1990 to 1998; he then led a split from the RNB, establishing the more radical National Rally of Woodcutters - Democrats (RNB-D) in 1998. He was nominated as the RNB-D's candidate for the 1998 presidential election, but received only a small share of the vote. Later, he abandoned his opposition to President Omar Bongo and joined the government, serving as Minister of Technical and Vocational Education",0.9999998843850734
predictions_K5_gpt-oss-20b.json,Prince Harry joins Elton John to launch HIV campaign targeting men.,TRUE,TRUE,0.9979961512553762,"Prince Harry, Duke of Sussex: The Prince was appointed the president of the Queen's Commonwealth Trust, which focuses on projects involving children and welfare of prisoners in April. Also in April 2018, Harry was selected as one of the 100 Most Influential People in the World by ""Time"" magazine. In July 2018, the Elton John AIDS Foundation announced that the Duke of Sussex and British singer Elton John were about to launch a global coalition called MenStar that would focus ""on treating HIV infections in men"". Harry enjoys playing many sports, including competitive polo, skiing, and motocross. He is a supporter of Arsenal Football Club.",0.9960964550141289
predictions_K5_gpt-oss-20b.json,"Suicide kills one person every 40 seconds, says WHO.",TRUE,TRUE,0.6719979173195905,"Epidemiology of suicide: their own lives every year, more than those murdered or killed in war. WHO figures show a suicide takes place somewhere in the world roughly every 40 seconds. According to the National Institute of Mental Health, suicide contagion is a serious problem, especially for young people. Suicide can be facilitated in vulnerable teens by exposure to real or fictional accounts of suicide, including media coverage of suicide, such as intensive reporting of the suicide of a celebrity or idol. Suicide rates are highest in Europe's Baltic states, where around 40 people per 100,000 die by suicide each year. The lowest",0.9394663933387585
predictions_K5_gpt-oss-20b.json,Photographs show a boy having his arm crushed under a truck as a punishment for stealing bread.,FALSE,FALSE,0.3748869383688708,"Boston desegregation busing crisis: as it appears in the photo, and he narrowly missed. A photograph of the attack on Landsmark, ""The Soiling of Old Glory"" taken by Stanley Forman for the ""Boston Herald American"", won the Pulitzer Prize for Spot News Photography (now the Pulitzer Prize for Breaking News Photography) in 1977. In a retaliatory incident about two weeks later, black teenagers in Roxbury threw rocks at auto mechanic Richard Poleet's car and caused him to crash. The youths dragged him out and crushed his skull with nearby paving stones. When police arrived, the man was surrounded by a crowd of 100 chanting",0.5
predictions_K5_gpt-oss-20b.json,"Hospitals plan for 'COVID cabanas,' conference rooms to house patients.",TRUE,TRUE,0.749999288787346,"Vidant Medical Center: Kids Immunosuppressed Special Unit with a controlled environment for children with cancer, blood disorders, sickle cell disease, kidney disorders and other illnesses that compromise the immune system. Along with the new addition to the Children's Hospital, Vidant Medical Center is designing a pediatric emergency department. It will be a area near the existing emergency department. It will include 16 general pediatric emergency rooms, a dedicated resuscitation room, lobby area, ambulance entry and staff/support space. The $8 million project was completed in April 2012. On May 17, 2011, East Carolina University alumnus, James Maynard, founder of Golden Corral, and his wife",0.6360387976600113
predictions_K5_gpt-oss-20b.json," A forwarded email that blames President Obama   for delays in the rescue of Richard Phillips, the captain of the ship   named the Maersk Alabama, which was taken over by pirates off the coast   of the African country of Somalia. It claims that Obama delayed the   deployment of Navy Seals by 36 hours and limited the rules of engagement   so the rescuers could not act unless Captain Phillips’ life was imminent   danger.      ",FALSE,TRUE,0.7501235704129029,"MV Tygra: pirate, whom they had kept tied up for twelve hours, for Captain Phillips. The captured pirate was released but the pirates refused to release Phillips in exchange. Since the battery had died on the open-air boat, they left in the ship's covered lifeboat, taking Phillips with them. The lifeboat carried ten days of food rations, water and basic survival supplies. On April 8, the destroyer and the frigate were dispatched to the Gulf of Aden in response to a hostage situation, and reached ""Maersk Alabama"" early on April 9. ""Maersk Alabama"" then departed from the area with an armed escort,",0.999990560273417
predictions_K5_gpt-oss-20b.json,Strobe lighting provides a flicker of hope in the fight against Alzheimer’s,FALSE,FALSE,3.79781652748582e-05,"Accessible housing: lighting to eliminate shadows in the house can all help caregivers to reduce dangers to the person with Alzheimer disease. Other features that can improve the well-being of the elderly person can include marking doors with conspicuous and distinct signs or objects such as ribbons or wreaths, can assist memory. Adding a cot or bed to the main floor of the house to allow the elderly person to rest without climbing stairs to a bedroom can be helpful to the Alzheimer patient. Furniture and clutter can also be removed to make the house more safe for an elderly person inclined",0.999993951400282
predictions_K5_gpt-oss-20b.json,"Heparin recalled in France, Italy, Denmark: report.",TRUE,FALSE,0.00010818234426048137,"2008 Chinese heparin adulteration: 2008 Chinese heparin adulteration In March 2008, major recalls of heparin, a substance widely used as an injectable anticoagulant, were announced by the U.S. Food and Drug Administration (FDA) due to contamination of the raw heparin stock imported from China. The raw material for the recalled heparin batches was processed in China from pig's intestines by the American pharmaceutical firm Scientific Protein Laboratories. The U.S. Food and Drug Administration was quoted as stating that at least 81 deaths were believed to be linked to a raw heparin ingredient imported from the People's Republic of China, and that they had also",0.9999822944841905
predictions_K5_gpt-oss-20b.json,"Page 92 of the House health care bill ""says specifically that people can't purchase private health insurance after a date certain.",FALSE,FALSE,0.4319944370406364,"Bipartisan Health Care Stabilization Act of 2017: under 30 to purchase catastrophic health insurance plans, often called 'copper' plans for their low actuarial value. The bill quickly received 24 bipartisan cosponsors, including Sen. Susan Collins (R-ME), Sen. Lisa Murkowski (R-AK), Sen. Joe Donnelly (D-IN) and Sen. Joe Manchin (D-WV). However, the bill faced a murky political future due to opposition from Republican leadership in both chambers of Congress. The CBO reported on 25 October 2017 that the bill would end up cutting the deficit by $3.8 billion. While the CBO estimate of the bill did not expect it to substantially change the number of people on health",0.694522352009318
predictions_K5_gpt-oss-20b.json,A few drops of Visine brand eye drops taken internally will induce uncontrollable diarrhea.,FALSE,FALSE,0.1820014200909433,"Tetryzoline: putting a few drops of Visine in an unsuspecting person's beverage. However, the actual results of the prank may be worse, varying from severe nausea and vomiting to seizures or a coma. Diarrhea is not a side effect. In late August 2018, a South Carolina woman, was charged with murdering her husband by putting eye drops containing tetryzoline his drinking water. An autopsy found high concentrations of tetryzoline in his body. Tetryzoline has been used as a date rape drug in a number of cases due to its ability to cause dizziness and unconsciousness. Tetryzoline was used as a plot",0.7248572149213883
predictions_K5_gpt-oss-20b.json,FDA Approves Bayer's Kyleena™ (Levonorgestrel-Releasing Intrauterine System) 19.5 mg for Prevention of Pregnancy for up to Five Years,TRUE,TRUE,0.9998795482492977,"Hormonal IUDs: they found estradiol levels in Mirena users to be normal. The hormonal IUD is a small 'T'-shaped piece of plastic, which contains levonorgestrel, a type of progestin. The cylinder of the device is coated with a membrane that regulates the release of the drug. Mirena releases the drug at an initial rate of 20 micrograms per day. This declines to a rate of 14 micrograms per day after five years, which is still in the range of clinical effectiveness. Skyla releases 14 micrograms per day and declines to five micrograms per day after three years. Bayer markets Skyla as Jaydess",0.9999664114468352
predictions_K5_gpt-oss-20b.json,New York hospital sends some 'borderline' COVID-19 patients home with oxygen monitors.,TRUE,FALSE,0.12521001794255904,"Polysomnography: completed and the patient is discharged home by 7 a.m. unless a Multiple Sleep Latency Test (MSLT) is to be done during the day to test for excessive daytime sleepiness. Most recently, health care providers may prescribe home studies to enhance patient comfort and reduce expense. The patient is given instructions after a screening tool is used, uses the equipment at home and returns it the next day. Most screening tools consist of an airflow measuring device (thermistor) and a blood oxygen monitoring device (pulse oximeter). The patient would sleep with the screening device for one to several days, then",0.9997899755739578
predictions_K5_gpt-oss-20b.json,Fitness experts separate folklore from fact.,TRUE,TRUE,0.7499720835478563,"Fitness culture: Fitness culture Fitness culture is a sociocultural phenomenon which refers to the culture surrounding physical exercises. It is usually associated with ""gym culture"", as doing physical exercises in locations such as gyms, wellness centres and health clubs is a popular activity. An international survey found that more than 27% of world total adult population attends fitness centres, and that 61% of regular exercisers are currently doing ""gym-type"" activities. In ancient Greece and Rome, a public place devoted to athletes training, called ""gymnasion"" (plural: gymnasia) for Greeks and ""palaestra"" (plural: palaestrae) for Romans existed in cities. Fitness was regarded as a",0.7499720835478563
predictions_K5_gpt-oss-20b.json,Women in the United States are 50 percent more likely to die from pregnancy or childbirth-related causes compared to their mothers.,TRUE,TRUE,0.9998922263949042,"Maternal death: women die from pregnancy or childbirth related causes. According to the United Nations Population Fund (UNFPA) 2017 report, this is equivalent to ""about one woman every two minutes and for every woman who dies, 20 or 30 encounter complications with serious or long-lasting consequences. Most of these deaths and injuries are entirely preventable."" UNFPA estimated that 303,000 women died of pregnancy or childbirth related causes in 2015. These causes range from severe bleeding to obstructed labour, all of which have highly effective interventions . As women have gained access to family planning and skilled birth attendance with backup emergency obstetric",0.9999851886699773
predictions_K5_gpt-oss-20b.json,Expert Panel Reaffirms Need for Colon Cancer Screen Beginning at Age 50,TRUE,TRUE,0.9999781163398598,"Cancer screening: is acceptable to screen this age group with a Pap smear alone every 3 years. In women over the age of 65, screening for cervical cancer may be discontinued in the absence of abnormal screening results within the prior 10 years and no history of CIN 2 or higher. Screening for colorectal cancer, if done early enough, is ""preventive"" because almost all colorectal cancers originate from benign growths called ""polyps"", which can be located and removed during a colonoscopy (see ""colonic polypectomy""). The US Preventive Services Task Force recommends screening for colorectal cancer using fecal occult blood testing, sigmoidoscopy, or",0.999982236999733
predictions_K5_gpt-oss-20b.json,"To reverse damage of sitting, take a brisk, hour-long walk",TRUE,TRUE,0.9998953618723654,"Flow-mediated dilation: steps per day, but were restricted to less than 5,000 steps per day for five days showed impaired FMD in the popliteal (leg) artery, but not the brachial (arm) artery. The reduction of leg FMD caused by prolonged sitting can be reduced by fidgeting (periodic leg movement). An eight-week program of brisk walking resulted in a 50% increase in brachial artery FMD in middle-aged and older men, but failed to produce this benefit in estrogen-deficient post-menopausal women. Forty-five minutes of cycling exercise before sitting has been shown to eliminate the impaired leg FMD due to three hours of sitting. Athletes",0.999982914485475
predictions_K5_gpt-oss-20b.json,"The most likely triggering cause of (microcephaly)"" is the ""DTaP shot, a vaccine that had been recently mandated by the Brazilian government to be injected into pregnant women.",FALSE,FALSE,2.4901096167652998e-05,"Pyriproxyfen: statement from Abrasco was cited in the PCST report; subsequently, Abrasco clarified that position as an misinterpretation of their statement, saying ""at no time did we state that pesticides, insecticides, or other chemicals are responsible for the increasing number of microcephaly cases in Brazil"". They also condemned the behavior of the websites that spread the misinformation, adding that such ""untruths...violates the anguish and suffering of the people in vulnerable positions"". In addition, the coordinator for the PCST statement, Medardo Ávila Vazquez, acknowledged in an interview that ""the group hasn’t done any lab studies or epidemiological research to support its assertions,",0.999976225800472
predictions_K5_gpt-oss-20b.json,2 Aussie wildfires merge into inferno; man seriously burned.,TRUE,FALSE,0.12510765932730938,"2012–13 Australian bushfire season: nearly a quarter of its pasture land, as a result of the fires. Surrounding stations Angus downs and King's Creek lost similar amounts. A bush fire broke out on private land near Two Peoples Bay on 12 October and a team of about 20 fire-fighters arrived to combat the blaze. Following a sudden change in wind direction a track carrying two of the fire crew was engulfed in flames. The two women, both females, received terrible burns. The 45-year-old woman received burns to 60% of her body was admitted to hospital in critical condition and the 24-year-old had burns to",0.749982897644584
predictions_K5_gpt-oss-20b.json,"Lamont fills top public health, insurance agency jobs.",TRUE,FALSE,0.18177343185201192,"James G. Haughton: trained at Unity as an obstetrician and gynecologist. After medical school, Haughton initially entered private practice in obstetrics and later became a medical administrative officer for the United States Navy. His career in public health began in New York City in 1965. In 1967, President Richard Nixon appointed Haughton to Department of Health, Education and Welfare task force overseeing Medicaid. Following his time at New York, Haughton became executive director of the Health and Hospital Governing Commission in Chicago, Illinois in 1971. In this position, he was the highest-paid public official in Illinois with compensation of $60,000 a year. In",0.681725376025944
predictions_K5_gpt-oss-20b.json,"Leticia Van de Putte ""voted to give illegal immigrants in this country free health care--not emergency health care but total free health care.",FALSE,TRUE,0.9998666028295986,"Leticia Van de Putte: 2015 mayoral election. After finishing first with 30% of the vote in the general election, Van de Putte qualified for the runoff election on June 13, 2015. Despite running a hard campaign, Van de Putte lost the runoff election 52-48 percent to Ivy Taylor. Uncontested primary elections are not shown. <nowiki>*</nowiki> Vote percentage include all of Bexar County with a total of 12,316 either voting in another municipal election or casting no ballot for San Antonio mayor. <br> Leticia Van de Putte Leticia R. San Miguel Van de Putte is an American politician from San Antonio, Texas. She represented the",0.9999317921643684
predictions_K5_gpt-oss-20b.json,Immigration authorities are taking rosaries away from immigrants at the border.,TRUE,FALSE,0.0001173873756334163,"Border Angels: housing from an influx of unaccompanied minors. The situation was described as a “humanitarian crisis” by the Obama administration. Between 2012 and 2016 Border Angels has been involved in the annual binational Children's Day event that has involved the opening of the emergency gate on the border at Friendship Park between Border State Park on the United States side and Friendship Park (San Diego–Tijuana) in Playas de Tijuana. Working alongside United States Border Patrol, mixed status families often including children on the US side who hold Deferred Action for Childhood Arrivals were given the opportunity to briefly hug their families",0.9999941741360036
predictions_K5_gpt-oss-20b.json,5 convicted in meningitis outbreak case; 1 acquitted.,TRUE,FALSE,0.10448443718340823,"New England Compounding Center meningitis outbreak: discovered during the compounding investigation. Carla Conigliaro, majority owner of NECC, and her husband, Douglas Conigliaro, pled guilty to withdrawing cash from their bank accounts in small amounts, after the investigation began, to avoid financial reporting requirements. Carla Conigliaro was sentenced to one year of probation and ordered to pay a fine of $4,500, and Douglas Conigliaro was sentenced to two years of probation and ordered to pay a fine of $55,000. In May 2015, federal bankruptcy judge Henry Boroff approved a $200 million settlement plan that would set aside funds for victims of the outbreak and their families. The",0.9563695551885883
predictions_K5_gpt-oss-20b.json,"“The flu killed 80,000 Americans last year according to the CDC.”",FALSE,FALSE,9.926220032669745e-05,"2009 flu pandemic: It is often stated that about 36,000 die from the seasonal flu in the U.S. each year, and this is frequently understood as an indication that the H1N1 strain was not as severe as seasonal influenza. The 36,000 estimate was presented in a 2003 study by CDC scientists published in the ""Journal of the American Medical Association"" but only refers to a period from 1990–91 through 1998–99. During those years, the number of estimated deaths ranged from 17,000 to 52,000, with an average of about 36,000. The ""JAMA"" study also looked at seasonal influenza-associated deaths over a 23-year period, from",0.9999049038985763
predictions_K5_gpt-oss-20b.json,Some grocery store receipts contain chemicals linked to infertility and hormone-related cancers.,TRUE,FALSE,0.00010788147480965472,"Deborah Cadbury: interviews she conducted with scientists around the world and outlines the process of scientific investigation into how chemicals such as DDT, PCBs, alkyl phenols, bi-phenols, phthalates, and dioxins may be contributing to phenomenon such as increased breast cancer rates, decreased sperm counts, and abnormalities in male genital development whose full impact ""has yet to be realized."" However, scientists in the book caution that more evidence is needed to confirm the exact causes and effects of the phenomenon being observed. In their estimation, it is too early in the process to make definitive statements as to the dangers exposure to these",0.9999829716132008
predictions_K5_gpt-oss-20b.json,Over a dozen arrests in SC following 4th Poor People’s Rally.,TRUE,TRUE,0.8309007588506607,"Charleston Five: ILA 1422A mechanics union and Locals 1771. By nightfall there were almost 130 longshoremen picketing, though some media suggested the number could have been up to 300. Then as the leadership went ahead to figure out what the intention was, the protesters threw rocks, bottles, and railroad ties at the police. The police started baton charge, gas shell firing and even charged an armored vehicle at the longshoremen. The Five's arrests set off a firestorm of political implications and finger pointing and allegedly some South Carolina officials were using the arrests as political fulcrums to further their careers. In October",0.9855988029312105
predictions_K5_gpt-oss-20b.json,"The Black Panther Party created the Women, Infants, and Children (WIC) program that provides supplemental food assistance to single mothers and their children.",FALSE,FALSE,0.00010821018359825653,"Free Breakfast for Children: was one among more than 60 community social programs created by the Black Panther Party. They were renamed Survival Programs in 1971. These were operated by Party members under the slogan ""survival pending revolution."" Another Survival Program started by the Black Panther Party was referred to as ""medical self-defense"" with the creation of healthcare clinics and their own ambulance services. Fred Hampton, leader of the Chicago local, helped organize a number of community programs. These included five different breakfast programs on the West Side, a free medical center, a door to door program of health services (which offered testing for",0.999982288745968
predictions_K5_gpt-oss-20b.json,"A photograph shows a dead man whose unwitting co-workers arranged a ""funny selfie,"" believing he was just sleeping.",FALSE,FALSE,0.4999113632739727,"Selfie: launch of a short film with the title ""Selfie"". Milan is the 8th most active selfie-taking city in the world with 108 selfie-takers per 100,000 people. According to Professor Amanda du Preez, there are least three types of selfie pictures documenting death, selfies unknowingly taken before death, where the taker’s death is almost witnessed, or where the taker stands by while someone else dies. Because they are typically taken much closer to the subject's face than a conventional photograph, phone selfies tend to distort the subject's face. When conventional photographers take head shots, they typically use a narrower lens (or",0.99999551977181
predictions_K5_gpt-oss-20b.json,A photo shows Democratic U.S. Rep. Maxine Waters and House Speaker Nancy Pelosi posing and smiling in front of a Trump 2020 sign.,FALSE,TRUE,0.9998833172762179,"Red Hen restaurant controversy: calling for her supporters to confront Trump Cabinet officials in public spaces like restaurants, President Trump responded on Twitter saying ""Congresswoman Maxine Waters, an extraordinarily low IQ person, has become, together with Nancy Pelosi, the Face of the Democrat Party. She has just called for harm to supporters, of which there are many, of the Make America Great Again movement. Be careful what you wish for Max!"". Following the incident, Congresswoman Maxine Waters encouraged her supporters to act similarly saying, ""Let's make sure we show up wherever we have to show up. And if you see anybody from that Cabinet",0.999994360315744
predictions_K5_gpt-oss-20b.json,"Illegal tobacco sales, price driven too high, has been connected to at least several cases of funding terrorism against us in multi-year investigations over the last decade and a half.",TRUE,TRUE,0.9999080736518485,"Illicit cigarette trade: This is known as ""the forbidden-fruit effect,"" among other references. The U.S. government foiled funding operations by Al-Qaeda in New York in 1999 and Hezbollah in North Carolina in 2002. It has been reported that smuggling one truckload of cigarettes within the United States can lead to a profit of US$2 million. Laws specifically pertaining to cigarette smuggling in the United States have included the Contraband Cigarette Trafficking Act of 1978, which makes cigarette smuggling a felony punishable by up to five years in prison. One of the most notable places of cigarette smuggling in the United States is New",0.9999059425975603
predictions_K5_gpt-oss-20b.json,"John Holdren, director of the White House Office of Science and Technology Policy, ""has proposed forcing abortions and putting sterilants in the drinking water to control population.",FALSE,FALSE,0.10001350270471185,"John Holdren: has two children and five grandchildren. John Holdren John Paul Holdren (Sewickley, Pennsylvania, March 1, 1944) is an American scientist who served as the senior advisor to President Barack Obama on science and technology issues through his roles as Assistant to the President for Science and Technology, Director of the White House Office of Science and Technology Policy, and Co-Chair of the President’s Council of Advisors on Science and Technology (PCAST). Holdren was previously the Teresa and John Heinz Professor of Environmental Policy at the Kennedy School of Government at Harvard University, director of the Science, Technology, and Public Policy",0.9998757145119118
predictions_K5_gpt-oss-20b.json,Merck wins UK okay for Keytruda in lung cancer after price cut.,TRUE,FALSE,0.24986939062838537,"Checkpoint inhibitor: Squibb) were published in 2010. It was approved in 2014. Nivolumab is approved to treat melanoma, lung cancer, kidney cancer, bladder cancer, head and neck cancer, and Hodgkin's lymphoma. Pembrolizumab (brand name Keytruda) is another PD1 inhibitor that was approved by the FDA in 2014 and was the second checkpoint inhibitor approved in the United States. Keytruda is approved to treat melanoma and lung cancer and is produced by Merck. Spartalizumab (PDR001) is a PD-1 inhibitor currently being developed by Novartis to treat both solid tumors and lymphomas In May 2016, PD-L1 inhibitor atezolizumab was approved for treating bladder cancer.",0.9999968040500635
predictions_K5_gpt-oss-20b.json,In the last six years of Cianci’s administration violent crime was down in the United States. It was down in the region. It was down in Rhode Island. But it was up in Providence.,TRUE,FALSE,0.00010136610525954429,"Politics of Rhode Island: and convicted felon Buddy Cianci attempt to return to politics. The race was seen by many as a referendum on Cianci's legacy, with supporters pointing to the improved infrastructure, city parks, arts scene, and other gains associated with the city's ""Renaissance"" during Cianci's time as Mayor, while detractors pointed to Cianci's history of violent, criminal behavior and frank, less-than-remorseful admissions to using ""public power for personal reasons."" In a rare move into municipal politics, President Obama publicly endorsed Cianci's little-known Democratic challenger, Jorge Elorza, as did Sen. Sheldon Whitehouse, who, as a U.S. Attorney, oversaw the investigation that led to",0.999983329881652
predictions_K5_gpt-oss-20b.json,"The FDA has updated its warnings for — and recommended limitations on — prescribing a class of antibiotics called fluoroquinolones, citing potentially irreversible side-effects including tendon damage and rupture.",TRUE,TRUE,0.9999781899865055,"Levofloxacin: The FDA wrote: ""An FDA safety review has shown that fluoroquinolones when used systemically (i.e. tablets, capsules, and injectable) are associated with disabling and potentially permanent serious side effects that can occur together. These side effects can involve the tendons, muscles, joints, nerves, and central nervous system."" Such injuries, including tendon rupture, has been observed up to 6 months after cessation of treatment; the elderly, transplant patients, and those with a current or historical corticosteroid use are at elevated risk. A detailed overview of risk factors for fluoroquinolone-associated tendon rupture has been published; advanced age, concurrent treatment with corticosteroids, and",0.9999777695166971
predictions_K5_gpt-oss-20b.json,The WHO coronavirus test “was a bad test.”,FALSE,FALSE,0.2501281271809433,"Middle East respiratory syndrome: pneumonia and acute renal failure. After routine diagnostics failed to identify the causative agent, Zaki contacted Ron Fouchier, a leading virologist at the Erasmus Medical Center (EMC) in Rotterdam, the Netherlands, for advice. Fouchier sequenced the virus from a sample sent by Zaki. Fouchier used a broad-spectrum ""pan-coronavirus"" real-time polymerase chain reaction (RT-PCR) method to test for distinguishing features of a number of known coronaviruses (such as OC43, 229R, NL63, and SARS-CoV), as well as for RNA-dependent RNA polymerase (RdRp), a gene conserved in all coronaviruses known to infect humans. While the screens for known coronaviruses were all negative, the",0.9999674070502799
predictions_K5_gpt-oss-20b.json,On mandatory ultrasounds before abortions.,TRUE,TRUE,0.9999827969134761,"Types of abortion restrictions in the United States: allowed to have the procedure. Mandatory transvaginal ultrasounds have been particularly controversial. In Texas, for instance, even if previous ultrasounds had indicated severe congenital defects, a woman seeking an abortion was required under a 2012 law to have another ultrasound done, ""administered by her abortion doctor, and [she had to] listen to a state-mandated description of the fetus she was about to abort"", though state-issued guidelines later did away with that ultrasound if the fetus had an ""irreversible medical condition"". On November 12, 2013, the U.S. Supreme Court declined to hear an appeal by the state of Oklahoma to the",0.9999823173509456
predictions_K5_gpt-oss-20b.json,Tougher vaccine rules move forward in California.,TRUE,TRUE,0.9999552108285029,"California Senate Bill 277: California Senate Bill 277 California Senate Bill 277 (SB277) was a California bill that removed personal belief exemptions to vaccination requirements for entry to private or public elementary or secondary schools in California, as well as day care centers. It was passed in the California State Senate in June 2015 and signed into law by Governor Jerry Brown on June 30, 2015. The bill, co-authored by California state Senators Richard Pan, and Ben Allen, was prompted by the 2014 Disneyland measles outbreak and low levels of vaccination in pockets of California, with some schools having vaccination rates below 60%. SB277",0.9906653856232037
predictions_K5_gpt-oss-20b.json,"Facebook post Says ""there is no"" COVID-19 virus.",FALSE,FALSE,0.29307855039312125,"Cervidpoxvirus: Cervidpoxvirus Cervidpoxvirus is a genus of viruses in the family ""Poxviridae"" in the subfamily ""Chordopoxvirinae"". Deer serve as natural hosts. Currently only one species is placed in this genus: the type species Mule deerpox virus. Group: dsDNA Viruses in"" Cervidpoxvirus ""are enveloped, with brick-shaped geometries. Genomes are linear, around 154 kb in length. Viral replication is cytoplasmic. Entry into the host cell is achieved by attachment of the viral proteins to host glycosaminoglycans, which mediate endocytosis of the virus into the host cell. Fusion with the plasma membrane releases the core into the host cytoplasm. In the early phase, early",0.4140127688109652
predictions_K5_gpt-oss-20b.json,French breast implant boss arrested.,TRUE,TRUE,0.5001101685621807,"Poly Implant Prothèse: a friend in the Six-Fours in the Var located in South of France and taken into custody. Investigators searched the house. A deputy chief executive was also arrested at his home. Philippe Courtois, a lawyer represents 1300 women in France. Laurent Gaudon, represents four women and say a surgeon should inform about complications from both the surgery and devices used. Nathalie Lozano, lawyer, represents more than 1400 women from Colombia, Argentina, United Kingdom and Venezuela. She claims TÜV Rheinland's gross negligence in the process of certifying the quality process. On 17 April 2013, the trial of 5 executives in begun",0.9999794645981595
predictions_K5_gpt-oss-20b.json,Oregon 2nd-grader diagnosed with meningococcal meningitis.,TRUE,FALSE,0.00011259403520249272,"NmVac4-A/C/Y/W-135: countries. Among those who survive the meningococcal disease, 10–20% experience neurological sequelae. JN-International Medical Corporation in Ivory Coast has provided over 5 million doses of serotypes A & C vaccine on long term credit to the Ministry of Health of Niger, Burkina Faso, Benin and Ivory Coast during meningitis disease outbreak seasons since the year 2006. Children 2–10 years of age who are at high risk for meningococcal disease such as certain chronic medical conditions and travel to or reside in countries with hyperendemic or epidemic meningococcal disease should receive primary immunization. Although safety and efficacy of the vaccine have",0.999989168424432
predictions_K5_gpt-oss-20b.json,The real Hillary Clinton has been dead since 1998 and was replaced with a clone.,FALSE,FALSE,0.2500994063701377,"Saturday Night Live parodies of Hillary Clinton: Tina Fey glasses!"" It was during the 2008–09 season, while Poehler was playing Clinton, that Hillary Clinton herself made an appearance on the show, and faced off with Poehler as her doppelgänger. The real Sarah Palin also made a guest appearance during season 34. Kate McKinnon has portrayed Clinton regularly since March 2015 (after playing the role once prior in 2013). As of December 2016, she is the most-frequently appearing Hillary with 20 performances in the role, ahead of Amy Poehler at 19 performances, and Ana Gasteyer (at 16), despite having played it for less than half as long as",0.5
predictions_K5_gpt-oss-20b.json,"After Massachusetts passed a mandatory health insurance law ""their mortality rate went down...it saved lives.",TRUE,TRUE,0.7501226882044728,"Health insurance mandate: required individuals, and not employers, to buy insurance, as an alternative to Clinton's plan. Hillary Clinton's plan in 2008 also included an individual mandate. An individual health-insurance mandate was initially enacted on a state level: the 2005 Massachusetts health care reform law. In 2006, Republican Mitt Romney, then governor of Massachusetts, signed an individual mandate into law with strong bipartisan support. In 2007, a Senate bill featuring a federal mandate, authored by Bob Bennett (R-UT) and Ron Wyden (D-OR), attracted substantial bipartisan support. , more than 97 percent of Massachusetts residents were insured, which made it the state with the",0.9999913966615834
predictions_K5_gpt-oss-20b.json,"Humira Provides Effective, Non-Steroid Alternative for Eye Inflammation",TRUE,TRUE,0.9999971919467635,"Adalimumab: Adalimumab Adalimumab, sold under the trade name Humira among others, is a medication used to treat rheumatoid arthritis, psoriatic arthritis, ankylosing spondylitis, Crohn's disease, ulcerative colitis, chronic psoriasis, hidradenitis suppurativa, and juvenile idiopathic arthritis. It has also been approved to treat the rare chronic eye condition Birdshot retinochoroidopathy, commonly referred to simply as “birdshot”. In rheumatoid arthritis, adalimumab has a response rate similar to methotrexate, and in combination, it nearly doubles the response rate of methotrexate alone. Adalimumab is a TNF-inhibiting, anti-inflammatory, biologic medication. It binds to tumor necrosis factor-alpha (TNFα), which normally binds to TNFα receptors, leading to the",0.999891418348826
predictions_K5_gpt-oss-20b.json,"Menopause 'hot flash' medicine could cut symptom by three quarters, trial shows",FALSE,FALSE,0.24987483541085523,"Menopause: hot flashes. It is the most effective treatment option, especially when delivered as a skin patch. Its use, however, appears to increase the risk of strokes and blood clots. When used for menopausal symptoms some recommend it be used for the shortest time possible and at the lowest dose possible. Evidence to support long term use however is poor. It also appears effective for preventing bone loss and osteoporotic fracture, but it is generally recommended only for women at significant risk for whom other therapies are unsuitable. HRT may be unsuitable for some women, including those at increased risk of",0.9999804359057989
predictions_K5_gpt-oss-20b.json,"In February and March 2018, hundreds of Canadian doctors signed a petition asking for the cancellation of pay deals from which they would personally benefit.",TRUE,TRUE,0.9999642722608296,"Saskatchewan doctors' strike: leader by Woodrow Lloyd who was to face enormous pressure to withdraw the plan. In an attempt to reach a compromise, Lloyd delayed the implementation of Medicare from April to July 1962. In May 1962, a meeting of the College of Physicians and Surgeons of Saskatchewan passed a resolution vowing that physicians would close their practices when Medicare came into force. ""Keep Our Doctors"" committees were established throughout the province and a campaign, backed by the ""Regina Leader-Post"" was undertaken, with warnings that most doctors would leave the province if socialized medicine were introduced. On July 1, 1962, the doctors",0.9999942547129551
predictions_K5_gpt-oss-20b.json,Blood test may identify gestational diabetes risk in first trimester,TRUE,TRUE,0.5001131568357553,"Gestational diabetes: to the mother and baby if gestational diabetes remains untreated. When a plasma glucose level is found to be higher than 126 mg/dl (7.0 mmol/l) after fasting, or over 200 mg/dl (11.1 mmol/l) on any occasion, and if this is confirmed on a subsequent day, the diagnosis of GDM is made, and no further testing is required. These tests are typically performed at the first antenatal visit. They are simple to administer and inexpensive, but have a lower test performance compared to the other tests, with moderate sensitivity, low specificity and high false positive rates. The screening glucose challenge test",0.9999758144799804
predictions_K5_gpt-oss-20b.json,An habitual alcohol abuser lost his penis to frostbite after a drunken sexual encounter with a snowman.,FALSE,FALSE,0.25007075450415955,"Heavy Traffic: gets free drinks from the female black bartender, Carole, in exchange for sketches of the somewhat annoying Shorty, Carole's violent, legless bouncer devotee. One of the regular customers at the bar, a nymphomaniac transvestite named Snowflake, gets beaten up by a tough drunk hard-hat who has only just realized that Snowflake is a man in drag and not a beautiful woman. Snowflake loves it, but the drunk causes property damage. Shorty throws the drunk out and the bar's white manager abusively confronts Carole over this. Fed up with her manager, Carole quits. Shorty offers to let Carole stay at his",0.7499292454958406
predictions_K5_gpt-oss-20b.json,"Ebola is real, Congo president tells skeptical population.",TRUE,TRUE,0.9999943514019943,"2017 Democratic Republic of the Congo Ebola virus outbreak: DRC Minister of Public Health, Dr Oly Ilunga Kalenga, declared that the country had passed a 42-day period with no new recorded cases, and therefore the outbreak was over. A subsequent outbreak of Ebola was declared by WHO on 8 May 2018, in the northwest Province of Équateur. The first ""situation report"" from the WHO on 15 May 2017 listed 19 suspected cases and 3 deaths. The first person to request treatment was a 39-year-old male. On 16 May, the WHO indicated that there had been 21 suspected cases and 3 deaths. Approximately 400 additional individuals were being monitored in",0.9999946458940528
predictions_K5_gpt-oss-20b.json,A video investigation showed that Planned Parenthood lies about providing prenatal care.,FALSE,FALSE,0.4848564367863955,"Planned Parenthood 2015 undercover videos controversy: reporter for ""The Wall Street Journal"". The CMP disputed this finding, attributing the alterations to the editing out of ""bathroom breaks and waiting periods."" CMP continues to allege that the videos provide evidence that abortion providers profit from the sale of donated tissue. The videos attracted widespread media coverage, and after the release of the first video, conservative Congressional lawmakers singled out Planned Parenthood and began to push bills that would strip the organization of federal family planning funding. No such attempts by Congress to cut federal family planning money from Planned Parenthood have become law. Conservative politicians in several",0.6867887601908472
predictions_K5_gpt-oss-20b.json,Wyeth Wins U.S. OK to Sell Pristiq for Depression.,TRUE,FALSE,0.017047283378746177,"Wyeth: a large-scale clinical trial for hormone replacement therapy showed that long-term use of progestin and estrogen may increase the risk of strokes, heart attacks, blood clots, and breast cancer. Following these results, Wyeth experienced a significant decline in its sales of Premarin, Prempro (conjugated equine estrogens), and related hormones, from over $2 billion in 2002 to just over $1 billion in 2006. The results from the study were significant enough that Wyeth terminated the trials early due to a fear that their participants may be at risk. Wyeth, as a corporation, filed a ""citizens' complaint"" with the US FDA on",0.9661040303794114
predictions_K5_gpt-oss-20b.json,Jury clears J&J of liability in New Jersey talc cancer case.,TRUE,FALSE,0.36937390074331056,"Levy Konigsberg: landmark talc case against a manufacturer for selling talc that was contaminated with asbestos. The firm secured a jury verdict for a man who developed mesothelioma from working in a factory that manufactured cosmetic talc products between 1967 and 1975. The firm has also litigated asbestos cases against manufacturers and suppliers of asbestos-containing automotive products. In 2008, the firm obtained a $30.3 million jury verdict in Bergen County, New Jersey in a case in which a man died from mesothelioma at the age of 50. The man was exposed to asbestos from working a few summers at a General Motors",0.5656393605929214
predictions_K5_gpt-oss-20b.json,More women are victims of domestic violence on Super Bowl Sunday than on any other day of the year.,FALSE,FALSE,5.639684256228499e-06,"Who Stole Feminism?: Bowl game, went too far in claiming that ""no study shows that Super Bowl Sunday is in any way different from other days in the amount of domestic violence"". Hammer said that Sommers ignored a variety of studies that showed increased domestic violence during the Super Bowl. The anthropologist Melvin Konner wrote that, like Warren Farrell's ""The Myth of Male Power"" (1993), ""Who Stole Feminism?"" is a good antidote to the way in which ""real knowledge about sex roles...tends to get buried in postmodernist rhetoric."" Anne-Marie Kinahan of Wilfrid Laurier University places ""Who Stole Feminism?"" alongside Rene Denfeld's ""The New",0.999994360315744
predictions_K5_gpt-oss-20b.json,"Donald Trump Says 25 percent of U.S. Muslims ""agreed that violence against Americans here in the United States is justified as a part of the global jihad.",FALSE,FALSE,0.24986248388888432,"Loretta Sanchez: about the threat of extremist groups within Islam, Sanchez suggested some experts estimate that ""anywhere between 5 and 20 percent"" of Muslims worldwide supported the creation of a Caliphate to overthrow the United States. Sanchez's comments, which came on the heels of both the recent Islamist terror attack in San Bernardino and 2016 Republican presidential candidate Donald Trump's call to temporarily ban Muslim immigration to the United States, were criticized as contributing to Anti-Muslim sentiment. Sanchez explained that she was merely echoing President Obama's remarks in his December 6, 2015 Oval Office Address wherein he stated: ""Extremist ideology has spread",0.9999227310394511
predictions_K5_gpt-oss-20b.json,"In 2019, California education authorities formulated a policy that, if implemented, would force parents to allow their children to be taught that ""there are 15 genders.",FALSE,FALSE,0.15682797011499355,"National Organization for Marriage: 2014 California ballot of a law addressing the rights of transgender students. The law, AB 1266, allows students to play on school sports teams and to use school bathrooms that accord with their gender identity. Brown said that ""Opening our most vulnerable areas at school including showers, bathrooms and changing rooms to members of the opposite sex is politically-correct madness that risks the privacy and security of our children and grandchildren."" On February 24, 2014, the California secretary of state's office reported that the proposition had failed to gather enough valid signatures to qualify for the November election. NOM president",0.686145909269451
predictions_K5_gpt-oss-20b.json,Trading tires: How the West fuels a waste crisis in Asia.,TRUE,TRUE,0.9999978031631312,"Global waste trade: which is occurring mainly in Asia. Industrialized countries seeking to retire used vessels find it cheaper to send these ships to Asia for dismantling. China and Bangladesh are seen as the two hubs of shipbreaking in Asia. One of the main issues lies in the fact that these ships which are now too aged to continue, were constructed at a time with less environmental regulation. In an environmental fact sheet, researchers demonstrate the immense impact this new toxic trade sector has on workers and the environment. For one, the older ships contain health-damaging substances such as asbestos, lead oxide, zinc",0.9999993778623217
predictions_K5_gpt-oss-20b.json,A video shows the fluff of poplar trees burning across a field in Spain. ,TRUE,FALSE,0.3636975004351718,"Davie Poplar: damaged by Hurricane Fran. A fire was set and a small device was detonated at the base of Davie Poplar on November 2, 2017, producing a small fire ball and scorching the side of the tree. The explosion caused minor injuries to Dr. Daniel Reichart who tried to stomp out the fire. Davie Poplar Davie Poplar is a large tulip poplar tree located in McCorkle Place on the campus of the University of North Carolina at Chapel Hill. Named in honor of Revolutionary War general and university founder William Richardson Davie, the tree is approximately 300 to 375 years old.",0.5909392819259969
predictions_K5_gpt-oss-20b.json,US biologists eye unusual deaths of Alaska ice seals.,TRUE,TRUE,0.9996767839582734,"Mass mortality event: An analysis of such events from 1940 to 2012 found that these events have become more common for birds, fish and marine invertebrates, but have declined for amphibians and reptiles and not changed for mammals. Harbour Seals (1988) In 1988, the death of 20,000 harbour seals in the North Sea was found to be due to phocine distemper virus. Ten years later two bacteria were implicated in the death of 1600 New Zealand sea lions. On Marion Island in 2007, some 250–300 adult male Subantarctic fur seal died in a two-week period. It was suggested but not proven that this",0.9994770254587766
predictions_K5_gpt-oss-20b.json,Biogen's secret campaign to bring its Alzheimer's drug back from the ashes.,TRUE,FALSE,0.03167034153095265,"Alzheimer's disease research: peptide. A gamma secretase inhibitor, semagacestat, failed to show any benefit to Alzheimer's disease patients in clinical trials. Tarenflurbil (MPC-7869, formerly R-flubiprofen) is a gamma secretase modulator sometimes called a selective amyloid beta 42 lowering agent. It is believed to reduce the production of the toxic amyloid beta in favor of shorter forms of the peptide. Negative results were announced regarding tarenflurbil in July 2008 and further development was canceled. , Amgen and Novartis had entered into a co-development agreement to progress the oral beta secretase inhibitor CNP520. PBT2 is an 8-hydroxy quinoline that removes copper and zinc from cerebrospinal",0.9367236387468326
predictions_K5_gpt-oss-20b.json,Officials worry about Nebraska children’s health care fund.,TRUE,TRUE,0.9167667761911388,"Ben Nelson: reimbursement scheme was derided by the measure's opponents as the ""Cornhusker Kickback"". Among those denouncing the provision was Dave Heineman, Nebraska's Republican governor. To these criticisms, Nelson responded that he had been attempting to eliminate an unfunded federal mandate upon the states, and that the Nebraska item was a ""placeholder"", intended from the start to be replaced by a revision that would provide reimbursement for the increased Medicaid costs of all states. Pro-life organizations also responded negatively to Nelson's vote. Nebraska Right to Life decried the anti-abortion language in the health-care bill as ""bogus"", and in April 2010 declared that",0.833346482710999
predictions_K5_gpt-oss-20b.json,"Regarding the surgery that saved Jimmy Kimmel's son, ""Medicaid has stopped providing this kind of service.",FALSE,FALSE,0.0001079897205504172,"Jimmy Kimmel test: for the Affordable Care Act, the American Health Care Act (AHCA). The bill was withdrawn on March 24, 2017 after it was certain that the House would fail to garner enough votes to pass it. The result was in-fighting within the Republican Party. However, deliberations on the American Health Care Act continued. William (""Billy"") John Kimmel, the son of comedian and late-night talk show host Jimmy Kimmel, was born on April 21, 2017. The infant was born with a rare congenital heart defect, tetralogy of Fallot (TOF) with pulmonary atresia, which was first detected by a nurse who noticed his",0.9999823013556781
predictions_K5_gpt-oss-20b.json,The snakehead fish can survive on land. ,TRUE,TRUE,0.5001103142031521,"Snakehead (fish): TV series ""River Monsters"", Jeremy Wade shows a dramatization of a snakehead, ""the fish from hell"", stalking an unsuspecting baby and Chihuahua. With the help of a snakehead researcher, however, Wade shows that although it is capable of living outside of water and is able to move on land, its weak pectoral muscles make movement difficult and render the snakehead an unlikely ""stalker"" on land. Snakehead (fish) The snakeheads are members of the freshwater perciform fish family Channidae, native to parts of Africa and Asia. These elongated, predatory fish are distinguished by their long dorsal fins, large mouths, and shiny",0.9999779375687473
predictions_K5_gpt-oss-20b.json,WWE wrestler Ric Flair was declared brain dead on 16 May 2019. ,FALSE,TRUE,0.984254581482537,"Ron Bass (wrestler): in Florida's construction market. He also became an Amway salesman in the Tampa area. He had one son. In July 2016, Heard was named part of a class action lawsuit filed against WWE which alleged that wrestlers incurred traumatic brain injuries during their tenure and that the company concealed the risks of injury. The suit is litigated by attorney Konstantine Kyros, who has been involved in a number of other lawsuits against WWE. In March 2017, Heard was hospitalized due to a burst appendix. He died on March 7 at the age of 68 due to complications following surgery. Ron",0.9687082708998425
predictions_K5_gpt-oss-20b.json,China reports one more H7N9 bird flu death.,TRUE,TRUE,0.5000004451018193,"Avian influenza: thought that infections may pick up again when the weather turns cooler in China. In the four years from early 2013 to early 2017, 916 lab-confirmed human cases of H7N9 were reported to WHO. On 9 January 2017, the National Health and Family Planning Commission of China reported to WHO 106 cases which occurred from late November through December. 29, 2016. The cases are reported from Jiangsu (52), Zhejiang (21), Anhui (14), Guangdong (14), Shanghai (2), Fujian (2) and Hunan (1). 80 of these 106 persons have visited live poultry markets. Of these cases, there have been 35 deaths. In",0.9999786971253504
predictions_K5_gpt-oss-20b.json,"Johns Hopkins Hospital issued a ""cancer update"" detailing how cancer spreads and recommending methods for treating the disease.",FALSE,TRUE,0.9998011441627518,"Denis Wirtz: Initiative, and David Peters’ Global Health Signature Initiative. Wirtz also directs the Johns Hopkins Physical Sciences-Oncology Center (PSOC), also known as the Johns Hopkins Engineering in Oncology Center, which is part of a network of twelve centers in the United States funded by the National Institutes of Health’s National Cancer Institute to link the physical sciences with the study of cancer. When the center was established with a $14.8M grant in 2009, Wirtz stated, “""For too long, not enough room has been made for nonconventional and nonbiological concepts borrowed from modern physics and engineering to tackle this disease. It is",0.9998436083594605
predictions_K5_gpt-oss-20b.json,Claims of virgin births in U.S. near 1 percent: study.,TRUE,FALSE,0.46878879903212717,"United States: 15 per 1,000 women aged 15–44 remain higher than those of most Western nations. In 2013, the average age at first birth was 26 and 40.6% of births were to unmarried women. The total fertility rate (TFR) in 2016 was 1.82 births per 1000 woman. Adoption in the United States is common and relatively easy from a legal point of view (compared to other Western countries). In 2001, with over 127,000 adoptions, the U.S. accounted for nearly half of the total number of adoptions worldwide. Same-sex marriage is legal nationwide, owing to the Supreme Court's 2015 decision in ""Obergefell v.",0.9998132091578181
predictions_K5_gpt-oss-20b.json,Mobile clinics seen as way to cut U.S. health bill.,TRUE,FALSE,0.00012430333183577748,"Mobiles for development: that benefits everyone."" According to a report by InfoDev, “[h]ealth conditions in rural areas are generally poorer, and access to information, services, and supplies is most limited.” With the rapid worldwide adoption of mobile technology, a range of health-related areas such as the improvement of public health information dissemination, the facilitation of remote consultation, diagnosis, and treatment, the sharing of a patient’s health information between health professional, and the monitoring and increased efficiency of public health systems have adopted and benefited from mobile based practices. Studies have suggested that the use of mobile capabilities such as text message reminders regarding",0.9999980348615332
predictions_K5_gpt-oss-20b.json,Chance the Rapper giving $1M to boost mental health services.,TRUE,TRUE,0.58641254734011,"Darrell Steinberg: extended mental health treatment. The Mental Health Services Act has proven to be a cost effective way to address mental health care. A 2012 report found that every dollar spent of mental health services in California saved roughly $0.88 in costs to criminal justice and health, and housing services by reducing the number of arrests, incarcerations, ER visits, and hospitalizations. Steinberg is married to his wife Julie and has two children: daughter Jordana and son Ari. They live in the Pocket-Greenhaven neighborhood of Sacramento. Darrell Steinberg Darrell Steven Steinberg (born October 15, 1959) is an American politician and attorney who",0.9446027997120422
predictions_K5_gpt-oss-20b.json,Britain gives scientist go-ahead to genetically modify human embryos.,TRUE,FALSE,0.49980199401976005,"Mary Warnock, Baroness Warnock: this occasion gave rise to the Human Fertilisation and Embryology Act 1990, which governs human fertility treatment and experimentation using human embryos. Its effect has been to require licensing for procedures such as in vitro fertilisation and to ban research using human embryos more than 14 days old. According to Dame Susan Leather, a former chair of the Human Fertilisation and Embryology Authority, ""perhaps the greatest achievement of the Warnock committee is that it managed to get an ethical consensus that people understood as well as shared"". From 1984 to 1989, Warnock chaired a Home Office Committee on animal experimentation",0.9999999057347931
predictions_K5_gpt-oss-20b.json,"Donald Trump Jr. tweeted, ""Do you know what's deplorable? Being impeached!"" to the Clintons in September 2016.",TRUE,TRUE,0.9999997533114047,"2016 United States presidential election: November 6, he notified Congress that the new emails did not change the FBI's earlier conclusion. Also, on September 9, 2016, Clinton stated: ""You know, just to be grossly generalistic, you could put half of Trump's supporters into what I call the basket of deplorables. They're racist, sexist, homophobic, xenophobic, Islamophobic—you name it."" Donald Trump criticized Clinton's remark as insulting his supporters. The following day Clinton expressed regret for saying ""half"", while insisting that Trump had deplorably amplified ""hateful views and voices"". Previously on August 25, 2016, Clinton gave a speech criticizing Trump's campaign for using ""racist lies"" and allowing",0.9999999663452387
predictions_K5_gpt-oss-20b.json,New drugs show rare promise against advanced breast cancer.,TRUE,TRUE,0.9412022651877726,"Masato Tanabe: A compound discovered in a previous contract from NIH showed potential - it acted like ""anti-estrogen"" in the breasts and uterus but like normal estrogen elsewhere in the body, and were thus more ""tissue-selective"". A contract was proposed to Taiho Pharmaceutical in July 1996, and within six years and slightly under $3 million (an unusually short amount of time) two new drugs were discovered and tested on people (particularly people for which tamoxifen has failed): SR16234 and SR16287. The first of those, SR16234, also inhibited the growth of blood vessels (angiogenesis) and accelerated the death of cancer cells (apoptosis) and",0.8824550557141424
predictions_K5_gpt-oss-20b.json,House protects pizza as a vegetable.,TRUE,TRUE,0.9999907250043951,"Ketchup as a vegetable: a bill that barred the USDA from changing its nutritional guidelines for school lunches. The proposed changes would have limited the amount of potatoes allowed in lunches, required more green vegetables, and declared a half-cup of tomato paste to count as a serving of vegetables, rather than the current standard of 2 tablespoons. The blocking of these proposed higher standards meant that the smaller amount of tomato paste in pizza could continue to be counted as a vegetable in school lunches. The move resulted in widespread mockery, with headlines saying Congress had declared pizza to be a vegetable. The blocking",0.9999887519338345
predictions_K5_gpt-oss-20b.json,"Ken Paxton Says Barack Obama ""acknowledged over 20 times"" that his administration’s Deferred Action for Parents of Americans ""immigration edict was a violation of law and the separation of powers.",FALSE,FALSE,0.0282055499766626,"Deferred Action for Parents of Americans: President Barack Obama, along with a number of immigration reform steps including increased resources for border enforcement, new procedures for high-skilled immigrants, and an expansion of the existing Deferred Action for Childhood Arrivals (DACA) program. Several states have filed lawsuits against the federal government, arguing that DAPA violates the Constitution and federal statutes. A temporary injunction was issued in February 2015, blocking the program from going into effect while the lawsuit proceeds. A U.S. Supreme Court 4–4 split decision in June 2016 effectively left the block in place. On June 15, 2017, the Trump Administration announced that it was rescinding",0.9859240041661357
predictions_K5_gpt-oss-20b.json,Tuberculosis infection found at University of Mississippi.,TRUE,TRUE,0.8749766143187446,"Healthcare in Norway: and infections by antibiotic-resistant bacteria. Tuberculosis is the most infectious disease worldwide, and is a major challenge in global health care. However, in Norway, the decline in the number of tuberculosis cases continues. By 2017, a total of 261 patients with tuberculosis disease were reported to the Public Health Institute. This is a decline from the previous years. During the last twenty years, the highest number of patients with tuberculosis was 392 in 2013 . It makes Norway one of the countries with the lowest tuberculosis presence in the world. Differences in the global disease burden of tuberculosis are also",0.8749766143187446
predictions_K5_gpt-oss-20b.json,"‘Critical moment’ for firms amid retirements, opioid crisis.",TRUE,TRUE,0.9998917833477562,"Opioid epidemic: those deaths from opioids. In 2016, the crisis decreased overall life expectancy of Americans for the second consecutive year. Overall life expectancy fell from 78.7 to 78.6 years. Men were disproportionately more affected due to higher overdose death rates, with life expectancy declining from 76.3 to 76.1 years. Women's life expectancy remained stable at 81.1 years. What the U.S. Surgeon General dubbed ""The Opioid Crisis"" likely began with over-prescription of opioids in the 1990s, which led to them becoming the most prescribed class of medications in the United States. Opioids initiated for post surgery or pain management are one of",0.9999821757863752
predictions_K5_gpt-oss-20b.json,Eating more fish could prevent Parkinson's disease,FALSE,TRUE,0.7261737939125248,"Seasonal affective disorder: be attributed to the large amount of fish traditionally eaten by Icelandic people, in 2007 about 90 kilograms per person per year as opposed to about 24 kg in the US and Canada, rather than to genetic predisposition; a similar anomaly is noted in Japan, where annual fish consumption in recent years averages about 60 kg per capita. Fish are high in vitamin D. Fish also contain docosahexaenoic acid (DHA), which help with a variety of neurological dysfunctions. In the United States, a diagnosis of seasonal affective disorder was first proposed by Norman E. Rosenthal, M.D. in 1984. Rosenthal wondered",0.9719521813329464
predictions_K5_gpt-oss-20b.json,Eleven states have banned the use of electronic cigarettes inside cars.,FALSE,TRUE,0.9998919001907585,"Regulation of electronic cigarettes: 2015, five US states and over 400 counties have implemented some form of restriction of ECIG use indoors. International policies are more varied with certain restrictions for ECIG use in UK airports and trains and reports of complete ECIG bans in indoor public places for Malta, Belgium and Spain"". San Francisco banned the sale of flavored e-liquids in 2018. They are the first city in the US to enact such a ban. (see also Electronic cigarettes in Australia): The Federal Department of Health and Ageing classifies every form of nicotine, except for replacement therapies and cigarettes, as a form of",0.9999822012349711
predictions_K5_gpt-oss-20b.json,A video shows two people waving guns at protesters in front of their home. ,TRUE,TRUE,0.8748923406726904,"Three Billboards Outside Ebbing, Missouri: death of two women as a result of domestic violence. Both McDormand and McDonagh have responded positively to the protests, with McDonagh saying ""You couldn't ask for anything more than for an angry film to be adopted by protests,"" and McDormand saying she is ""thrilled that activists all over the world have been inspired by the set decoration of the three billboards in Martin's film."" On March 24, 2018, signs inspired by ""Three Billboards"" appeared at March for Our Lives gun safety rallies across the US and around the world. Wang Qishan, China's vice-president, said that he understood supporters of",0.749982897644584
predictions_K5_gpt-oss-20b.json,Canadians worried by plan to let Americans import drugs.,TRUE,FALSE,0.21929007767093558,"Canada–United States trade relations: of US$10.5 billion cost to businesses in delays and uncertain travel time have affected trade. One ongoing and complex trade issue involves the importation of cheaper prescription drugs from Canada to the United States. Due to the Canadian government's price controls as part of their Single-payer medical system, prices for prescription drugs can be a fraction of the price paid by consumers in the unregulated U.S. market. While laws in the United States have been passed at the national level against such sales, specific state and local governments have passed their own legislation to allow the trade to continue. American",0.999987197873023
predictions_K5_gpt-oss-20b.json,Robotic surgeries costlier but safer: study,TRUE,TRUE,0.6327209807537632,"Robot-assisted surgery: hernia repair, kasai portoenterostomy, congenital diaphragmatic hernia repair, and others. Robotic devices started to be used in minimally invasive spine surgery starting in the mid-2000s. As of 2014, there were too few randomized clinical trials to allow judgements as to whether robotic spine surgery is more or less safe than other approaches. Transplant surgery (organ transplantation) has been considered as highly technically demanding and virtually unobtainable by means of conventional laparoscopy. For many years, transplant patients were unable to benefit from the advantages of minimally invasive surgery. The development of robotic technology and its associated high resolution capabilities, three dimensional",0.9965505505015528
predictions_K5_gpt-oss-20b.json,"On Syria, ""a lot of the allies signed on. At the last minute, Obama backed off.",FALSE,FALSE,0.3748543452895668,"Presidency of Barack Obama: soldiers, while continuing to oppose Assad's regime. The Obama administration also cooperated with Syrian Kurds in opposing the ISIL, straining relations with Turkey, which accused the Syrian Kurds of working with the Kurdish terrorist groups inside Turkey. Russia launched its own military intervention to aid Assad's regime, creating a complicated multi-party proxy war, though the United States and Russia sometimes cooperated to fight ISIL. In November 2015, Obama announced a plan to resettle at least 10,000 Syrian refugees in the United States. Obama's ""light-footprint"" approach to the Syrian conflict was criticized by many as the Syrian Civil War became a",0.9760213015527865
predictions_K5_gpt-oss-20b.json,Testosterone gel linked to heart problems.,TRUE,FALSE,0.00024556610489989017,"Testosterone and the cardiovascular system: of coronary artery disease. Further research is required to determine the full extent to which testosterone replacement therapy in aging men plays a role in the risk and/or advantage of cardiovascular occurrences. Testosterone and the cardiovascular system The predominant androgen in men, testosterone, has shown to substantially decline throughout the aging process. The decline in both serum and total testosterone with age have been linked to several disease states in men. In particular, cardiac failure and ischemic heart disease have been linked to this natural biochemical decline in testosterone. Previously, the higher cardiovascular risk in men has been attributed in",0.999755956531038
predictions_K5_gpt-oss-20b.json,"Waste not, want not: P&G venture aims to squeeze new life out of Italy's dirty diapers.",TRUE,TRUE,0.9998853082400154,"Waste Italia: Waste Italia Waste Italia S.p.A. is a leading company in Italy in the environmental field that deals with collection, treatment and disposal of non-hazardous waste. Waste Italia was founded in 2000 by the acquisition by some Italian businessmen, including Pietro Colucci, of the American company Waste Management Inc.. In 2014 Waste Italia joined Kinexia SpA, through the reverse merger that led Kinexia to merge with Sostenya and its subsidiary Waste Italia. The company adopts an integrated quality and environmental management that meets international standards UNI EN ISO 9001 and ISO 14001, certified by ANCIS (National Association for the Certification and",0.9999937934122408
predictions_K5_gpt-oss-20b.json,Missouri faces vaccination hesitancy amid measles case.,TRUE,TRUE,0.9998919934672633,"Epidemiology of measles: schedule or discourage vaccination, among them Bob Sears and Jay Gordon for reducing vaccination rates and thus weakening herd immunity, and creating a situation in which an outbreak was more likely. California passed a mandatory vaccination law in June 2015. In Spring 2015, a death of an immune-suppressed woman in Washington State caused by measles was diagnosed after autopsy. This was the first U.S. measles death since 2003. In spring 2017, a measles outbreak occurred in Minnesota. As of June 16, 78 cases of measles had been confirmed in the state, 71 were unvaccinated and 65 were Somali-Americans. The outbreak",0.9999834397128092
predictions_K5_gpt-oss-20b.json,"Southeast Asian nations, among worst ocean polluters, aim to curb plastic debris.",TRUE,TRUE,0.9999799769100128,"Indian Ocean garbage patch: Atlantic gyres. On the Indian Ocean leg of their trip, they travelled between Perth, Australia, and Port Louis, Mauritius (east of Madagascar); each of the water samples they collected in the between contained plastic. They found that the South Atlantic, South Pacific, and Indian Ocean gyres were affected in the same way as the North Pacific and North Atlantic gyres. Anna Cummins, cofounder of 5 Gyres Institute called the pollution they found ""a thin plastic soup"". On April 11, 2013, in order to create awareness, artist Maria Cristina Finucci founded The garbage patch state at UNESCO –Paris in front of",0.9999948753212436
predictions_K5_gpt-oss-20b.json,Senators: Double funding for universal flu vaccine research.,TRUE,TRUE,0.7501247635510987,"Influenza research: H5N1 contained, limiting its speed and extent of mutation, and buying time for new flu vaccine manufacturing methods and factories to come on line so that when the next flu pandemic happens the death toll can be minimized. See Prospects for universal flu vaccines The US government on May 4, 2006 awarded five-year contracts for ""more than $1 billion to five drug manufacturers developing technology for speedier mass production of vaccines in the event of a pandemic"" from the $3.8 billion pandemic preparedness bill passed in 2005. ""The federal government says its goal is to be able to distribute a",0.9999825359763621
predictions_K5_gpt-oss-20b.json,Jury awards more than $70M to woman in baby powder lawsuit.,TRUE,TRUE,0.9999573814201004,"Talc: years before being diagnosed with ovarian cancer in 2011. In October 2016, a St. Louis jury awarded $70.1 million to a Californian woman with ovarian cancer who had used Johnson's Baby Powder for 45 years. In August 2017, a Los Angeles jury awarded $417 million to a Californian woman, Eva Echeverria, who developed ovarian cancer as a ""proximate result of the unreasonably dangerous and defective nature of talcum powder"", her lawsuit against Johnson & Johnson stated. At least 1,200 to 2,000 other talcum powder-related lawsuits are pending. On 20 October 2017, Los Angeles Superior Court judge Maren Nelson, dismissed the",0.9999491458577574
predictions_K5_gpt-oss-20b.json,"Students at Emory University were offered ""emergency counseling"" after pro-Trump graffiti appeared overnight in campus ""safe spaces.",FALSE,FALSE,0.2501264786222622,"Students for Trump: and April 2016, college students at universities across the United States used chalk to write slogans in support of Donald Trump's presidential campaign. The event was publicized on Twitter by Dan Scavino and the Students for Trump official account. The event, and ensuing student reaction, led to DePaul University to ban the use of chalk on campus property. On May 9, 2016, a group of students at the University of Washington constructed an 8'x10' ""Trump Wall"" out of plywood and lumber in the center of the Red Square courtyard. The event, led by UW College Republicans president Jessie Gamble, UW",0.9999961886341732
predictions_K5_gpt-oss-20b.json,Massachusetts lawmakers weigh ‘Medicare for all’ bill.,TRUE,TRUE,0.8000418376171583,"Massachusetts health care reform: to operate an expanded Medicaid program. Under the existing waiver, the state was receiving $385 million in federal funds to reimburse hospitals for services provided to the uninsured. The free care pool had to be restructured so that individuals, rather than institutions, received the funding. Then-U.S. Senator Edward Kennedy (D-MA) made a special effort to broker a compromise between the Republican Governor and the Democratic State Legislature. In Fall 2005, the House and Senate each passed health care insurance reform bills. The legislature made a number of changes to Governor Romney's original proposal, including expanding MassHealth (Medicaid and SCHIP) coverage",0.9999070414996714
predictions_K5_gpt-oss-20b.json,"Dr. Leon Eisenberg, the ‘father’ of ADHD, said just before his death that ADHD ‘is a prime example of a fictitious disease.’",TRUE,TRUE,0.9999652770490474,"Leon Eisenberg: timely, and concerned working scientists. A 2012 article in the German weekly publication ""Der Spiegel"" gives an account of an interview Eisenberg gave in 2009, seven months before his death. It quotes him as saying, ""ADHD is a prime example of a fabricated disease. ... The genetic predisposition to ADHD is completely overrated."" Instead of prescribing a 'pill', Eisenberg said, psychiatrists should determine whether there are psychosocial reasons that could lead to behavioral problems. Many of Leon Eisenberg's books and papers have been translated into both European and non-European languages and have been widely cited. Kleinman A, Eisenberg L, Desjarlais",0.9999946342145506
predictions_K5_gpt-oss-20b.json,China to ban smoking at indoor public places.,TRUE,TRUE,0.9999791559599489,"Smoking in China: ban of smoking in public places. With an explicitly stated objective of ""building smoke-free environments for the sake of enjoying healthy life"", the report has received strong support and praise from the Campaign for Tobacco-Free Kids, a U.S. health advocacy group based in Washington, D.C. In addition, the report suggested a strong likelihood of success for the implementation of complete public smoking bans in seven major urban areas on the basis of demonstrated widespread popular support for such measures. According to an analysis by the Campaign for Tobacco-Free Kids, polling data in the Ministry of Health report revealed: ""Overwhelming public",0.9999773403865533
predictions_K5_gpt-oss-20b.json,This Blood Test Could Help Predict If A Pregnancy Is At Risk For Premature Labor,TRUE,TRUE,0.9999110255554923,"Preterm birth: preterm labor. Specifically, the PPV, or positive predictive value, of the tests were 76%, 29%, and 30% for PAMG-1, fFN and CL, respectively (P < 0.01). Fetal fibronectin (fFN) has become an important biomarker—the presence of this glycoprotein in the cervical or vaginal secretions indicates that the border between the chorion and deciduas has been disrupted. A positive test indicates an increased risk of preterm birth, and a negative test has a high predictive value. It has been shown that only 1% of women in questionable cases of preterm labor delivered within the next week when the test was negative.",0.999916487825171
predictions_K5_gpt-oss-20b.json,VA will provide in-home care for Iraq veteran.,TRUE,TRUE,0.9998951083361606,"Veterans Health Administration: from previous conflicts. All community based Vet Centers provide readjustment counseling, outreach services and referral services to help veterans make a satisfying post-war readjustment to civilian life. Services are also available for their family members for military related issues. Vet Centers are staffed with small multidisciplinary teams some of whom are combat veterans themselves. The Operation Enduring Freedom/Operation Iraqi Freedom/Operation New Dawn (OEF/OIF/OND) Care Management Team helps returning service members achieve a smooth transition of health care services. A specialized OEF/OIF/OND care management team provides case management and care coordination for all severely ill, injured and impaired combat veterans, including",0.9999949287573852
predictions_K5_gpt-oss-20b.json,"Chondroitin of little help for arthritis, study says",TRUE,TRUE,0.9999773886705355,"Clinical trials on glucosamine and chondroitin: ways that glucosamine hydrochloride is not. The Osteoarthritis Research Society International advises arthritis sufferers to discontinue glucosamine therapy if they notice no benefit within six months and the National Institute of Clinical Excellence no longer recommends its use. Despite the difficulty in determining the efficacy of glucosamine, it remains a viable treatment option. Similar trials have been done with chondroitin. In general, the clinical trials of the mid-1990s that furnished positive results showing glucosamine efficacy were later deemed to be of poor quality due to shortcomings in their methods, including small size, short duration, poor analysis of drop-outs, and unclear",0.9999773886705355
predictions_K5_gpt-oss-20b.json,French foie gras makers worry as bird flu spreads in Europe.,TRUE,TRUE,0.9998977775889814,"Foie gras: producing 72% of world foie gras production of which 97% was from ducks. In 2015, it was reported that in France, sales of foie gras may be waning and an OpinionWay poll found that 47% of the French population supported a ban on force-feeding. In 2016, it was reported that France produces an estimated 75% of the world's foie gras and southwestern France produces approximately 70% of that total. In 2016, it can retail for upwards of $65 a pound. In late 2015, there were several outbreaks of the highly contagious H5N1 bird flu in France, which escalated during 2016.",0.9999854566385024
predictions_K5_gpt-oss-20b.json,"Half of all adults have a pre-existing condition"" that could affect their health care coverage.",TRUE,FALSE,2.5324199513892268e-05,"Pre-existing condition: Pre-existing condition In the context of healthcare in the United States, a pre-existing condition is a medical condition that started before a person's health benefits went into effect. Before 2014 some insurance policies would not cover expenses due to pre-existing conditions. These exclusions by the insurance industry were meant to cope with adverse selection by potential customers. Such exclusions have been prohibited since January 1, 2014, by the Patient Protection and Affordable Care Act. According to the Kaiser Family Foundation, more than a quarter of adults below the age of 65 (approximately 52 million people) had pre-existing conditions in 2016.",0.9999794360260119
predictions_K5_gpt-oss-20b.json,"An increase in documented cases of people ""scromiting"" (screaming while vomiting) is linked to chronic heavy marijuana use.",TRUE,TRUE,0.9999785806389778,"Effects of cannabis: at Johns Hopkins University School of Medicine showed that very heavy use of marijuana is associated with decrements in neurocognitive performance even after 28 days of abstinence. The feeling of increased appetite following the use of cannabis has been documented for hundreds of years, and is known colloquially as ""the munchies"" in the English-speaking world. Clinical studies and survey data have found that cannabis increases food enjoyment and interest in food. A 2015 study suggests that cannabis triggers uncharacteristic behaviour in POMC neurons, which are usually associated with decreasing hunger. Rarely, chronic users experience a severe vomiting disorder, cannabinoid hyperemesis",0.9999785893615719
predictions_K5_gpt-oss-20b.json, Pro-life activists say Girl Scout cookie sales benefit Planned Parenthood and have called for a boycott.  ,FALSE,TRUE,0.6551421334683679,"Girl Scout Cookies: they discovered that the Girl Scout Cookies contained palm oil, an ingredient that results in rainforest destruction and human rights abuses, the two girls launched a variety of campaigns in order to convince the GSUSA to remove this ingredient from their cookies. Vorva and Tomtishen were awarded the UN Forest Heroes Award in 2011. Girl Scout Cookies Girl Scout Cookies are cookies sold by Girl Scouts of the United States of America (GSUSA) as one of its major fundraisers for local Scout units. The Girls Scout Cookie Program is the largest girl-run and girl-led financial literacy program in the world,",0.8799461992971689
predictions_K5_gpt-oss-20b.json,Authorities in Kenya warned of a new outbreak of HPV that spreads through kissing and is deadlier than HIV/Aids.,FALSE,FALSE,0.2500012576139032,"Marburg virus disease: South Africa. His girlfriend and an attending nurse were subsequently infected with MVD, but survived. A case of MARV infection occurred in 1980 in Kenya. A French man, who worked as an electrical engineer in a sugar factory in Nzoia (close to Bungoma) at the base of Mount Elgon (which contains Kitum Cave), became infected by unknown means and died shortly after admission to Nairobi Hospital. The attending physician contracted MVD, but survived. A popular science account of these cases can be found in Richard Preston’s book ""The Hot Zone"" (the French man is referred to under the pseudonym “Charles",0.9284624407915233
predictions_K5_gpt-oss-20b.json,FDA launching major anti-tobacco campaign aimed at youth.,TRUE,TRUE,0.9998920971584072,"Truth (anti-tobacco campaign): concept of uniting youth in a movement against tobacco companies promoted through grassroots advocacy and a youth-driven advertising campaign. In March 1998, student delegates at a meeting sponsored by Florida's Office of Tobacco Control voted to change the theme of the campaign to ""truth, a generation united against tobacco."" In April 1998, Florida launched a $25 million advertising campaign that included 33 television commercials, seven billboards, eight print ads and four posters. With a target audience of youth aged 12–17, the Florida ""truth"" campaign modeled their approach after commercial marketing to teens, and used messages that ""attacked the [tobacco] industry",0.999982842980737
predictions_K5_gpt-oss-20b.json,There's a promising new HIV vaccine candidate in the pipeline,TRUE,TRUE,0.500110537416466,"HIV/AIDS in China: an effective vaccine that can offer long-term protection against the wide spectrum of HIV variants that exist. Despite the fact that there are now more than 30 vaccine candidates in clinical trials (in the world), and three of these are in advance stage testing (phase IIb and phase III), many obstacles still lie in the way of the development of a truly effective HIV preventive vaccine. The genetic diversity of HIV presents an enormous challenge for researchers. And, because the virus has the ability to evade neutralizing antibodies produced by natural immunity, the standard vaccine strategy of mimicking natural infection",0.9999778200657585
predictions_K5_gpt-oss-20b.json,"In the Illinois Legislature, Barack Obama ""voted 'present,' instead of yes or no"" on seven votes involving abortion rights.",TRUE,FALSE,0.00010822501608974029,"Social policy of the Barack Obama administration: responded to the question as to when life begins, ""Whether you're looking at it from a theological perspective or a scientific perspective, answering that question with specificity is above my pay grade."" In the Illinois state legislature, Obama opposed the Induced Infant Liability Act and repeatedly voted against requirements and restrictions intended to stop what opponents label as ""born alive"" abortions. Obama said that his opposition was because of technical language he felt might have ""interfered with a woman's right to choose"" and said Illinois law ""already required medical care in such situations."" Obama voted against a bill that would",0.9999822521292926
predictions_K5_gpt-oss-20b.json,"Hillary Clinton threw a tantrum, and a water glass, after NBC's ""Commander-in-Chief"" Forum in September 2016.",FALSE,TRUE,0.9164673265700892,"Great America PAC: the attack, her response was a disgrace."" Great America PAC spent two million dollars to produce the ad. In July 2016, Great America PAC released its third ad entitled ""Leadership"" featuring former New York City Mayor Rudy Giuliani. In the ad, Mayor Giuliani says ""The world must come together and America needs to lead, yet President Barack Obama and Hillary Clinton just wants to stay the course. The incompetence Hillary Clinton displayed during the Benghazi attack and her singular focus on protecting her own reputation proves she is not ready to be commander-in-chief. We face many challenges as a nation,",0.8331341518454597
predictions_K5_gpt-oss-20b.json,"The Baucus health care bill ""could be used to ban guns in home self-defense.",FALSE,FALSE,0.27233548623692205,"Chuck Schumer: to Majority Leader McConnell requesting a meeting between all senators for a discussion on the American Health Care Act, citing the need for both parties to ""come together to find solutions to America's challenges."" Later that month, Schumer estimated the bill had a ""50/50"" chance of passing in the Senate and added that Democrats were doing everything they could to fight the measure, referring to the legislation as ""devastating for the middle class."" While serving in the House of Representatives, Schumer, along with California senator Dianne Feinstein, authored the 1994 Assault Weapons Ban which expired in 2004. The National Rifle",0.9334574579761731
predictions_K5_gpt-oss-20b.json,"As a student at Occidental College in Los Angeles from 1979 to 1981, ""there were days where folks couldn't go outside. … because of all the pollution in the air.",TRUE,TRUE,0.9999241723049871,"History of California 1900–present: by the early 1970s also caused a backlash. With schools being closed routinely in urban areas for ""smog days"" when the ozone levels became too unhealthy and the hills surrounding urban areas seldom visible even within a mile, Californians were ready for changes. Over the next three decades, California enacted some of the strictest anti-smog regulations in the United States and has been a leader in encouraging nonpolluting strategies for various industries, including automobiles. For example, carpool lanes normally allow only vehicles with two/three or more occupants (whether the base number is two or three depends on what freeway you",0.9999154859332862
predictions_K5_gpt-oss-20b.json,Ed Garvey Says he has exposed plans by Wisconsin Gov. Scott Walker to push legislation that would allow the state to declare financial martial law and take over municipal governments.,FALSE,TRUE,0.9999714301942837,"Scott Walker (politician): according to the ""Associated Press"". Walker became a figure of national recognition and controversy after he proposed the ""Wisconsin budget repair bill"" in 2011. The bill, which would eventually be passed by the Wisconsin Legislature, significantly changed the collective bargaining process for most public employees in Wisconsin. Opponents of Walker's actions launched a push for a recall election and received enough support to force an election on June 5, 2012, the first time a Governor of Wisconsin had ever faced recall. During Walker's first term as governor, the state's $3.6 billion budget deficit was turned into a surplus and taxes",0.9999956602871811
predictions_K5_gpt-oss-20b.json,Cancer risk seen with J&J foot gel: FDA.,TRUE,FALSE,0.49999065317447594,"Squamous cell skin cancer: much more aggressive, regardless of their location. The risk of SCC, and non-melanoma skin cancers generally, varies with the immunosuppressive drug regimen chosen. The risk is greatest with calcineurin inhibitors like cyclosporine and tacrolimus, and least with mTOR inhibitors, such as sirolimus and everolimus. The antimetabolites azathioprine and mycophenolic acid have an intermediate risk profile. Diagnosis is confirmed via biopsy of the tissue(s) suspected to be affected by SCC. For the skin, look under skin biopsy. The pathological appearance of a squamous cell cancer varies with the depth of the biopsy. For that reason, a biopsy including the subcutaneous tissue",0.999988355385086
predictions_K5_gpt-oss-20b.json,"“The NFL agreed to give the domestic terror group, BLM, 250 million dollars.”",FALSE,FALSE,1.6378657134855254e-05,"Proposed Los Angeles NFL stadiums: making no progress and now featured a three-way battle between Ovitz, Roski, and newcomer Marvin Davis. Although the league would still entertain an offer from any of the competing Los Angeles groups, the league would now consider an offer from McNair and Houston as well. In the first week of October, Ovitz announced that his group was prepared to offer $540 million for the 32nd NFL franchise to be awarded to Los Angeles. However, later that week, McNair's Houston NFL Holdings proposed a bid of $700 million to the owners for the NFL to award the 32nd franchise to Houston",0.9999973642418953
predictions_K5_gpt-oss-20b.json,China heads into Lunar New Year on shutdown as virus spreads to Europe.,TRUE,TRUE,0.9999990078948815,"2009 flu pandemic in Asia: the China Inspection and Quarantine Science Research Institute, the measures already in place in China against bird flu are sufficient for this new disease, also certain lessons were learned from the 2003 SARS outbreak including that the state-controlled media doesn't cover up such events. 2 May, the Chinese government has decided to suspend flights from Mexico to Shanghai, the Foreign Ministry said. Meanwhile, the Civil Aviation Administration of China also assigned a charter to transport stranded Chinese visitors back home. Among all carriers, China Eastern Airlines was the first choice as it is based in Shanghai, where the original and",0.9999999093289911
predictions_K5_gpt-oss-20b.json,"World must prepare for inevitable next flu pandemic, WHO says.",TRUE,TRUE,0.9999941552726324,"Influenza pandemic: World Health Organization, the European Commission, the National Influenza Centers, and others. In September 2005, David Nabarro, a lead UN health official warned that a bird flu outbreak could happen anytime and had the potential to kill 5–150 million people. The World Health Organization (WHO), believing that the world was closer to another influenza pandemic than it has been any time since 1968, when the last of the 20th century's three pandemics swept the globe, has developed guidelines on pandemic influenza preparedness and response. The March 2005 plan includes guidance on roles and responsibilities in preparedness and response; information on",0.9999933213102781
predictions_K5_gpt-oss-20b.json,"300,000 Floridians have lost their health insurance"" as a result of Obamacare.",FALSE,FALSE,6.216630457465546e-06,"Patient Protection and Affordable Care Act: passed it by reconciliation on March 25, and Obama signed it on March 30. The law has caused a significant reduction in the number and percentage of people without health insurance. The CDC reported that the percentage of people without health insurance fell from 16.0% in 2010 to 8.9% from January to June 2016. The uninsured rate dropped in every congressional district in the U.S. from 2013 to 2015. The Congressional Budget Office reported in March 2016 that there were approximately 12 million people covered by the exchanges (10 million of whom received subsidies to help pay for insurance) and",0.9999948149420107
predictions_K5_gpt-oss-20b.json,Gene therapy shown to destroy leukemia tumors,TRUE,TRUE,0.9999829356862395,"Gene therapy: repeated hematopoietic stem cell transplantation (see also allogeneic stem cell transplantation, allogeneic bone marrow transplantation, allotransplantation) with double-delta-32 mutation which disables the CCR5 receptor. This cure was accepted by the medical community in 2011. It required complete ablation of existing bone marrow, which is very debilitating. In August two of three subjects of a pilot study were confirmed to have been cured from chronic lymphocytic leukemia (CLL). The therapy used genetically modified T cells to attack cells that expressed the CD19 protein to fight the disease. In 2013, the researchers announced that 26 of 59 patients had achieved complete remission",0.9999829332910214
predictions_K5_gpt-oss-20b.json,"Of the top five cities for staged automobile accidents, three are in Florida. … We rank No. 1 in the country in staged auto accidents.",TRUE,TRUE,0.9998916300235215,"Transportation in South Florida: ""first in automotive fatalities, first in pedestrian strikes, first in the obscenity-laced tirades of their fellow drivers."" Subsequently, Florida consistently ranks among the most expensive states for insurance premiums. In 2007, Miami was identified as having the rudest drivers in the United States, the second year in a row to have been cited, in a poll commissioned by automobile club AutoVantage. Miami is also consistently ranked as one of the most dangerous cities in the United States for pedestrians. Furthermore, greater Miami sees regular high speed police pursuits; the culture and geography of Miami and Miami Beach in the 1980s",0.9999819400580505
predictions_K5_gpt-oss-20b.json,Today’s marijuana is 300 percent to 800 percent more potent than the pot of yesteryear.,TRUE,TRUE,0.5,"Cannabis (drug): states have decriminalized and even legalized marijuana. In 2015, almost half of the people in the United States had tried marijuana, 12% had used it in the past year, and 7.3% had used it in the past month. In 2014, daily marijuana use amongst US college students had reached its highest level since records began in 1980, rising from 3.5% in 2007 to 5.9% in 2014 and had surpassed daily cigarette use. In the US, men are over twice as likely to use marijuana as women and 18-29 year-olds are six times more likely to use as over 65-year-olds. In",0.999999912765921
predictions_K5_gpt-oss-20b.json,Pedestrian finds baby alive in bag along Indiana roadway.,TRUE,TRUE,0.9999163553802426,"Purvi Patel: baby in a plastic shopping bag containing bathroom trash and an airline boarding pass with Patel's name."" On her way to a medical facility to get help for her uninterrupted bleeding, Patel ""put the bag containing the baby into a dumpster"". At St. Joseph Regional Medical Center in Mishawaka, Indiana ""[b]ased on the size of the umbilical cord...[examining physicians] Ob/gyn Dr. Tracy Byrne and OB/GYN Dr. Kelly McGuire...determined that 'there had to have been a baby'"". After questioning by both doctors, Patel ""finally acknowledged that she had given birth to a baby and stated that she had put it in",0.9998804568456834
predictions_K5_gpt-oss-20b.json,"Flashing night-lights may help lessen jet lag, circadian problems",TRUE,TRUE,0.9999829187196484,"Jet lag: people match their circadian rhythms with the expected cycle at their destination; it requires strict adherence to timing. Light therapy is a popular method used by professional athletes to reduce jet lag. Special glasses, usually battery-driven, provide light to the eyes, thus inhibiting the production of melatonin in the brain. Timed correctly, the light may contribute to an advance or delay of the circadian phase to that which will be needed at the destination. The glasses may be used on the plane or even before users leave their departure city. Timed melatonin administration may be effective in reducing jet lag",0.9999856290079601
predictions_K5_gpt-oss-20b.json,"Cavs’ Love discloses bouts with panic attacks, mental health.",TRUE,TRUE,0.7912580051387329,"Terry Bradshaw: after games. The problem worsened in the late 1990s after his third divorce, when he said he ""could not bounce back"" as he had after the previous divorces or after a bad game. In addition to anxiety attacks, his symptoms included weight loss, frequent crying, and sleeplessness. He was diagnosed with clinical depression. Since then he has taken Paxil regularly. He chose to speak out about his depression to overcome the stigma associated with it and to urge others to seek help. Bradshaw's anxieties about appearing in public, away from the controlled environment of a television studio, led to an",0.9564038224768178
predictions_K5_gpt-oss-20b.json,"Tests show King Tut died from malaria, study says.",TRUE,FALSE,0.49155240842739656,"Tutankhamun: syndrome) or Marfan syndrome, but an accumulation of malformations in Tutankhamun's family was evident. Several pathologies including Köhler disease II were diagnosed in Tutankhamun; none alone would have caused death. Genetic testing for STEVOR, AMA1, or MSP1 genes specific for ""Plasmodium falciparum"" revealed indications of malaria tropica in 4 mummies, including Tutankhamun's. However, their exact contribution to the causality of his death still is highly debated. As stated above, the team discovered DNA from several strains of a parasite proving he was infected with the most severe strain of malaria several times in his short life. Malaria can trigger circulatory",0.995471167130135
predictions_K5_gpt-oss-20b.json,NH to apply for Medicaid waiver on mental health treatment.,TRUE,TRUE,0.999964170415227,"Mental health reform in North Carolina: Mental health reform in North Carolina The state of North Carolina is undertaking a comprehensive policy shift on how the government budgets for and manages resources for mental health, developmental disability, and substance abuse services. The 1915 (b)(c) Medicaid Waiver Program was chosen by the North Carolina Department of Health & Human Services, Division of Medical Assistance as a way to control and more accurately budget for the rising costs of Medicaid funded services. The 1915 (b)(c) Waiver Program was initially implemented at one pilot site in 2005 and evaluated for several years. Two expansion sites were then added in",0.9999946488874544
predictions_K5_gpt-oss-20b.json,"Steve Scalise Says Ady Barkan asked Joe Biden, “Do we agree that we can redirect some of the funding for police?”",FALSE,FALSE,0.08353267342991078,"Steve Scalise: installing new locks, lights, metal detectors and panic buttons. A separate spending bill would be required to provide money for the grant program. Scalise supported President Donald Trump's 2017 executive order temporarily banning on citizens of seven Muslim-majority countries from entering the U.S. He stated that ""It's very prudent to say, 'Let's be careful about who comes into our country to make sure that they're not terrorists.'"" Scalise does not believe that federal funding should support organizations that offer abortions unless the pregnancy threatens a mother's life. Scalise has a ""D"" rating from NORML for his voting history regarding cannabis-related",0.8331341518454597
predictions_K5_gpt-oss-20b.json,"Taiwan's carrot-and-stick approach to virus fight wins praise, but strains showing.",TRUE,FALSE,0.00010861414401160208,"Carrot yellow-leaf virus: other carrots in the patch. Using pesticides to kill aphids or nets to trap them will also limit the spread of the virus to other patches. For classifying the Carrot yellow-leaf virus, the Baltimore system and the International Committee of Taxonomy of Viruses system classifies this virus as closteroviridae, or a closterovirus. The +ssRNA genome is 15.5 to 19.3 kb, contains a 3’ terminus, and does not have a poly(A) tract. The 5’ terminus commonly has a methylated nucleotide cap. The virus genome is 1250-2200 nm in length and 10-13 nm in diameter. In order to replicate, the carrot yellow",0.9999817104488293
predictions_K5_gpt-oss-20b.json, Doors frontman Jim Morrison has been found alive in Paris more than 45 years after he supposedly died there. ,FALSE,FALSE,2.22309878396331e-05,"Jim Morrison: Paris. In letters, he described going for long walks through the city, alone. During this time, he shaved his beard and lost some of the weight he had gained in the previous months. He died on July 3, 1971, at age 27. He was found by Courson in a bathtub at his apartment. The official cause of death was listed as heart failure, although no autopsy was performed, as it was not required by French law. His death was two years to the day after the death of the Rolling Stones guitarist Brian Jones, and approximately nine months after the",0.9999777542647569
predictions_K5_gpt-oss-20b.json,Michigan native set to become state’s new state veterinarian.,TRUE,FALSE,0.00010818234426048137,"Michigan State University College of Veterinary Medicine: Michigan State University College of Veterinary Medicine The Michigan State University College of Veterinary Medicine (CVM) is a veterinary college in the United States that was founded in 1910 and awards about 100 Doctor of Veterinary Medicine (DVM) degrees each year. It is the only veterinary college in Michigan. It is composed of the departments of Large Animal Clinical Sciences, Small Animal Clinical Sciences, Microbiology, Pharmacology and Toxicology, Physiology, and Pathobiology, and Diagnostic Investigation. It offers a four-year program leading to the DVM as well as graduate study leading to the master of science (MS) and PhD, and recently a",0.9999822944841905
predictions_K5_gpt-oss-20b.json,"Choose Omega-3s from fish over flax for cancer prevention, study finds",FALSE,FALSE,0.49982538758030104,"Fish oil: EPA and DHA. The Guidelines were revised again for 2015-2020; included is a recommendation that adults consume at least eight ounces of a variety of types of fish per week, equating to at least 250 mg/day of EPA + DHA. The Food and Drug Administration recommends not exceeding 3 grams per day of EPA + DHA from all sources, with no more than 2 grams per day from dietary supplements. The effect of fish oil consumption on prostate cancer is controversial, as one study showed decreased risk with higher blood levels of DPA, whereas another reported increased risk of more",0.9997542703446387
predictions_K5_gpt-oss-20b.json,Study: Stroke deaths higher where fried fish aplenty,TRUE,FALSE,0.00012426245576221444,"Oily fish: help improve inflammatory conditions such as arthritis. A 1997 study published in ""Annals of Neurology"" followed 5,386 elderly participants in Rotterdam. It found that fish consumption decreased the risk of dementia. However, the 2.1-year average follow-up was less than the three years dementia commonly affects people prior to diagnosis. Thus, the study was unclear as to whether fish consumption protected against dementia, or if dementia prevented the participants from wanting more fish. French research published in 2002 in the ""British Medical Journal"" (BMJ) followed 1,674 elderly residents of southern France for seven years, studying their consumption of meat versus seafood",0.999964809917819
predictions_K5_gpt-oss-20b.json,Blue-green algae (known scientifically as cyanobacteria) are capable of poisoning dogs and other pets. ,TRUE,TRUE,0.9999777695166971,"Environmental toxicology: or blue-green algae, are photosynthetic bacteria. They grow in many types of water. Their rapid growth (""bloom"") is related to high water temperature as well as eutrophication (resulting from enrichment with minerals and nutrients often due to runoff from the land that induces excessive growth of these algae). Many genera of cyanobacteria produce several toxins. Cyanotoxins can be dermatotoxic, neurotoxic, and hepatotoxic, though death related to their exposure is rare. Cyanotoxins and their non-toxic components can cause allergic reactions, but this is poorly understood. Despite their known toxicities, developing a specific biomarker of exposure has been difficult because of the",0.9999777695166971
predictions_K5_gpt-oss-20b.json,Stem Cell Research: The Quest Resumes,TRUE,TRUE,0.9959933668051323,"MIRA procedure: stem cells for breast reconstruction after mastectomy as long as there is no evidence of cancer. In the year 2002 the UCLA under direction of Dr. Marc H. Hedrick M.D. started research on possible applications of Adult stem cells generating positive results. Opting for research on Adult stem cells rather than Embryonic stem cells resulted amidst the stem cell controversy that involve diverse ethical concerns and religious groups, most prominently the Catholic Church. Embryonic stem cells till this day are frowned upon many for the implication of the destruction of human embryos, yet the progress of adult stem cells has",0.7499557782744071
predictions_K5_gpt-oss-20b.json,Judge blocks NY ban on flavored vaping products.,TRUE,FALSE,0.14301139005986463,"Scott Gottlieb: cigars, declaring, “I will not allow a generation of children to become addicted to nicotine through e-cigarettes,” FDA Commissioner Scott Gottlieb announced “most flavored e-cigarette liquids would be banned from stores unless they have stringent age-verification measures in place. Fruity and creamy flavors that appeal to children will disappear from open convenience store shelves. Users will have to enter specialized vaping shops or tobacco stores to get flavors other than mint, menthol and tobacco. Other stores can sell additional flavors but only if they have separate, age-controlled rooms dedicated to their sale. Web sales, too, will require more extensive age-checking",0.9284935572927614
predictions_K5_gpt-oss-20b.json,Wisconsin woman to celebrate 100th birthday.,TRUE,FALSE,0.2500279164521437,"Joyce Mojonnier: events since January 2017. Centennial Celebration Events are planned for Monday, June 18, 2018 at the California State Capitol and the California State Library Exhibit Halls. WICP100 has been recognized as having the largest collection of Video-recorded oral histories and historical memorabilia on California's female legislators. Joyce Mojonnier Joyce ""Sunny"" Mojonnier (born 17 February 1943) is an American politician who served as a California State Assemblywoman for the 75th District. Mojonnier was the 30th women elected to serve in the California Legislature. She served from 1982 through 1990. The Legislature is composed of the State Assembly and the State Senate",0.5
predictions_K5_gpt-oss-20b.json,Eating watermelon could lower your blood pressure,FALSE,TRUE,0.999916800103283,"Prehypertension: fruits and vegetables (aim for half of your meal including non-starchy vegetables, like leafy greens, beans, carrots, cucumbers, tomatoes, etc.), whole grains, low in refined grains (e.g., white breads and baked goods made from white flour), low in saturated fats ( e.g., fatty cuts of meat or fried foods) and low in sodium (homemade or minimally processed) have been demonstrated through randomized controlled studies to significantly lower blood pressure. These types of diet changes alone can lower blood pressure greater than any single drug therapy. The effects of both diet and sodium reduction work together, meaning the more you improve",0.9999204695788755
predictions_K5_gpt-oss-20b.json,"President Barack Obama ""said over 20 times he did not have the legal authority"" to act as he did on immigration.",TRUE,TRUE,0.5001596234700608,"ENFORCE the Law Act of 2014: changes and delays he'd made with regards to the ACA, his past decisions not to deport children of illegal immigrants, his uneven enforcement of marijuana laws, and his treatment of the Defense of Marriage Act (DOMA) which Republicans often claimed he had refused to enforce. Chairman of the House Judiciary Committee Bob Goodlatte (R-VA) said that ""throughout the Obama presidency we have seen a pattern: President Obama circumvents Congress when he doesn't get his way."" Majority Leader Eric Cantor said that ""the president's dangerous search for expanded powers appears to be endless."" ENFORCE the Law Act of 2014 The ENFORCE",0.9988418664033426
predictions_K5_gpt-oss-20b.json,FDA approves irritable bowel drug.,TRUE,TRUE,0.7390893368943972,"Tegaserod: Tegaserod Tegaserod is a 5-HT agonist manufactured by Novartis and sold under the names Zelnorm and Zelmac for the management of irritable bowel syndrome and constipation. Approved by the FDA in 2002, it was subsequently removed from the market in 2007 due to FDA concerns about possible adverse cardiovascular effects. Before then, it was the only drug approved by the United States Food and Drug Administration to help relieve the abdominal discomfort, bloating, and constipation associated with irritable bowel syndrome. Its use was also approved to treat chronic idiopathic constipation. The drug functions as a motility stimulant, achieving its desired",0.897638886324617
predictions_K5_gpt-oss-20b.json,Certain diabetes drugs found to double bone fracture risk in women,TRUE,TRUE,0.7498573103290038,"Dual-energy X-ray absorptiometry: fragility fracture, use of glucocorticoids, heavy smoking, excess alcohol intake, rheumatoid arthritis, history of parental hip fracture, chronic renal and liver disease, chronic respiratory disease, long-term use of phenobarbital or phenytoin, celiac disease, inflammatory bowel disease, and other risks. The World Health Organization has defined the following categories based on bone density in white women: The WHO committee did not have enough data to create definitions for men or other ethnic groups. Special considerations are involved in the use of DXA to assess bone mass in children. Specifically, comparing the bone mineral density of children to the reference data of",0.9999690740860647
predictions_K5_gpt-oss-20b.json,“The CDC may have to stop calling COVID-19 an ‘epidemic’ due to a remarkably low death rate.”,FALSE,FALSE,0.2293652423440382,"2011 United States listeriosis outbreak: others with compromised immune systems"", the median age of all the people that had been infected was 78. On September 30, an update was released by the CDC, reporting that as of 11 am (EDT) Sep 29, 2011 the number of confirmed cases was 84, number of deaths was 15 and the number of states involved was 19. On October 4, the CDC updated their report to 100 infected individuals in 20 states and a total of 18 deaths from the outbreak. The outbreak was shown to have continued to spread to new states, with the CDC update on October",0.8331341518454597
predictions_K5_gpt-oss-20b.json,President Obama was arrested in Japan in connection with the seizure of massive amounts of cocaine on his yacht.,FALSE,TRUE,0.5835207745714076,"Masashi Tashiro: this five years ago"" was not broadcast. He was arrested for possession of amphetamines on September 21, 2004. On February 7, 2005, he was sentenced to 3 years and 6 months imprisonment. On June 26, 2008, he was released from the prison. On September 16, 2010, he was arrested along with a 50-year-old woman in a parking lot in Red Brick Park in Yokohama, Japan for possession of cocaine. According to police he was in possession of two bags of cocaine, and admitted ""It is for my own use"". When the police guarded against Yokohama because of APEC Japan 2010,",0.8093274091593371
predictions_K5_gpt-oss-20b.json,Medicare 5-year cancer bill tops $21.1 bln: study.,TRUE,FALSE,0.0002230264815874764,"Healthcare reform debate in the United States: costs yet no statistical difference in outcome. Such scenarios offer the opportunity to maintain or improve the quality of care, while significantly reducing costs, through comparative effectiveness research. Writing in the ""New York Times"", David Leonhardt described how the cost of treating the most common form of early-stage, slow-growing prostate cancer ranges from an average of $2,400 (watchful waiting to see if the condition deteriorates) to as high as $100,000 (radiation beam therapy): According to economist Peter A. Diamond and research cited by the Congressional Budget Office (CBO), the cost of healthcare per person in the U.S. also varies significantly",0.9997768196496765
predictions_K5_gpt-oss-20b.json,Rhode Island law aims to prevent suicides at public colleges.,TRUE,TRUE,0.7499771439421125,"Gun laws in Rhode Island: considering the general antagonism of local police chiefs towards concealed carry, it seems unlikely that such a permit would be issued. 11–47–8 does allow an out-of-state permit carrier to carry concealed in Rhode Island as long as they are only traveling through the state. Rhode Island has a moderately strong castle law, limited to the inside of a dwelling, with no duty to retreat. Under the state's red flag law, the police may petition the Superior Court to issue an extreme risk protection order if they receive credible information of a significant and imminent risk. A judge may issue a",0.6250948526401877
predictions_K5_gpt-oss-20b.json,"In Iran in 1979, the extremists hijacked the broad-based popular revolution against the Shah and established a brutal theocracy.",TRUE,TRUE,0.9998932154362927,"Consolidation of the Iranian Revolution: (""the Western plague""), and as ""monafeqin ""(hypocrites) and ""kafer"" (unbelievers). In February 1980 concentrated attacks by ""hezbollahi"" toughs began on the meeting places, bookstores, newsstands of Mujahideen and other leftists driving the left underground in Iran. The next month saw the beginning of the ""Iranian Cultural Revolution"". Universities, a leftist bastion, were closed for two years to purge them of opponents to theocratic rule. A purge of the state bureaucracy began in July. 20,000 teachers and nearly 8,000 military officers deemed too ""Westernized"" were dismissed. Khomeini sometimes felt the need to use ""takfir"" (declaring someone guilty of apostasy, a capital",0.9999829193903605
predictions_K5_gpt-oss-20b.json,Folic acid tied to better grades in Swedish teens,TRUE,FALSE,0.00019895549218486723,"Food fortification: red blood cells, proper growth and division of cells, and preventing neural tube defects (NTDs). In many industrialized countries, the addition of folic acid to flour has prevented a significant number of NTDs in infants. Two common types of NTDs, spina bifida and anencephaly, affect approximately 2500-3000 infants born in the US annually. Research trials have shown the ability to reduce the incidence of NTDs by supplementing pregnant mothers with folic acid by 72%. The RDA for folic acid ranges from as low as 150 μg/day for children aged 1–3 years old, to 400 μg/day for males and females over",0.9999998886905505
predictions_K5_gpt-oss-20b.json,Older emphysema drug linked to heart deaths.,TRUE,TRUE,0.7331686647348106,"Hypopituitarism: The largest study to date followed over a thousand people for eight years; it showed an 87% increased risk of death compared to the normal population. Predictors of higher risk were: female sex, absence of treatment for sex hormone deficiency, younger age at the time of diagnosis, and a diagnosis of craniopharyngioma. Apart from cardiovascular disease, this study also showed an increased risk of death from lung disease. Quality of life may be significantly reduced, even in those people on optimum medical therapy. Many report both physical and psychological problems. It is likely that the commonly used replacement therapies do",0.7331686647348106
predictions_K5_gpt-oss-20b.json,We reduced abortion. We increased adoptions by 135 percent.,FALSE,TRUE,0.9997968160508606,"Texas Senate Bill 5: rates by 32 percent, and an increase to 200 or more miles reduces abortion rates by 47 percent. We also introduce a proxy for congestion that predicts additional reductions in abortion rates as fewer clinics serve more women."" Another 2017 National Bureau of Economic Research paper found that ""In-state abortions fell 20% and births rose 3% in counties that no longer had an abortion provider within 50 miles. Births increased 1% and contraceptive purchases rose 8% in counties without a publicly-funded family planning clinic within 25 miles."" A 2016 study interviewed 23 women in Texas who had sought abortions at",0.998389084098405
predictions_K5_gpt-oss-20b.json,"After discovering a doomsday asteroid was approaching Earth, world leaders created the COVID-19 pandemic in an effort to distract the world population and force everyone to spend time with their families during Earth's final days. ",FALSE,TRUE,0.9998356517475931,"The Day the Sky Exploded: McCleary and his wife have a breakup. The explosion dislodges the asteroids from their orbits. They coalesce into one giant cluster heading for Earth. When there seems to be no reasonable hope that humans can avoid the crash, scientists find that the Moon will pass in front of the cluster, shielding Earth from most of it. However, a small part of the cluster is not shielded and continues towards the Earth. As the cluster approaches it causes worldwide disasters: tidal waves, wind, firestorms and earthquakes. Mass evacuations lead to panic and riots. Mankind's only hope is to arm every missile",0.9998964679944727
predictions_K5_gpt-oss-20b.json,Brain-dead Canadian woman kept on life support to save fetus.,TRUE,TRUE,0.5081599414311899,"Maternal somatic support after brain death: Maternal somatic support after brain death Maternal somatic support after brain death occurs when a brain dead patient is pregnant and her body is kept alive to deliver a fetus. It occurs very rarely internationally. Even among brain dead patients, in a U.S. study of 252 brain dead patients from 1990–96, only 5 (2.8%) cases involved pregnant women between 15 and 45 years of age. In the 28-year period between 1982 and 2010, there were ""30 [reported] cases of maternal brain death (19 case reports and 1 case series)."" In 12 of those cases, a viable child was delivered via",0.9957357781855193
predictions_K5_gpt-oss-20b.json,A woman sought medical help to remove a deer tongue she had used for self-pleasuring purposes.,TRUE,FALSE,0.49999883360236497,"Tongue splitting: it appears as though there is only a deep crevice in the center of the tongue. Many cite increased sensation, enhancement when kissing for the giver and receiver or novelty, but the reasons can be deeper as well. Challenging oneself, rites of passage, connecting with or being in control of one's body, making a spiritual connection or testing the body's limits are also reasons given. Like all body modifications, it can be used to connect or identify with a specific group or to ward off those who would make quick undesired judgments based on appearance. Dustin Allor, a 19-year-old body",0.9998031654796642
predictions_K5_gpt-oss-20b.json,Trump backs Fla. plan to import lower-cost meds from abroad.,TRUE,TRUE,0.6387066286056923,"Health care reforms proposed during the Obama administration: room and coming to an agreement, with the government stepping in to set prices if they fail. Congressional proponents argue that drugs manufactured overseas by U.S. companies could be imported and purchased more cheaply in the U.S. Drug manufacturers argue that certain foreign countries have price controls, which they recoup by charging higher prices in the U.S. Whitehouse spokesman Robert Gibbs said President Obama is supportive of importing drugs, provided safety concerns related to the drugs can be addressed. This is because drugs manufactured outside the country may be held to different standards. According to Bloomberg News, drugmakers agreed in",0.8530238345419441
predictions_K5_gpt-oss-20b.json,"Debbie Wasserman Schultz Says Gov. Rick Scott ""cut nearly $1 million from mosquito control and closed down the state’s mosquito research lab a few years ago.",FALSE,FALSE,0.12488100448486489,"Zika Authorization Plan Act of 2016: Congress called the Zika Response and Preparedness Appropriations Act of 2016. This bill would have amended the Public Health Service Act to reauthorize grants for state mosquito control programs through FY2020. The bill would authorize $200 million per year for each fiscal year 2016 through 2020 for grants for state mosquito programs. Specifically, the bill amended Subsection (f) of section 317S of the Public Health Service Act (42 U.S.C. 247b–21(f)) as follows: ""(f) Authorization Of Appropriations.—To carry out this section, there is authorized to be appropriated $200,000,000 for each of fiscal years 2016 through 2020"". The bill was introduced in",0.9999569651575286
predictions_K5_gpt-oss-20b.json,Airlines rush to boost demand as coronavirus shreds playbook for crisis management.,TRUE,TRUE,0.8086685433803289,"Management of acute coronary syndrome: glyceryl trinitrate spray, aspirin, or opioid painkillers), an AED, and oxygen. Pilots may divert the flight to land at a nearby airport. Cardiac monitors are being introduced by some airlines, and they can be used by both on-board and ground-based physicians. Management of acute coronary syndrome Management of acute coronary syndrome is targeted against the effects of reduced blood flow to the afflicted area of the heart muscle, usually because of a blood clot in one of the coronary arteries, the vessels that supply oxygenated blood to the myocardium. This is achieved with urgent hospitalization and medical therapy, including drugs",0.8253272786764532
predictions_K5_gpt-oss-20b.json,  A photo shows a weasel riding on the back of a woodpecker in flight.   ,TRUE,TRUE,0.5355398317231821,"White-fronted woodpecker: back. A black mask surrounds the eye and extends to the mantle. The upper side of the wings is bluish-black, boldly barred with white, and the underside is browner. The upper side of the tail is black with white markings and the underside is browner. The fore-crown and cheeks are white, and the chin and throat are white, yellow or buff. The breast and belly are some shade of grey, with indistinct barring on the flanks and lower belly. The iris is reddish-brown, the beak greyish-black and the legs grey. Juveniles are similar to the adults but are generally a",0.8584186934567761
predictions_K5_gpt-oss-20b.json,"During wartime, the Seal of the President of the United States is modified so that the eagle's head faces the opposite direction.",FALSE,TRUE,0.9998009059488454,"Seal of the President of the United States: that the seal had never had an official definition, meaning there was also no explanation for the eagle facing to its left instead of the typical heraldic custom of having such figures face to their right (""dexter""), which is considered the honorable side. Therefore, he recommended changing the direction the eagle faced, and provided an illustration along with a suggested blazon to be used in an official description. Truman agreed with most of these suggestions, additionally liking that the eagle would now face towards the olive branches (which he felt was symbolic of a nation on the march and dedicated",0.9999004557533676
predictions_K5_gpt-oss-20b.json,New study: The flu vaccine is 'significantly associated' with an increased risk of coronavirus,FALSE,FALSE,0.08985649898900638,"Pneumonia: increased risk of getting pneumococcal disease. The pneumococcal vaccine has been shown to reduce the risk of community acquired pneumonia in people with chronic obstructive pulmonary disease (COPD), but does not reduce mortality or the risk of hospitalization for people with this condition. People with COPD are suggested to have a pneumococcal vaccination. Other vaccines for which there is support for a protective effect against pneumonia include pertussis, varicella, and measles. When influenza outbreaks occur, medications such as amantadine or rimantadine may help prevent the condition; however are associated with side effects. Zanamivir or oseltamivir decrease the chance that people",0.9673293180051006
predictions_K5_gpt-oss-20b.json,UK Supreme Court hears attempt to change Northern Ireland abortion law.,TRUE,TRUE,0.7073495694223063,"Courts of Northern Ireland: Northern Ireland Courts and Tribunals Service. The Supreme Court of the United Kingdom was created by the Constitutional Reform Act 2005. It took its duties up on 1 October 2009. It is the highest court of appeal in Northern Ireland, hearing ultimate appeals from all the courts of the United Kingdom, other than Scottish criminal cases. The Supreme Court has taken over the appellate jurisdiction formerly vested in the House of Lords. The Court of Judicature of Northern Ireland is constituted by the Judicature (Northern Ireland) Act 1978. Until 1 October 2009 its name was the Supreme Court of Judicature.",0.5464791654004325
predictions_K5_gpt-oss-20b.json,A Texas girl required surgery after she swallowed part of a fidget spinner while cleaning it.,TRUE,FALSE,0.26683133526518965,"Fidget spinner: and selling the spinner toys. As a result of their frequent use by school children, many school districts banned the toy. Some teachers argued that the spinners distracted students from their schoolwork. According to a survey conducted by Alexi Roy and published in May 2017, 32% of the largest 200 American public and private high schools had banned spinners on campus. When fidget spinners rose in popularity in 2017, many publications in the popular press discussed the marketing claims made about them for people with ADHD, autism, or anxiety. However, there is no scientific evidence that fidget spinners are effective",0.7499989805979826
predictions_K5_gpt-oss-20b.json,"Releasing inmates, screening staff: U.S. jails and prisons rush to limit virus risks.",TRUE,TRUE,0.9999770937077659,"Infectious diseases within American prisons: the spread of diseases and also provided inmates with medical attention. In Wayne County Jail Inmates v. Lucas, courts mandated that prisoners have the right to access drug detoxification and treatment for drug dependency. This has helped many inmates quarantine the disease by preventing the sharing of needles. Major programs and policies are being initiated within each state. In New York, the Hepatitis C Continuity Program was the first of its kind to remove limits on healthcare access if a prisoner spent a limited time in jail. Prisoners now have access to HCV antiviral treatment from the moment of incarceration",0.9999830517258084
predictions_K5_gpt-oss-20b.json,Five minutes in the green can boost self esteem.,TRUE,TRUE,0.9999010130364501,"Green exercise: of Green Exercise in adults has demonstrated significant benefits for self-esteem and mood. The largest study of green exercise in adults involved meta-analytic methodologies to analyse the results of 10 studies based on 1252 green exercise participants. Results indicated that ""the overall effect size for improved self-esteem was ""d"" = 0.46 (CI 0.34−0.59, ""p"" < 0.00001) and for mood ""d"" = 0.54 (CI 0.38−0.69, ""p"" < 0.00001). Dose responses for both intensity and duration showed large benefits from short engagements in green exercise, and then diminishing but still positive returns. The study also revealed that all types of green environment",0.9999095648845089
predictions_K5_gpt-oss-20b.json,Dutch teen author Noa Pothoven was voluntarily euthanized.,FALSE,FALSE,0.10733465537248359,"Marita van der Vyver: Kom Weer"" in 2001. Her youth novel ""Die Ongelooflike Avonture van Hanna Hoekom"" won the Sanlam Prize for Youth Fiction in 2002 and was made into a film in 2010. Marita van der Vyver Marita van der Vyver (born 6 May 1958) is an Afrikaans author who has written several books for both adult and youth audiences. Since 1999, she has been settled in France with her husband and three children. Van der Vyver wrote a collection of humorous essays detailing life in the countryside of France, titled ""Die hart van ons huis"" in 2004, after which her first volume",0.9770112237793427
predictions_K5_gpt-oss-20b.json,Human virus linked to mountain gorilla deaths.,TRUE,TRUE,0.9999160900923538,"Magdalena Bermejo: in a population of 143. Her work was described in a National Geographic video of 2001. Between October 2002 and January 2003, at the same time that humans in nearby villages were beginning to die from the Zaire strain of the Ebola virus disease (ZEBOV), 130 of the 143 gorillas died. The researchers monitored seven more social groups, and found that 91 of 95 gorillas died between October 2003 and January 2004. Extrapolating from these results, they estimated that in a area around the Lossi Sanctuary, about 5000 gorillas died. Because of the high mortality rate, the International Union for",0.9999197594094009
predictions_K5_gpt-oss-20b.json,"Hilary Rosen Says Chris Christie ""vetoed Planned Parenthood funding five times over the course of his governorship.",TRUE,TRUE,0.9989787680922081,"Chris Christie 2016 presidential campaign: rally on the steps of the Statehouse -- the first governor to ever speak at a pro-life rally on the steps of the Statehouse -- and vetoed Planned Parenthood funding five times out of the New Jersey budget."" ""I support Planned Parenthood privately with my personal contribution and that should be the goal of any such agency, to find private donations,"" Christie was quoted saying in The Star-Ledger on Sept. 30, 1994. In 2016, Christie said: ""Well I never donated to Planned Parenthood…"", Christie claims he was misquoted. Christie supports the collection of metadata of phone calls of American citizens",0.9812549880424807
predictions_K5_gpt-oss-20b.json,Program Cut Catheter-Associated Urinary Tract Infections,TRUE,TRUE,0.5001166992942375,"Urinary tract infection: risk of an associated infection can be decreased by catheterizing only when necessary, using aseptic technique for insertion, and maintaining unobstructed closed drainage of the catheter. Male scuba divers using condom catheters and female divers using external catching devices for their dry suits are also susceptible to urinary tract infections. A predisposition for bladder infections may run in families. This is believed to be related to genetics. Other risk factors include diabetes, being uncircumcised, and having a large prostate. In children UTIs are associated with vesicoureteral reflux (an abnormal movement of urine from the bladder into ureters or kidneys) and",0.9999945895511054
predictions_K5_gpt-oss-20b.json,New Mexico land boss concerned about border wall work.,TRUE,TRUE,0.7629571229762704,"Executive Order 13767: states on the U.S.–Mexico border, are strongly opposed to the construction of a wall, citing its massive cost and logistical difficulties, and saying that the wall would not be effective. Tony Estrada, a member of the Coalition and the longtime sheriff of the border county of Santa Cruz County, Arizona, has emerged as an outspoken critic of Trump's border wall proposal, saying that the wall will not stymie drug cartel violence fueled by demand for drugs in the U.S. A February 2017 study conducted by the Pew Research Center found that ""[a]s was the case throughout the presidential campaign, more",0.525744529588407
predictions_K5_gpt-oss-20b.json,Chronic wasting disease found in buck on Winona County farm.,TRUE,TRUE,0.9998921889183893,"Chronic wasting disease: Wisconsin and northern Illinois and in an isolated area of southern New Mexico. In 2005, it was found in wild white-tailed deer in New York and in Hampshire County, West Virginia. In 2008, the first confirmed case of CWD in Michigan was discovered in an infected deer on an enclosed deer-breeding facility. It is also found in the Canadian provinces of Alberta and Saskatchewan. In February 2011, the Maryland Department of Natural Resources reported the first confirmed case of the disease in that state. The affected animal was a white-tailed deer killed by a hunter. CWD has also been diagnosed",0.9999828517277598
predictions_K5_gpt-oss-20b.json,"In an impoverished Chilean suburb, a recycling drive flourishes.",TRUE,TRUE,0.9998919001907585,"La Chureca: pick through the garbage which is then sorted and sold to suppliers of recyclable materials. Workers in La Chureca are self- employed individuals and, or families who collect salvageable items such as plastic, aluminum cans, and scrap metals such as copper and iron (Bergin, 2008). These workers are highly organized labour chains. That is, if one person collects glass, the other will clean it, another will crush and recycle it and another will sell it to a collector who will then sell it to different companies (Grisby Vergara, 2008). It is clear that the existing piles of garbage would be",0.9999822012349711
predictions_K5_gpt-oss-20b.json,U.S. Panel Questions Prostate Screening,TRUE,TRUE,0.9999781899865055,"United States Preventive Services Task Force: In the current recommendation published in 2012, the Task Force recommended against prostate-specific antigen (PSA)-based screening for prostate cancer. The Task Force gave PCa screening a D recommendation. A final statement published in 2018 recommends basing the decision to screen on shared decision making in those 55 to 69 years old. It continues to recommend against screening in those 70 and older. From 1984 to 1989, the task force's stated purpose was to ""develop recommendations for primary care clinicians on the appropriate content of periodic health examinations."" United States Preventive Services Task Force The United States Preventive Services Task Force",0.9999777695166971
predictions_K5_gpt-oss-20b.json,China agrees to WHO sending experts to study virus.,TRUE,TRUE,0.749840747684375,"Influenza A virus subtype H7N9: the new viral strain, and supplied these synthesized genes to the CDC. The scientific community has praised China for its transparency and rapid response to the outbreak of H7N9. In an editorial on April 24, 2013, the journal ""Nature"" said ""China deserves credit for its rapid response to the outbreaks of H7N9 avian influenza, and its early openness in the reporting and sharing of data."" This, in spite of initial worries by Chinese scientists and officials that they might lose credit for their work in isolating and sequencing the novel H7N9 virus, after learning that pharmaceutical company Novartis and the",0.9999517201546615
predictions_K5_gpt-oss-20b.json,How barbershops could help lower blood pressure,TRUE,TRUE,0.9999952406590066,"Barbershop Quartet (health outreach program): and Prevention and Mount Sinai Hospital. The Barber Shop Quartet works with local hospitals to provide doctors, nurses, and other volunteers to free health education and screenings for African American men for diabetes, hypertension, and prostate and colon cancers. Mobile medical units parked at participating barbershops throughout Harlem were the catalyst for the program’s name. The Barber Shop Quartet also grants free follow-up care to those whose screenings have detected a health issue. Streamlined in 2008, current partners of The Barber Shop Quartet include St. Luke's Roosevelt Hospital, New York University School of Medicine/Center for Healthful Behavior Change, the Albert",0.9999949448487843
predictions_K5_gpt-oss-20b.json," Opossums stop the spread of Lyme disease because they kill up to 4,000 ticks a week. ",TRUE,TRUE,0.9998845097736552,"Lyme disease: Prevention includes efforts to prevent tick bites such as by wearing clothing to cover the arms and legs, and using DEET-based insect repellents. Using pesticides to reduce tick numbers may also be effective. Ticks can be removed using tweezers. If the removed tick was full of blood, a single dose of doxycycline may be used to prevent development of infection, but is not generally recommended since development of infection is rare. If an infection develops, a number of antibiotics are effective, including doxycycline, amoxicillin, and cefuroxime. Standard treatment usually lasts for two or three weeks. Some people develop a fever",0.9999927403132393
predictions_K5_gpt-oss-20b.json,China seeks to identify cause of mystery pneumonia infecting 44.,TRUE,FALSE,0.007930201973964324,"Middle East respiratory syndrome: case in China. So far, no Chinese citizen has been found infected. As of 27 June 2015, 19 people in South Korea have died from this outbreak, with 184 confirmed cases of infection. There have been at least 6508 quarantined. In April 2014, MERS emerged in the Philippines with a suspected case of a home-bound Overseas Filipino Worker (OFW). Several suspected cases involving individuals who were on the same flight as the initial suspected case are being tracked but are believed to have dispersed throughout the country. Another suspected MERS-involved death in Sultan Kudarat province caused the Department of Health",0.984337561353322
predictions_K5_gpt-oss-20b.json,The European Union ordered reporters to not reporting whether a terrorist is Muslim.,FALSE,FALSE,0.0001988127401530023,"Journalism source protection: War"". According to the COE report, following the 2001 terrorist attacks, many European countries adopted new laws or expanded the use of old laws to monitor communications. Gillian Phillips, Director of Editorial Legal Services of The Guardian has specifically referenced the implications of governments invoking national security and anti-terrorism measures that interfere with protections for journalists and their sources. Calls for unlimited monitoring and use of modern surveillance technologies to access all citizens' data, directly challenge journalists' rights to protect their confidential sources, she said. A report by The Guardian in 2015, based on files leaked by Edward Snowden, highlighted",0.9999998553694055
predictions_K5_gpt-oss-20b.json,Florida’s hepatitis A outbreak prompts vaccine push.,TRUE,FALSE,0.00010800534913933339,"Hepatitis A vaccine: to the US Centers for Disease Control and Prevention, the following people should be vaccinated: all children over one year of age, people whose sexual activity puts them at risk, people with chronic liver disease, people who are being treated with clotting factor concentrates, people working within close proximity to the virus, and people who are living in communities where an outbreak is present. Hepatitis A is the most common vaccine-preventable virus acquired during travel, so people travelling to places where the virus is common like the Indian subcontinent, Africa, Central America, South America, the far East, and Eastern Europe",0.9999827766581418
predictions_K5_gpt-oss-20b.json,Researcher Judy Mikovits was arrested without a warrant and jailed without charges for making a controversial scientific discovery.,FALSE,FALSE,3.6956255416734146e-05,"Judy Mikovits: Judy Mikovits Judy Anne Mikovits is an American researcher. She was involved in controversies regarding her research in the area of chronic fatigue syndrome (CFS). Mikovits was the research director of the Whittemore Peterson Institute (WPI), a chronic fatigue syndrome research organization and clinic in Reno, Nevada in the United States from 2006 to 2011. Mikovits led a research effort that reported in 2009 that a retrovirus known as xenotropic murine leukemia virus-related virus (XMRV) was associated with CFS and may have had a causal role, however the research came under fire, leading to an eventual retraction on December 22,",0.9999947404963355
predictions_K5_gpt-oss-20b.json,The novel coronavirus was “man-made.”,FALSE,FALSE,0.0001079000260204765,"2012 Middle East respiratory syndrome coronavirus outbreak: coronavirus researcher at the Erasmus Medical Center (EMC) in Rotterdam, The Netherlands. The second laboratory-proven case was in London, confirmed by the UK Health Protection Agency (HPA). The HPA named the virus the London1_novel CoV 2012. On 8 November 2012, in an article published in the New England Journal of Medicine, Dr. Zaki and co-authors from the Erasmus Medical Center published more details, including a scientific name, Human Coronavirus-Erasmus Medical Center (HCoV-EMC), which was then used in scientific literature. In the article, they noted four respiratory human coronaviruses (HCoV) known to be endemic: 229E, OC43, NL63, and HKU1. In May",0.9999822705540671
predictions_K5_gpt-oss-20b.json,High ambitions: Uruguay cannabis firm targets booming global market for medical marijuana.,TRUE,TRUE,0.9998957125245833,"Cannabis in Uruguay: grows had already begun, but commercial sale had not, and would ultimately be delayed until late 2017. Vázquez, a former oncologist, promised a ""strict and close evaluation"" of legal cannabis, and declared ""first of all, you shouldn’t consume drugs."" In 2017, the government authorized 16 pharmacies to become cannabis distributors, allowed to sell only to the nearly 5,000 cannabis consumers registered with the government. The product is standardized into two offerings, ""Alfa 1"" and ""Beta 1"", both with relatively low THC content. Registered consumers must be Uruguayan, 18 or older, and are limited to 40 grams per month, with their",0.999982885725128
predictions_K5_gpt-oss-20b.json,Viscosupplementation Recommended For Appropriate Patients with Knee Osteoarthritis,FALSE,FALSE,0.00011622839426271416,"Knee replacement: replacement surgery is most commonly performed in people with advanced osteoarthritis and should be considered when conservative treatments have been exhausted. Total knee replacement is also an option to correct significant knee joint or bone trauma in young patients. Similarly, total knee replacement can be performed to correct mild valgus or varus deformity. Serious valgus or varus deformity should be corrected by osteotomy. Physical therapy has been shown to improve function and may delay or prevent the need for knee replacement. Pain is often noted when performing physical activities requiring a wide range of motion in the knee joint. Risks",0.9999949640467962
predictions_K5_gpt-oss-20b.json,"An official Los Angeles Police Department (LAPD) badge page used badge number ""14188"" as its example (later deleted).",TRUE,TRUE,0.7499999111480522,"Los Angeles Police Department resources: more traditional black-and-white paint schemes similar to their department patrol cars. The letters LAPD appear on the top side of the aircraft in blue, capital letters. Typical air units include 14 Eurocopter AS-350B2 AStars, 4 Bell 206B-IIIs and 1 Bell UH-1 (no longer in service, due to maintenance issues and replace by Bell 412 for homeland sercuity). The aircraft come with a wide variety of electronics and equipment that include a 30 million candlepower ""Nightsun"" spotlight, optical FLIR cameras and electronically stabilized binoculars, a LoJack signal receiver, police radios in addition to the built-in aviation radios. Two officers with at",0.9283727073567855
predictions_K5_gpt-oss-20b.json,Scientists grow viable vaginas from girls' own cells.,TRUE,TRUE,0.9999983279469901,"Müllerian agenesis: after the mother developed pre-eclampsia. Promising research include the use of laboratory-grown structures, which are less subject to the complications of non-vaginal tissue, and may be grown using the person's own cells as a culture source. The recent development of engineered vaginas using the patient's own cells has resulted in fully functioning vaginas capable of menstruation and orgasm in a number of patients showing promise of fully correcting this condition in some of the sufferers. The prevalence remains sparsely investigated. To date, two population-based nationwide studies have been conducted both estimating a prevalence about 1 in 5,000 live female births.",0.9999951962028779
predictions_K5_gpt-oss-20b.json,"Newport developed marijuana cigarettes which will be available for purchase ""next year.",FALSE,TRUE,0.7498786311646339,"Newport (cigarette): Newport (cigarette) Newport is an American brand of menthol cigarettes, currently owned and manufactured by the R. J. Reynolds Tobacco Company. The brand was originally named for the seaport of Newport, Rhode Island. It is the best-selling brand of menthols in the United States. Newport was originally launched in 1957 by the Lorillard Tobacco Company. The cigarette originated within Ireland and was introduced to the culture mostly for the male drinkers of the time. The spinnaker present on all packs since the late 1950s is meant to capitalize on the association with sailing. Newport Cigarettes are traditionally shipped via barge",0.9999967600987731
predictions_K5_gpt-oss-20b.json,"Mammograms Save Lives for Women in Their 40s, Study Says",FALSE,FALSE,0.016129775950674732,"Mammography: of Obstetricians and Gynecologists encourage annual mammograms beginning at age 40. The National Cancer Institute encourages mammograms one to two years for women ages 40 to 49. In contrast, the American College of Physicians, a large internal medicine group, has recently encouraged individualized screening plans as opposed to wholesale biannual screening of women aged 40 to 49. In 2009, the U.S. Preventive Services Task Force recommended that screening of women ages 40 to 49 be based on individual risk factors, and that screening should not be routine in this age group. Their report says that the benefits of screenings before",0.6823179880945323
predictions_K5_gpt-oss-20b.json,"Covfefe"" means something, anything.",FALSE,TRUE,0.7855593954189201,"Yanny or Laurel: Teigen. Laurel Halo and Yanni, whose names are similar to those given in the auditory illusion, also responded. In a video released by the White House, various members of the Trump administration reacted to the meme, and President Donald Trump said, ""I hear covfefe"", as a reference to his ""covfefe"" tweet the previous year. In ""The Guardian"", the clip was compared to the 2015 gold/blue dress controversy. Several days after the clip became viral, the team at Vocabulary.com added a separate entry for the word ""Yanny"", which contained an audio clip identical to ""Laurel"". Its definition is about the Internet",0.8927785483368952
predictions_K5_gpt-oss-20b.json,New hearts forge new friendship for transplant recipients.,TRUE,TRUE,0.7499854263340556,"Hearts and Souls: successful. It starts ten days after the heart transplant with his anticipated hospital release. Simone's recovery is hampered by an internal chest infection, which leaves him weakened. The doctors attempt diagnosis of the infection and weakness, which appear to be minor, with tests. Tensions run high in the department from almost the beginning of the episode. Greg Medavoy (Gordon Clapp) has a scene where his verbal aggression with a citizen complainant provides a respite and represents the frustration and helplessness of Simone's friends and colleagues. James Martinez' (Nicholas Turturro) generally good manners are also tested. Sipowicz (Dennis Franz) displays deep",0.8749781395010829
predictions_K5_gpt-oss-20b.json,Group pushes to end plastic foam use in schools.,TRUE,TRUE,0.9999816805603016,"Edward Suslovic: to ban the use of containers made from polystyrene foam and to identify ways to reduce the use of plastic bags. Suslovic has worked to advance public transportation in the Southern Maine region through his work as vice-president of the Board of Directors of the Greater Portland Transit District (Metro). Suslovic has worked to improve public transportation in Portland and has also advocated for continuing the funding of public transportation in nearby communities in order to support a regional economy. A board member of Maine Citizens Against Handgun Violence, Suslovic has advocated for local municipalities to have the flexibility to",0.9999816290564115
predictions_K5_gpt-oss-20b.json,"Ted Cruz Says both Donald Trump and Hillary Clinton say Planned Parenthood is ""terrific and that it should keep taxpayer funding.",FALSE,FALSE,0.00011524602351033936,"Social policy of Donald Trump: from politics. I believe it is a personal decision that should be left to the women and their doctors."" While campaigning for the presidency in 2016, Trump stated ""I'm pro-life and I've been pro-life a long time"" and acknowledged that he had ""evolved"" on the issue. CNN reported that Trump ""dodged questions testing the specificity of those views."" In August 2015, Trump said that he supported a government shutdown over federal funding for Planned Parenthood (which receives federal funding for the health services it provides to 2.7 million people annually, but is barred by federal law from using federal funds",0.9999910717535945
predictions_K5_gpt-oss-20b.json,"500,000 U.S. troops came home from Iraq and Afghanistan ""with PTSD and traumatic brain injury.",TRUE,TRUE,0.7498792728052169,"Casualties of the Iraq War: injuries without being classified as wounded during combat in Iraq and Afghanistan. A top U.S. Army psychiatrist, Colonel Charles Hoge, said in March 2008 that nearly 30% of troops on their third deployment suffered from serious mental-health problems, and that one year was not enough time between combat tours. A March 12, 2007, ""Time"" article reported on a study published in the ""Archives of Internal Medicine"". About one third of the 103,788 veterans returning from the Iraq and Afghanistan wars seen at U.S. Department of Veterans Affairs facilities between September 30, 2001, and September 30, 2005, were diagnosed with mental",0.9999919693688216
predictions_K5_gpt-oss-20b.json,Planned Parenthood: States should oppose Trump ‘gag rule’.,TRUE,TRUE,0.9998844275773138,"Mexico City policy: plan for the upcoming G8 summit which did not include financial support for abortion or contraception, drawing comparisons to the Mexico City policy. An episode of the television series ""Boston Legal"", ""Squid Pro Quo"", which originally aired on May 9, 2006, featured a case involving USAID's withdrawal of funding to an overseas non-profit organization. An episode of the American television series ""The West Wing"", entitled ""Privateers"", featured a ""gag rule"" amendment of a law for overseas aid. Mexico City policy The Mexico City policy, sometimes referred to by critics as the global gag rule, is a United States government policy",0.9999951807344503
predictions_K5_gpt-oss-20b.json,We know that President Obama stole over $500 billion out of Medicare to switch it over to Obamacare.,FALSE,FALSE,0.00010793754889264543,"Health care reforms proposed during the Obama administration: an interview: ""Clearly more auditing needs to be done and it needs to be done in real time."" The Obama administration is providing Medicare with an additional $200 million to fight fraud as part of its stimulus package, and billions of dollars to computerize medical records and upgrade networks, which should assist Medicare in identifying fraudulent claims. During July 2010, President Obama signed into law the Improper Payments Elimination and Recovery Act of 2010, citing approximately $110 billion in unauthorized payments of all types, including Medicare and Medicaid. President Obama has directed his administration to reduce these payments by $50",0.999982311943174
predictions_K5_gpt-oss-20b.json,Stay-at-home orders “actually are the law of these states.”,TRUE,TRUE,0.8999990261114222,"Uniform Reciprocal Enforcement of Support Act: and if the mother continually registered and had the order modified, then there would be four separate and independent support orders. RURESA provided that the state courts could modify the original order so long as the court applied its own procedural law and the substantive law of the original state, unless that application of substantive law contravened its own public policy. The Commission intended to correct the problem of inconsistent multiple orders by only allowing the support orders to be modified based upon a single state's law. In theory, states A, B and C could only modify a support order",0.9998342693903807
predictions_K5_gpt-oss-20b.json,"African-Americans don't use drugs at a higher level than whites but ""wind up going to prison six times more.",TRUE,TRUE,0.9999024358810216,"Race and crime: were ""pretty."" A 2013 report by the American Civil Liberties Union found that blacks were ""3.73 times more likely than whites to be arrested for marijuana possession"", even though ""blacks and whites use drugs, including marijuana, at similar rates."" Additionally, in 2015, the National Survey on Drug Use and Health reported that African Americans composed 12.5 percent of the illicit drug users, yet 33 percent of them are incarcerated in state facilities. A 2016 analysis by the ""New York Times"" ""of tens of thousands of disciplinary cases against inmates in 2015, hundreds of pages of internal reports and three years",0.9999011230430052
predictions_K5_gpt-oss-20b.json,More support for osteoporosis drugs,TRUE,TRUE,0.9999951345742731,"Human skeleton: risk of fracture. Osteoporosis treatment includes advice to stop smoking, decrease alcohol consumption, exercise regularly, and have a healthy diet. Calcium supplements may also be advised, as may Vitamin D. When medication is used, it may include bisphosphonates, Strontium ranelate, and osteoporosis may be one factor considered when commencing Hormone replacement therapy. The study of human bones probably started in ancient Greece under Ptolemaic kings due to their link to Egypt. Herophilos, through his work by studying dissected human corpses in Alexandria is credited to be the pioneer of the field. His works are lost but are often cited by",0.999988465824197
predictions_K5_gpt-oss-20b.json,Wells Fargo and Chase are invested in the Dakota Access Pipeline.,TRUE,TRUE,0.9999208883934407,"Wells Fargo: to allege racketeering. Wells Fargo is a top investor in the Dakota Access Pipeline project in North Dakota, a 1,172-mile-long (1,886 km) underground oil pipeline project in the United States. The pipeline has been controversial regarding its necessity, and potential impact on the environment. In February 2017, Seattle, Washington's city council unanimously voted to not renew its contract with Wells Fargo ""in a move that cites the bank's role as a lender to the Dakota Access Pipeline project as well as its ""creation of millions of bogus accounts."" and saying the bidding process for its next banking partner will involve",0.9999197594094009
predictions_K5_gpt-oss-20b.json,“President Trump has banned welfare for illegal immigrants which will save $57.4 billion a year.”,FALSE,FALSE,0.1250351891434045,"Federation for American Immigration Reform: country represented."" With the election of President Trump, some of the United States' ""most ardent"" advocates for reducing immigration levels—such as FAIR, the Center for Immigration Studies, and NumbersUSA—have an opportunity ""to dramatically reduce legal immigration"". These three groups enjoy ""formidable grassroots support"" across the United States. As of the end 2016, FAIR's annual budget reached $11.2 million. In May 2017, Julie Kirchner, FAIR’s executive director since 2005, was named as ombudsman of U.S. Citizenship and Immigration Services Ombudsman reporting to the Department of Homeland Security. A 2017 FAIR report claimed that undocumented immigrants in the United States were approximately",0.9499234496955071
predictions_K5_gpt-oss-20b.json,"Ben Carson Says he ""didn’t have an involvement with"" nutritional supplement company Mannatech.",FALSE,FALSE,0.3953631615434192,"Ben Carson: favorably reviewed its products, despite not being ""an official spokesman or sales associate"". When the CNBC moderator commented that Carson was on Mannatech's website, Carson replied that he had not given his permission. Earlier, he had said that he was unaware of the company's legal history. On November 3, 2015, Mannatech said on its website that for compliance with Federal campaign finance regulations, the company had removed all references to Carson before he announced his bid for the presidency. In July 2013, Carson was hired by ""The Washington Times"" as a weekly opinion columnist. In October 2013, Fox News hired",0.9944976219500505
predictions_K5_gpt-oss-20b.json,US regulators OK updated version of decades-old antibiotic.,TRUE,FALSE,0.2758423114744827,"Veterinary Feed Directive: class; these drugs will remain over the counter. The USDA states that Ionophores, Bacitracin, Bambermycins, and Tiamulin will remain over the counter. Injectables, boluses, or other dosages are not affected by this regulation. There are other drugs that can be found through the FDA that will not require a prescription to purchase. To ensure the judicious use of antibiotics in food producing animals, the new regulations went into effect on January 1, 2017 and many drugs changed from OTC to Rx status for medicated water and feed. Distributors and retailers that use these products are required to meet the new",0.9603269064643881
predictions_K5_gpt-oss-20b.json,"Hate daylight saving time? You may have a point, researchers say.",TRUE,TRUE,0.9999912905438573,"Daylight saving time: have the obvious disadvantage of complexity. People must remember to change their clocks; this can be time-consuming, particularly for mechanical clocks that cannot be moved backward safely. People who work across time zone boundaries need to keep track of multiple DST rules, as not all locations observe DST or observe it the same way. The length of the calendar day becomes variable; it is no longer always 24 hours. Disruption to meetings, travel, broadcasts, billing systems, and records management is common, and can be expensive. During an autumn transition from 02:00 to 01:00, a clock reads times from 01:00:00 through",0.9999895478948756
predictions_K5_gpt-oss-20b.json,"Although Georgia Gov. Brian Kemp ""opened"" the state, his mansion remained closed for tours during the COVID-19 pandemic.",TRUE,FALSE,0.0001083261741634367,"Brian Kemp: Brian Kemp Brian Porter Kemp (born November 2, 1963) is an American politician and businessman. He is currently the Governor-elect of Georgia, who served as the 27th Secretary of State of Georgia from 2010 to 2018. Kemp was appointed by then-Governor Sonny Perdue to succeed Karen Handel when she stepped down to run in the 2010 Georgia gubernatorial election. He was later elected to the position in 2010 and reelected in 2014. He will assume the office of the Governor of Georgia on January 14, 2019. Kemp's oversight of elections and election data as Secretary of State has stirred controversy",0.9999849395618704
predictions_K5_gpt-oss-20b.json,O’Rourke offers blue vision for red Texas during Nelson show.,TRUE,TRUE,0.8325386708455373,"Beto O'Rourke: of the rally, Nelson debuted his new election-inspired song ""Vote 'Em Out"". A few hours before the polls closed, Beyonce posted a picture of herself on social media wearing a ""Beto for Senate"" baseball cap with the caption, ""I’m feeling grateful for everyone before me who fought so hard to give us all the right to have a voice."" Other celebrity endorsements included Khalid, Aaron Jones, Eva Longoria, LeBron James, Jim Carrey, Travis Scott, Ellen DeGeneres, Lin-Manuel Miranda, and Kelly Rowland. A September 18, 2018, a Quinnipiac poll based on phone interviews put Cruz 9 percentage points ahead of O'Rourke",0.9719279290055939
predictions_K5_gpt-oss-20b.json,Cannabis Derivative Cannabidiol Reduces Seizures in Severe Epilepsy Disorder,TRUE,TRUE,0.7018310391719014,"Charlotte's web (cannabis): no comparison with placebo was possible due to the small number of people in the trials. The drugs were well tolerated. A third review found that no reliable conclusions about the effect of cannabis on epilepsy could be drawn due to the poor quality of available data, but further research may be warranted because of the good safety profile observed in small clinical trials. A 2017 study in children with drug-resistant Dravet syndrome, using a comparatively high dose of 20 mg/kg, found cannabidiol reduced convulsive seizures (but not non-convulsive seizures), and resulted in more side effects compared with placebo. Three",0.9839793243222501
predictions_K5_gpt-oss-20b.json,Test may help predict colon cancer recurrence risk,TRUE,TRUE,0.9998468844180909,"Colorectal cancer: thus prevent them from turning into cancer. Screening has the potential to reduce colorectal cancer deaths by 60%. The three main screening tests are colonoscopy, fecal occult blood testing, and flexible sigmoidoscopy. Of the three, only sigmoidoscopy cannot screen the right side of the colon where 42% of cancers are found. Flexible sigmoidoscopy, however, has the best evidence for decreasing the risk of death from any cause. Fecal occult blood testing (FOBT) of the stool is typically recommended every two years and can be either guaiac-based or immunochemical. If abnormal FOBT results are found, participants are typically referred for a",0.9999227370389205
predictions_K5_gpt-oss-20b.json,Indonesian doctor's death exposes heartbreaking risks of coronavirus battle.,TRUE,TRUE,0.8001630696777163,"Middle East respiratory syndrome: pneumonia and acute renal failure. After routine diagnostics failed to identify the causative agent, Zaki contacted Ron Fouchier, a leading virologist at the Erasmus Medical Center (EMC) in Rotterdam, the Netherlands, for advice. Fouchier sequenced the virus from a sample sent by Zaki. Fouchier used a broad-spectrum ""pan-coronavirus"" real-time polymerase chain reaction (RT-PCR) method to test for distinguishing features of a number of known coronaviruses (such as OC43, 229R, NL63, and SARS-CoV), as well as for RNA-dependent RNA polymerase (RdRp), a gene conserved in all coronaviruses known to infect humans. While the screens for known coronaviruses were all negative, the",0.6608797659115181
predictions_K5_gpt-oss-20b.json,"A three-cents-per-ounce soda tax in Philadelphia ""would result in the loss of 2,000 family-sustaining Teamster Union jobs and countless other jobs in the beverage industry.",FALSE,TRUE,0.9990082765778552,"Sugary drink tax: a sugary drink tax alone. In March 2017, Pepsi laid off between 80 and 100 employees at two distribution plants in Philadelphia and one plant in nearby Wilmington, Delaware. The company blamed the layoffs on the tax, an assertion rejected by the city government. In September 2016, the American Beverage Association, Philadelphia business owners, and other plaintiffs filed a lawsuit against the soda tax, alleging that the tax violated the ""Tax Uniformity Clause"" of the state constitution. The legal challenge was dismissed by the Court of Common Pleas in December 2016, and in June 2017 the Commonwealth Court of Pennsylvania",0.9844285498694494
predictions_K5_gpt-oss-20b.json,"Thailand closes more public facilities as coronavirus cases top 1,100.",TRUE,FALSE,0.00010759450731689023,"2012 Middle East respiratory syndrome coronavirus outbreak: and from that family at least one additional person presented similar symptoms but tested negative for the novel coronavirus. On 21 February 2013, WHO stated that there had been 13 laboratory-confirmed cases, 6 cases (4 fatal) from Saudi Arabia, 2 cases (both fatal) from Jordan, 2 cases from Qatar, and 3 from the UK. In March 2013, the Saudi Arabia Ministry of Health reported the death of a 39-year-old man, the 15th case and 9th death reported to WHO. On 2 May 2013, the Saudi Ministry of Health announced five people died and two other people were in critical condition",0.9999829881434008
predictions_K5_gpt-oss-20b.json,Current expenditures could likely cover the estimated costs of Medicare for All.,TRUE,FALSE,1.2053968294390674e-05,"Medicare (United States): Plan A available, and if they offer any other policies, they must also make either Plan C or Plan F available as well, though Plan F is scheduled to sunset in the year 2020. Anyone who currently has a Plan F may keep it. Medicare contracts with regional insurance companies to process over one billion fee-for-service claims per year. In 2008, Medicare accounted for 13% ($386 billion) of the federal budget. In 2016 it is projected to account for close to 15% ($683 billion) of the total expenditures. For the decade 2010–2019 Medicare is projected to cost 6.4 trillion dollars.",0.999990638779945
predictions_K5_gpt-oss-20b.json,Compound May Fight Hard-to-Treat Lung Cancer,FALSE,TRUE,0.9999999190255613,"Treatment of lung cancer: NSCLC. Squalamine is undergoing trials for treatment of non-small cell lung cancer (stage I/IIA). In December 2012, Merck published the results of its current study. Although the Phase III Trial of L-BLP25 (Stimuvax) did not meet satisfying primary endpoints for patients with Non-Small Cell Lung Cancer, notable treatment effects have been observed for L-BLP25 in certain subgroups in the START study. Treatment of lung cancer Treatment of lung cancer refers to the use of medical therapies, such as surgery, radiation, chemotherapy, immunotherapy, percutaneous ablation, and palliative care, alone or in combination, in an attempt to cure or lessen the adverse",0.9999996114544493
predictions_K5_gpt-oss-20b.json,Chicago receives $6.7M to help people living with HIV/AIDS.,TRUE,FALSE,0.49986714143701355,"AIDS Foundation of Chicago: initiate care within 72 hours for individuals found to be HIV positive. The AFC was one of the founding organizations of the International Rectal Microbicide Advocates. AIDS Foundation of Chicago The AIDS Foundation of Chicago (AFC) is a non-profit organization, based in Chicago, which is active in the field of HIV/AIDS and health equity. Its mission is to mobilize communities to create equity and justice for people living with and vulnerable to HIV and related chronic diseases. It works toward a world in which people living with HIV and related chronic diseases will thrive, and new HIV infections will be",0.9997520825461808
predictions_K5_gpt-oss-20b.json,Minnesota bets fiscal future on osteopathic medical school.,TRUE,TRUE,0.5001988405619392,"Michigan State University College of Osteopathic Medicine: alumni of the program have entered many prestigious residency programs and most graduates find careers in medical colleges, universities, or major medical research centers. Michigan State University College of Osteopathic Medicine consistently is ranked among the top medical schools in the US. U.S. News & World Report has released its annual evaluation of the top graduate schools in the United States, and MSUCOM was ranked number 33 of the ""Primary Care"" category. In 2014, MSUCOM ranked ninth among all medical schools in United States of America for primary care education and first in producing the most primary care residents. The",0.9998013630877196
predictions_K5_gpt-oss-20b.json,Event 201 “gave out stuffed souvenir coronavirus toys” to “commemorate” Novel coronavirus outbreak,FALSE,FALSE,0.00010869000441009653,"2012 Middle East respiratory syndrome coronavirus outbreak: coronavirus researcher at the Erasmus Medical Center (EMC) in Rotterdam, The Netherlands. The second laboratory-proven case was in London, confirmed by the UK Health Protection Agency (HPA). The HPA named the virus the London1_novel CoV 2012. On 8 November 2012, in an article published in the New England Journal of Medicine, Dr. Zaki and co-authors from the Erasmus Medical Center published more details, including a scientific name, Human Coronavirus-Erasmus Medical Center (HCoV-EMC), which was then used in scientific literature. In the article, they noted four respiratory human coronaviruses (HCoV) known to be endemic: 229E, OC43, NL63, and HKU1. In May",0.999984873958307
predictions_K5_gpt-oss-20b.json,Aveo Oncology to end breast cancer study due to low enrollment.,TRUE,FALSE,0.18736338347450318,"Study of Tamoxifen and Raloxifene: Study of Tamoxifen and Raloxifene The Study of Tamoxifen and Raloxifene (STAR) is a clinical trial designed determine how the drug raloxifene compares with the drug tamoxifen in reducing the incidence of breast cancer in women who are at increased risk of the disease. One of the largest breast cancer prevention studies ever, it included 22,000 women in 400 medical centers in the United States and Canada. The study concluded that raloxifene caused fewer side-effects and less endometrial cancer than tamoxifen. Raloxifene was found to be more effective at preventing noninvasive breast cancer but less effective at preventing invasive breast",0.9999283869869486
predictions_K5_gpt-oss-20b.json,"Hillary Clinton Says she ""called for addressing risks of derivatives, cracking down on subprime mortgages and improving financial oversight"" early on in the financial crisis.",TRUE,TRUE,0.9999029690443795,"Emergency Economic Stabilization Act of 2008: piece, Senator Hillary Clinton advocated addressing the rate of mortgage defaults and foreclosures that ignited this crisis, not just bailing out Wall Street firms: ""If we do not take action to address the crisis facing borrowers, we'll never solve the crisis facing lenders."" She proposed a new Home Owners' Loan Corporation (HOLC), similar to that used after the Depression and which was launched in 1933. The new HOLC was to administer a national program to help homeowners refinance their mortgages. She also called for a moratorium on foreclosures and freezing of rate hikes in adjustable-rate mortgages. Barack Obama, the Democratic",0.9999182974311861
predictions_K5_gpt-oss-20b.json,"For a full-body workout, drumming is the novelty to beat.",TRUE,TRUE,0.5835767377661737,"Drumming (Reich): up, two of the players phase to where they are playing the same pattern one quarter-note apart from each other, and the other bongo players play resulting patterns that can be heard as a result of the combination of the phased patterns. The rest of the piece continues to use the techniques of beat/rest substitution, phasing, and resultant patterns through its four movements. The transitions consist as follows: Choreographers such as Laura Dean, Anne Teresa De Keersmaeker, and Ginette Laurin have collaborated on dance performances with Reich on ""Drumming"". Drumming (Reich) Drumming is a piece by minimalist composer Steve Reich,",0.5835767377661737
predictions_K5_gpt-oss-20b.json,"Within the three miles surrounding the University Circle area, infant mortality exceeds some Third World countries.",TRUE,TRUE,0.9998792562206769,"University Circle: jobs in a variety of fields, including averaging 1,000 new jobs per year since 2005. Nearby attractions draw approximately 2.5 million visitors annually. As the neighborhood's name implies, higher learning is a major part of the culture of University Circle, with over 13,000 undergraduate, graduate, and professional students attending the area's various institutions. University Circle Inc., a not-for-profit corporation established in 1957, serves as the neighborhood chamber of commerce, providing many administrative and quasi-governmental functions for the area, including security, transportation administration, and marketing. University Circle has its own full-service police department to provide security and patrol the area. Forbes",0.9999576824875472
predictions_K5_gpt-oss-20b.json,"“The flu killed 80,000 people in the U.S. last year”",FALSE,FALSE,0.0037452763142700124,"2009 flu pandemic timeline: Islands did not report."" WHO At least 12,220 deaths globally are formally confirmed. (By contrast, the WHO estimates that the seasonal flu kills from 250,000 to 300,000 people around the world each year.) Overall, the activity of the H1N1 pandemic has peaked. WHO In Geneva Dr. Margaret Chan, Director-General of the WHO, remarks in the context of the H5N1 bird flu virus that ""The fact that the long overdue influenza pandemic is so moderate in its impact is probably the best health news of the decade"" but that ""No, the world is not ready for a pandemic to be caused",0.9630557216202488
predictions_K5_gpt-oss-20b.json,Therapy animals are everywhere. Proof that they help is not.,TRUE,FALSE,0.4998896590436925,"Animal-assisted therapy: a distraction method when it comes to various situations or pain, and animals can also help bring happiness, pleasure, and entertainment to the pediatric population. Animals can also help improve children's moods and reinforce positive behaviors while helping to decrease negative ones. Dogs in AAT can be an effective method to reduce pain in children as a complementary treatment. Animal-assistance programs may be useful in prisons to relieve stress of the inmates and workers, or to provide other benefits, but further study is needed to confirm the effectiveness of such programs in these settings. When elderly people are transferred to",0.9999779304184817
predictions_K5_gpt-oss-20b.json,"Trio wins chemistry Nobel for work on antibody drugs, smart enzymes.",TRUE,FALSE,0.00011721075133895086,"Frances Arnold: peptides and antibodies."" She is the first female graduate of Princeton to be awarded a Nobel Prize and the first person who got their undergraduate degree from Princeton (male or female) to receive a Nobel Prize in one of the natural sciences categories (chemistry, physics, and physiology of medicine). Frances Arnold Frances Hamilton Arnold (born July 25, 1956) is an American chemical engineer and Nobel Laureate. She is the Linus Pauling Professor of Chemical Engineering, Bioengineering and Biochemistry at the California Institute of Technology (Caltech). In 2018, she was awarded the Nobel Prize in Chemistry for pioneering the use of",0.9999952067420038
predictions_K5_gpt-oss-20b.json,"Utah home-birth rate is double the US average, report says.",TRUE,TRUE,0.9998918176557401,"Utah: less frequent now in Salt Lake City, is a reversal of vowels, so that 'farm' and 'barn' sound like 'form' and 'born' and, conversely, 'form' and 'born' sound like 'farm' and 'barn'. In 2000, 87.5% of all state residents five years of age or older spoke only English at home, a decrease from 92.2% in 1990. Utah has the highest total birth rate and accordingly, the youngest population of any U.S. state. In 2010, the state's population was 50.2% male and 49.8% female. According to the Bureau of Economic Analysis, the gross state product of Utah in 2012 was ,",0.9999822944841905
predictions_K5_gpt-oss-20b.json,California rejects unique intersex surgery ban for some kids.,TRUE,FALSE,0.0001153117978081284,"Intersex rights in the United States: many reported misinformation. The report calls for a ban on ""surgical procedures that seek to alter the gonads, genitals, or internal sex organs of children with atypical sex characteristics too young to participate in the decision, when those procedures both carry a meaningful risk of harm and can be safely deferred."" The report was acknowledged as an important contribution to research by the American Academy of Pediatrics. In a 2017 interview for Harper's Magazine, Laurence Baskin, chief of pediatric urology at University of California, San Francisco, told journalist Sarah Topol ""that he would recommend early surgery not just for 5-alpha",0.9999671263655764
predictions_K5_gpt-oss-20b.json,"Nobel for quantum ""parlour trick"" that could make super computers.",TRUE,TRUE,0.7501171932970276,"Quantum computing: topic, in spite of rapid progress, is still in its infancy. There is also a vast amount of flexibility. In 1959 Richard Feynman in his lecture ""There's Plenty of Room at the Bottom"" states the possibility of using quantum effects for computation. In 1980 Paul Benioff described quantum mechanical Hamiltonian models of computers and the Russian mathematician Yuri Manin motivated the development of quantum computers. In 1981, at a conference co-organized by MIT and IBM, physicist Richard Feynman urged the world to build a quantum computer. He said, ""Nature isn't classical, dammit, and if you want to make a simulation",0.9999759517942612
predictions_K5_gpt-oss-20b.json,Princeton revising polices over mental health disabilities.,TRUE,FALSE,0.3289393536056198,"North Princeton Developmental Center: North Princeton Developmental Center The North Princeton Developmental Center, formerly known as the New Jersey State Village for Epileptics, was a medical facility within Montgomery Township, Somerset County, New Jersey. The facility was home to a variety of mental health institutions throughout the years. In 2011, the former self-sustaining mental health village was slated for demolition to make space for a proposed county park. Demolition was completed in 2012 with plans to begin construction of the conceptual park in 2013. The facility garnered much notoriety over the past decades due to its ""ghost town"" appearance and mention in the popular",0.7485824147541522
predictions_K5_gpt-oss-20b.json,"According to (Barack) Obama’s newest unconstitutionally enacted law, health care professionals are now required to violate HIPAA privacy laws and submit medical data to the government,"" which is ""then used as justification for gun confiscation.",FALSE,FALSE,3.906402591925286e-05,"Firearm Owners' Privacy Act: Firearm Owners' Privacy Act The Firearm Owners' Privacy Act (often abbreviated FOPA) is a law passed by the Florida Legislature in 2011 in response to concerns raised by Floridians whose physicians asked them about gun ownership. The law bans doctors in the state from asking their patients about guns, and from entering information about guns into patients' medical records. However, doctors are allowed to do both of these things under the law provided they believe it is relevant to the medical care or safety of their patients or the safety of others. The law also prevents physicians from denying care",0.9999938085802531
predictions_K5_gpt-oss-20b.json,"Mike Coffman Says state Sen. Morgan Carroll's votes made ""it easier to sue doctors, small businesses, even nurses. Putting her own shady interests first.",FALSE,TRUE,0.7501607466891455,"Morgan Carroll: re-election in 2012 with 59% of the vote, defeating Republican Bill Ross and Libertarian Michele Poague. Carroll sponsored lobbying disclosure laws in 2006 and 2014. During her first year in office, she refused to discuss legislative issues with lobbyists during debate, a practice that led them to complain about her to the Democratic leadership. Her first bill, a workers compensation measure that would allow injured workers to choose their own doctors, was opposed by 240 lobbyists and ultimately failed, as did the other two bills Carroll submitted that year. She is considered an environmentalist, and has been criticized by lobbyists",0.9998826925302722
predictions_K5_gpt-oss-20b.json,Baby illness can be scanned in mother's blood: study.,TRUE,TRUE,0.7499354735586101,"Cell-free fetal DNA: the fetus. Incompatibility of fetal and maternal RhD antigens is the main cause of Hemolytic disease of the newborn. Approximately 15 percent of Caucasian women, 3 to 5 percent of black Africa women and less than 3 percent of Asian women are RhD negative. Accurate prenatal diagnosis is important because the disease can be fatal to the newborn and because treatment including intramuscular immunoglobulin (Anti-D) or intravenous immunoglobulin can be administered to mothers at risk. PCR to detect RHD (gene) gene exons 5 and 7 from cffDNA obtained from maternal plasma between 9 and 13 weeks gestation gives a high",0.999994170876399
predictions_K5_gpt-oss-20b.json,"Sen. Harry Reid voted ""against declaring English our national language, twice.",TRUE,TRUE,0.9999068368642269,"Political positions of Harry Reid: (R-UT) and Richard Durbin (D-IL) Reid opposed a Constitutional amendment to make English the national language of the United States, calling the proposal ""racist."" Reid's positions on immigration have changed considerably over a relatively short period of time. Only fifteen years ago his position was in favor of sharply reducing legal immigration and of not amnestying undocumented entrants and overstays. Reid voted in January 1991 to authorize military force in Iraq to liberate Kuwait. On the Senate floor, Reid quoted from John F. Kennedy's 1963 State of the Union speech by saying ""the mere absence of war is not Peace"".",0.9998996232760101
predictions_K5_gpt-oss-20b.json,"Facebook post Says Anthony Fauci, Bill Gates, George Soros and Jeffrey Epstein are connected with Moderna, Inc., and its efforts to create the coronavirus vaccine.",FALSE,TRUE,0.9998011872598469,"Ciro de Quadros: Janeiro, Brazil, 1968. In 2003, de Quadros joined the Sabin Vaccine Institute, a non-profit organization honoring the legacy of Albert Sabin, developer of the oral polio vaccine. de Quadros is instrumental in the Institute's international immunization advocacy programs, where he works on issues such as the introduction of new vaccines, e.g. rotavirus, rubella, human papilloma virus, pneumococcal and others, and on issues related to the sustainability of national immunization programs. He is also on the faculty at Johns Hopkins School of Hygiene and Public Health and the School of Medicine of the George Washington University. He died of pancreatic cancer",0.9999006718409268
predictions_K5_gpt-oss-20b.json,"Philippines to cull 200,000 fowl after bird flu outbreak.",TRUE,TRUE,0.917268497365149,"2017 Central Luzon H5N6 outbreak: by farms in the last week of April 2017. The first farm to be affected by the disease was reportedly a quail farm. The Department of Agriculture (DA) confirmed the avian influenza outbreak on August 11, 2017 and a state of calamity was declared by the provincial government of Pampanga on the same day. By that time a total of 116,000 birds in farms has been identified to have the virus with 37,000 birds already dead due to the disease. On August 18, 2017, Agriculture Secretary Manny Piñol confirmed occurrence of bird flu in the towns of Jaen and San",0.9522158592724121
predictions_K5_gpt-oss-20b.json,Drug for refractory psoriatic arthritis shows promise in clinical trial,TRUE,TRUE,0.8398572513219741,"Psoriatic arthritis: tablet form and taken by mouth. Side effects include headaches, back pain, nausea, diarrhea, fatigue, nasopharyngitis and upper respiratory tract infections, as well as depression and weight loss. Patented in 2014 and manufactured by Celgene, there is no current generic equivalent available on the market. A review found tentative evidence of benefit of low level laser therapy and concluded that it could be considered for relief of pain and stiffness associated RA. Retinoid etretinate is effective for both arthritis and skin lesions. Photochemotherapy with methoxy psoralen and long-wave ultraviolet light (PUVA) are used for severe skin lesions. Doctors may use",0.9999863704971605
predictions_K5_gpt-oss-20b.json,Lawmakers ready for ‘fast and furious’ session.,TRUE,TRUE,0.8643527195398006,"Fast & Furious: Supercharged: room. Agent Novak wants to stop Roman, but Dominic Toretto and Letty appear, followed by Hobbs, who has a bigger gun and takes Novak away. Screeching cars in the background alert the team that trouble is ahead. The riders put on their 3D glasses. The team makes way for their vehicles and begins the chase in a parking lot underground, where Owen Shaw appears to seek revenge on Dominic, leading a chase outside on the freeway. While similar to Hollywood’s, Florida’s ride is a stand-alone ride. Guests enter from the San Francisco area of the park. The facade is meant",0.9181878579555575
predictions_K5_gpt-oss-20b.json,Zambia says new cases dropping in deadly cholera outbreak.,TRUE,TRUE,0.7500944910381508,"2012 Sierra Leonean cholera outbreak: people and infected more than 25,000 others in Sierra Leone and Guinea since February 2012, when the epidemic was reported. On 4 September 2012, the death toll increased to 350. On 12 September, Dr. Amara Jambai, the Director of Disease Surveillance and Control in the Ministry of Health and Sanitation, reported that cholera infection in Sierra Leone dropped as a result of the activities of the government and other organizations. For the period of January to mid-August 2012, more than 11,600 cholera cases were officially recorded by the Ministry of Health and Sanitation in Sierra Leone. By 30 August, reported",0.9999922730948495
predictions_K5_gpt-oss-20b.json,Aid groups descend on Indonesia quake zone; deaths reach 102.,TRUE,FALSE,0.00019795152449784905,"2016 Aceh earthquake: were admitted to the nearest hospital for bone fractures. Search and rescue teams were immediately assembled and deployed to the scene, including the Disaster Victims Identification team (DVI). Coordination centres were set up in the hardest-hit areas. The Indonesian Volcanology and Geologic Disaster Mitigation departments, and the Ministry of Energy and Human Resources were also sent to the disaster area. One person was reportedly killed due to falling debris. Further search and rescue operations discovered more deaths in Pidie Jaya. The Vice Regent of Pidie Jaya Regency, Said Mulyadi, stated that at least 18 people were killed in the quake,",0.9999999774814072
predictions_K5_gpt-oss-20b.json,Dominican hospital under scrutiny after 14 newborns die.,TRUE,TRUE,0.7499999901549237,"Abortion in the Dominican Republic: and introduced by President Leonel Fernández as Proposal 21. The Dominican Gynecology and Obstetrics Society warned that the number of maternal deaths will increase considerably, because pregnancies can not be interrupted. The society’s president, Aldrian Almonte, said the current figure of 160 deaths for each 100,000 live births per year will increase, because doctors would be reluctant to proceed from fear of being charged in cases where they must decide on the interruption of a pregnancy to preserve the mother’s life. Dr. Altamonte asked, “I would like of the honorable legislators to tell me what are we going to do",0.9999007776414555
predictions_K5_gpt-oss-20b.json,Apple has reopened all 42 China stores.,TRUE,FALSE,0.25004790482344447,"Apple Store: an early one being the Shenzhen Apple Store on November 3, 2012. Apple Store Apple Store is a chain of retail stores owned and operated by Apple Inc. The stores sell Mac personal computers, iPhone smartphones, iPad tablet computers, iPod portable media players, Apple Watch smartwatches, Apple TV digital media players, software, and select third-party accessories. The first Apple Stores were originally opened as two locations in May 2001 by then-CEO Steve Jobs, after years of attempting but failing store-within-a-store concepts. Seeing a need for improved retail presentation of the company's products, he began an effort in 1997 to revamp",0.7499520951765553
predictions_K5_gpt-oss-20b.json,"Turkey will hire more medics, stop exporting face masks: minister.",TRUE,TRUE,0.6707563796257998,"Selahattin Özmen: Gothenburg, Sweden and in 2006 in Hamburg, Germany (http://www.selahattinozmen.com.tr/biyografi) Selahattin Özmen performed Turkey's third face transplant, first woman-to-woman and first three-dimensional (with bone tissue), face transplant, a partial face transplant, on March 17, 2012 on Hatice Nergis, a twenty-year-old woman, at Gazi University's hospital in Ankara. The patient from Kahramanmaraş had lost six years ago her upper jaw including mouth, lips, palate, teeth and nasal cavity by a firearm accident, and was since then unable to eat. She had undergone in the past around 35 reconstructive plastic surgery operations. The donor was a 28-year-old woman in Istanbul, who committed suicide.",0.9810475795838283
predictions_K5_gpt-oss-20b.json,"A driver in Las Vegas shouted ""Allahu Akbar"" as she deliberately struck multiple pedestrians with her vehicle, and police have been instructed to suppress that detail of the story.",FALSE,FALSE,9.563962506651711e-05,"Würzburg train attack: Late on 18 July 2016, a youth with a hatchet and a knife injured four Hong Kongers on a train in Würzburg, Germany. A fifth person, a woman who was walking her dog, was ""hit with the axe twice in the face"" and seriously injured. The perpetrator was located by the police about from the train. As they approached him, he tried to attack and was shot dead. He reportedly shouted """"Allahu Akbar""!"" during the attack, according to Oliver Platzer, a spokesman for the Bavarian Interior Ministry. Public prosecutor Erik Ohlenschlagern said police heard the attacker call out """"Allahu Akbar""!""",0.9999843721762353
predictions_K5_gpt-oss-20b.json,"Global spa, wellness industry estimated at $3.4 trillion: report.",TRUE,TRUE,0.9049858315407957,"Wellness tourism: weekend trips the most popular wellness travel option. Europe is the second largest wellness tourism market, with $158.4 billion in annual, combined international and domestic expenditures; the region ranks highest in number of wellness trips with 216.2 million, compared to North America's 171.7 in 2013. Europeans have long believed in health benefits derived from mineral baths, saunas, thalassotherapy, and other natural and water-based treatments. Thermal resorts and hotels in Turkey and Hungary cater to wellness tourists, many of whom are subsidized by host countries such as Norway and Denmark seeking to mitigate costs of medical procedures for patients with chronic",0.9954712025347545
predictions_K5_gpt-oss-20b.json,Missouri physicians warn against bug-borne diseases.,TRUE,TRUE,0.9999936040915378,"Medical entomology: congestion of nasal passages and asthma. There are many insects that bite including Mosquitoes, Biting Midges, Sandflies, Black flies, Horse Flies, Stable flies. Through feeding, insects or other arthropod vectors can transmit diseases to humans. Medical Entomologists and other medical professionals have helped to develop vaccines that can prevent humans from contracting some of those diseases. They have also developed ways to prevent the arthropods from biting humans. According to a study by the Centers for Disease Control and Prevention published in May 2018, illnesses caused by insect bites have tripled from 2004 to 2016. Minor Bibliography Sistach, Xavier. Insectos",0.9999929113469065
predictions_K5_gpt-oss-20b.json,United States health care facilities face an intravenous bag shortage because of the devastation wreaked by Hurricane Maria in September 2017.,TRUE,TRUE,0.999996520084482,"Hurricane Maria: since. This has caused a months long shortage in medical supplies in the United States, especially IV bags. Small IV bags often come pre-filled with saline or common drugs in solution, and have forced health care providers to scramble behind the scenes for alternative methods of drug delivery. In January 2018, when the shortage was projected to ease, flu season hit and led to a spike in patients. By the end of January 2018, approximately 450,000 customers remained without power island-wide. On February 11, an explosion and fire damaged a power substation in Monacillo, causing a large blackout in northern",0.9999975505861359
predictions_K5_gpt-oss-20b.json,"I’ll Take a Sperm Test, to Go: First at-Home Male-Infertility Test Debuts",FALSE,TRUE,0.9998011872598469,"Clearblue: occurred (1-2, 2-3 or over 3 weeks) alongside a pregnant result. It was released in Europe in 2008 and in the U.S in August 2013 under the name “Clearblue Advanced Digital Pregnancy Test with Weeks Estimator.” Clearblue has also launched ovulation and fertility home diagnostic products to help women identify their fertile days and to maximize their chances of conception. In 1989, Clearblue released the first one-step home ovulation test, enabling women to measure their surge in Luteinising Hormone (LH) to determine their most fertile days. In 1999, the brand launched the world’s first dual-hormone fertility monitor, which allowed women",0.9998011872598469
predictions_K5_gpt-oss-20b.json,Researchers identify CTE biomarker that may lead to diagnosis while alive,TRUE,TRUE,0.9999005081519513,"Biomarker (medicine): biomarker research. Coronary angiography, an invasive procedure requiring catheterization, has long been the gold standard for diagnosing arterial stenosis, but scientists and doctors hope to develop noninvasive techniques. Many believe that cardiac computed tomography (CT) has great potential in this area, but researchers are still attempting to overcome problems related to “calcium blooming,” a phenomenon in which calcium deposits interfere with image resolution. Other intravascular imaging techniques involving magnetic resonance imaging (MRI), optical coherence tomography (OCT), and near infrared spectroscopy are also being investigated. Another new imaging biomarker involves radiolabeled fludeoxyglucose. Positron emission tomography (PET) can be used to measure",0.9999750949074576
predictions_K5_gpt-oss-20b.json,“Only 6% of the people actually died from COVID.” The others “died from other reasons.”,FALSE,FALSE,0.20426495197779676,"James Jurin: of variolation with those from contracting the disease naturally. He studied mortality statistics for London for the fourteen years prior to 1723 and concluded that one fourteenth of the population had died from smallpox, up to 40 percent during epidemics. He advertised in the ""Proceedings of the Royal Society"" for readers to report their personal and professional experiences and received over sixty replies, most from other physicians or surgeons but most significantly from Thomas Nettleton who reported his own calculations from his experience in several communities in Yorkshire. Jurin's analysis concluded that the probability of death from variolation was roughly",0.7957350480222033
predictions_K5_gpt-oss-20b.json,Facebook post Says a warning label on a box of disposable masks shows that they are ineffective at protecting against the spread of COVID-19.,FALSE,FALSE,0.12500823040928813,"Lymantria dispar multicapsid nuclear polyhedrosis virus: birds, and fish at field doses. While it is non-toxic to warm-blooded animals, impurities may cause eye irritation. The appearance is listed as, ""dried insect body parts and virus polyhedral"" and has a musty odor. For handlers and mixers, normal clothes, a medical face mask and goggles are recommended. In case of skin contact, wash with soap and water. If in eyes, flush with water. If irritation persists, seek medical attention. LdMNPV has undergone numerous tests in regards to toxicity and mortality, all of which show no adverse effects except varying irritation for ocular doses administered to the eyes of",0.9192929318386344
predictions_K5_gpt-oss-20b.json,Spanking kids can cause long-term harm: Canada study.,TRUE,TRUE,0.999906251897138,"Corporal punishment in the home: spanking their children were three times more likely to also report using forms of punishment considered abusive to the researchers ""such as beating, burning, kicking, hitting with an object somewhere other than the buttocks, or shaking a child less than 2 years old"" than mothers who did not report spanking. The authors found that any spanking was associated with increased risk of abuse, and that there were strong associations between abuse and spanking with an object. Adam Zolotor, the study's lead author, noted that ""increases in the frequency of spanking are associated with increased odds of abuse, and mothers who",0.9999049692751864
predictions_K5_gpt-oss-20b.json,NFL suspends Patriots’ Gordon for substance abuse violation.,TRUE,TRUE,0.999939735067591,"2015 Cleveland Browns season: Josh Gordon was facing a year-long suspension following a fifth failed drug test, this time for alcohol. This follows a 10-game suspension in 2014 for testing positive for marijuana. On February 3, the league imposed the suspension without pay for at least one year, possibly indefinitely. His earliest return would be training camp for the 2016 season. On February 3, 2015, quarterback Johnny Manziel voluntarily entered a rehab facility for dependence on alcohol. He exited the facility on April 12, shortly prior to the beginning of offseason workouts. In an incident widely dubbed as Textgate, it was announced on February",0.9999833682482541
predictions_K5_gpt-oss-20b.json,Broccoli May Slow or Reverse Some Atherosclerosis,FALSE,TRUE,0.9998919536957875,"Atherosclerosis: of arteries limits the flow of oxygen-rich blood to parts of the body. Diagnosis is based upon a physical exam, electrocardiogram, and exercise stress test, among others. Prevention is generally by eating a healthy diet, exercising, not smoking, and maintaining a normal weight. Treatment of established disease may include medications to lower cholesterol such as statins, blood pressure medication, or medications that decrease clotting, such as aspirin. A number of procedures may also be carried out such as percutaneous coronary intervention, coronary artery bypass graft, or carotid endarterectomy. Atherosclerosis generally starts when a person is young and worsens with age.",0.9999830349369336
predictions_K5_gpt-oss-20b.json,New adult behavioral health unit opens in northern Arkansas.,TRUE,FALSE,0.08353267342991078,"Arkansas Children's Hospital: build a new hospital in Springdale, the Tyson family and Tyson Family Foods committed $15 million to the project, marking the largest gift the organization had ever received. The gift created the Tyson Family Tower at Arkansas Children's Northwest, anchoring the new facility which will include 233,613 square feet of inpatient beds, emergency care, diagnostic services and clinical space. In August 2016, Arkansas Children's Research Institute announced that it had received a $9.4 million award from the National Institutes of Health's Institutional Development Award program to create a center for the study of childhood obesity. Drs. Judith Weber and Elisabet",0.8331341518454597
predictions_K5_gpt-oss-20b.json,California lawmakers want to repeal HIV criminalization laws.,TRUE,TRUE,0.9999011230430052,"Criminal transmission of HIV: 2010. On September 23, 2011, Rep. Barbara Lee (D-CA) introduced H.R. 3053, The Repeal Existing Policies that Encourage and Allow Legal HIV Discrimination Act or the REPEAL HIV Discrimination Act. The REPEAL HIV Discrimination Act calls for review of all federal and state laws, policies, and regulations regarding the criminal prosecution of individuals for HIV-related offenses. The bill died in the Subcommittee on Health, and also in 2013/2014 when introduced as HR 1843 and referred to the Subcommittee on Military Personnel. Courts have looked into the statistical probability of HIV transmission to overturn or reduce criminal sentences resulting from prosecutions.",0.9999011230430052
predictions_K5_gpt-oss-20b.json,"More (people) die from indoor air pollution than from malaria, HIV/AIDS and TB combined.",TRUE,TRUE,0.9999712565999858,"Project Gaia: otitis media, cancer of the upper airway, and cataracts. Respiratory disease in children is the leading cause of death for children, though malaria and diarrheal diseases are better known. Indoor air pollution also disproportionately effects refugee, poor urban, and HIV/AIDs populations living in crowded and poorly ventilated conditions, and already carrying the burden of disease. Meanwhile, collecting wood involves risk to personal safety. Women and older children usually collect wood, often facing gender-based harassment and disputes with landowners who accuse them of trespassing. Women in Ethiopia's UNHCR refugee camps say that they fear assault, rape, and violence while searching for",0.9999765981575879
predictions_K5_gpt-oss-20b.json,The Centers for Disease Control and Prevention is ordering that all deaths no matter the cause be counted as COVID-19 deaths via a new ICD code.,FALSE,TRUE,0.9998915923450487,"International Statistical Classification of Diseases and Related Health Problems: the ICD-10 (without clinical extensions) was adopted for reporting mortality, but ICD-9-CM was still used for morbidity. Meanwhile, NCHS received permission from the WHO to create a clinical modification of the ICD-10, and has production of all these systems: On 21 August 2008, the US Department of Health and Human Services (HHS) proposed new code sets to be used for reporting diagnoses and procedures on health care transactions. Under the proposal, the ICD-9-CM code sets would be replaced with the ICD-10-CM code sets, effective 1 October 2013. On 17 April 2012 the Department of Health and Human Services (HHS) published",0.9999833543267828
predictions_K5_gpt-oss-20b.json,Singer and actress Demi Lovato passed away in August 2018.,FALSE,FALSE,0.24988692816592786,"Demi Lovato: Health Awareness Day in Washington, D.C.. She has also become an advocate for the LGBT community. In 2014, she became the face for the Human Rights Campaign's Americans for Marriage Equality Campaign. In April 2016, Lovato was honored with the GLAAD Vanguard Award for her activism. Lovato was born on August 20, 1992 in Albuquerque, New Mexico to former Dallas Cowboys cheerleader Dianna De La Garza (née Dianna Lee Smith) and engineer and musician Patrick Martin Lovato. She has an older sister named Dallas; a younger maternal half-sister, actress Madison De La Garza; and an older paternal half-sister named Amber,",0.9999913448508411
predictions_K5_gpt-oss-20b.json,"Foster care, mental health, guns on DeWine’s 2020 agenda.",TRUE,TRUE,0.5005113318070606,"Mike DeWine: services. In October 2017, DeWine announced a 12-pronged plan to combat the opioid epidemic, drawing from his experience breaking up pill mills, prosecuting traffickers, supporting recovery, and advocating the importance of drug-use prevention education. In addition, Attorney General DeWine has gone after the pharmaceutical industry, suing opioid manufacturers and distributors for their alleged roles in fraudulent marketing and unsafe distribution of opioids that fueled the epidemic in Ohio and across the country. In October 2017, news reports surfaced that Anthony Precourt, the investor/operator of the Columbus Crew, was exploring the option of moving the team out of state. After the",0.999289271007138
predictions_K5_gpt-oss-20b.json,11-year-old shares her story battling cancer with classmates.,TRUE,TRUE,0.7050659435019155,"Tania Katan: Katan has been treated for breast cancer twice: at age 21, and at age 31. As a result of her experiences, she has become an advocate for breast cancer awareness, and has written a memoir and a play about breast cancer. Her first memoir, ""My One-Night Stand With Cancer,"" received the Stonewall Book Award, the Judy Grahn Award for Nonfiction from the Publishing Triangle, and a finalist for the Lambda Literary Award. Katan published a second memoir, ""Pop (Childhood 6 of 1)"" in 2015. Her writing can also be found in publications such as ""The Huffington Post"", ""The Advocate,"" and",0.8460158341138603
predictions_K5_gpt-oss-20b.json,Peru's giant jungle fish hooks conscientious gourmets.,TRUE,TRUE,0.9998672872181945,"Peruvian cuisine: fish like gamitana, sabalo (""Salminus hilarii"", see ""Salminus""), tucunare, boquichico, palometa, bagre, and many others including the piranha, that are prepared in variety of dishes such as ""timbuche"" (soup) or ""patarashca"" (grilled in vegetables); many types of turtles like the motelo (land turtle), and the charapa and taricaya (river turtles). Hunting turtles is prohibited in Peru, therefore turtle-based dishes are scarce and expensive and not sold ""à la carte"" in restaurants. Other animals include the majas, the sajino, the agouti and jungle mammals, which are called collectively ""carne de monte"". The Black Caiman is also considered a delicacy; but its",0.999933391100892
predictions_K5_gpt-oss-20b.json,"The Swedish parliament rejected seven proposals in May 2017 establishing a mandatory vaccination program, enacting a ban on the practice.",FALSE,TRUE,0.7800107185859371,"Nicola Zingaretti: on the left. The campaign's main themes were social justice and fight to economic inequality. In September 2018, the Regional Council of Lazio approved a law containing urgent vaccine prevention measures that reintroduced the mandatory vaccination, keeping the number of mandatory vaccines to 12 and not allowing those who have not been vaccinated to attend school. This law was introduced by the government of Paolo Gentiloni in early 2017 and treated to be abolish by Giulia Grillo, the new Minister of Health. On 1 December 2018, Zingaretti faced a motion of no confidence proposed by the centre-right coalition, which was",0.8393165113918777
predictions_K5_gpt-oss-20b.json,"Crossroads GPS Says Joe Sestak ""voted to gut Medicare ... reducing benefits for 854,489 seniors"" and jeopardizing ""access to care for millions.",FALSE,TRUE,0.7499862133237676,"2006 Ohio's 2nd congressional district election: reform, including a comprehensive Medicare prescription drug benefit to give America's seniors access to affordable prescription drugs. Now that the program is off the ground, the evidence is in and we have much to celebrate: the Medicare prescription drug benefit is working, and seniors are saving money. Over 90 percent of all Medicare beneficiaries now have drug coverage - that's 38 million seniors. As of this summer in Ohio, 1.4 million more seniors have prescription drug coverage than before the benefit began."" Wulsin ran a television advertisement using the widely broadcast footage of Schmidt criticizing Democratic Representative John Murtha, a",0.9999855111373886
predictions_K5_gpt-oss-20b.json,UK faces new legal action over air quality.,TRUE,TRUE,0.9999944868448983,"Environmental Protection UK: in the UK. The Government’s Committee on the Medical Effects of Air Pollution (COMEAP) estimates that approximately 24,000 deaths per year are advanced due to the effects of “normal” UK concentrations of air pollution. In hot years such as 2003 this figure may have been even larger. EPUK founded and launched the Healthy Air Campaign in 2011 - now being co-ordinated by Client Earth. Air pollution remains a significant health threat - with the UK facing the threat of fines from the EU for breaching air quality guidelines - so the work of the EPUK air quality committee remains crucial.",0.9999897846404927
predictions_K5_gpt-oss-20b.json,UK authorities release confiscated cannabis after boy hospitalized.,TRUE,TRUE,0.8744613261967291,"Cannabis in the United Kingdom: law. This led to increased public outcry, particularly in the case of Billy Caldwell who was hospitalised with life-threatening seizures after his medication was confiscated by authorities. On 20 June 2018, Health Secretary Jeremy Hunt announced his support for the medical use of cannabis and that a review would be undertaken to study changes to the law. On 26 July 2018, Home Secretary Sajid Javid announced that cannabis products would be made legal for patients with an ""exceptional clinical need"", and that cannabis would be moved from a Schedule I classification to Schedule 2. On 11 October the new provisions",0.940087605516303
predictions_K5_gpt-oss-20b.json,Heart Device Cuts Death Rate,TRUE,TRUE,0.9907111775654811,"Dipsalut: Each year in Catalonia between 3,000 and 4,000 people die from sudden cardiac death,[note 1] which is when a person's heart stops pumping blood due to a problem with their cardiac rhythm. It can affect people of all ages and both sexes and it is unpredictable. The only way to save the victim's life is to use a defibrillator, a device that delivers an electric shock to help the heart recover its normal rhythm. To save the victim and avoid any subsequent after-effects it is essential to use the defibrillator within the first few minutes of the cardiac arrest. However,",0.8330318675477857
predictions_K5_gpt-oss-20b.json,"Liberals"" want to change the name of Cracker Barrel to ""Caucasian Barrel"" because otherwise it's racist.",FALSE,FALSE,0.14201058372528882,"Cracker Barrel: a U.S. Department of Justice (USDOJ) investigation found that Cracker Barrel discriminated against minority customers; patrons complained of racially segregated seating and service quality. In an agreement with the USDOJ, Cracker Barrel implemented non-discrimination policies and pledged to focus on improving minority representation and civic involvement, particularly in the black community. Company shareholders added sexual orientation to the company's non-discrimination policy in 2002. Cracker Barrel was founded in 1969 by Dan Evins, a sales representative for Shell Oil, who developed the restaurant and gift store concept initially as a plan to improve gasoline sales. Designed to resemble the traditional country",0.7161774852232216
predictions_K5_gpt-oss-20b.json,Massachusetts Senate to debate prescription drug price bill.,TRUE,TRUE,0.9998013235274185,"Diana DiZoglio: legislation aimed at curbing opioid prescriptions and attempted to establish a task force in Massachusetts on protecting elderly and elderly persons residing in public housing. DiZoglio worked with the Lawrence legislative delegation to secure $145,000 for STEM (science, technology, engineering and math) learning at Greater Lawrence Technical School. In March 2018 DiZoglio announced her candidacy for the 1st Essex District State Senate after incumbent State Senator Kathleen O'Connor-Ives announced her decision to not seek reelection. Diana DiZoglio Diana DiZoglio is an American state legislator serving in the Massachusetts House of Representatives. She is a Methuen resident and a member of",0.9999997500431121
predictions_K5_gpt-oss-20b.json,"Inspired by Greta Thunberg, worldwide protest demands climate action.",TRUE,TRUE,0.9999821102558876,"Greta Thunberg: Greta Thunberg Greta Thunberg (born 3 January 2003) is a Swedish climate activist. She is known for striking outside the Swedish parliament building to raise climate change activism, speaking at TEDxStockholm, and addressing the COP24 UN climate conference. Thunberg was born on 3 January 2003. Her mother is Malena Ernman, a Swedish opera singer. Thunberg's father is Svante Thunberg, who is an actor named after Svante Arrhenius. Arrhenius is an ancestor of her father, and won a Nobel Prize in Chemistry for calculating the effects of greenhouse gases in the atmosphere. Her grandfather is Olof Thunberg, an actor and a",0.9999830567153077
predictions_K5_gpt-oss-20b.json,Lava gushes from volcano near Manila; tens of thousands flee.,TRUE,TRUE,0.9902110647634499,"Angeles, Philippines: by the cataclysmic eruption of nearby Mount Pinatubo, with up to 60,000 people being evacuated from the city. It was the second-largest volcanic eruption of the twentieth century and, by far, the largest eruption to affect a densely populated area. The province of Pampanga, Clark specifically, were badly hit and the agricultural lands, as well as other businesses, were covered by tons of lahar. There were no casualties reported inside Clark two days from the initial eruption because the 18,000 personnel and their families were transported to Guam and the Subic Naval Base in Zambales. The eruption of Mount Pinatubo",0.9195264145995407
predictions_K5_gpt-oss-20b.json,Group launches plan to improve behavioral care access.,TRUE,TRUE,0.9991900010299553,"Primary Care Behavioral health: prototype for cost offset research and spawned future projects among managed care organizations, with goal of reducing costs. In 1987, Humana followed suit by studying brief behavioral intervention among Medicare recipients in Florida, with the intention of reducing medical utilization among recent widows and widowers. Known as the Bereavement Program, Humana learned after 2 years $1400 could be saved per patient via brief group intervention for bereavement. In the 1990s, other HMOs and regional group practices began to integrate behavioral health services into primary care, including Kaiser Permanente, Healthcare partners, Group Health Cooperative of the Puget Sound, Kaiser Group Health",0.9919942752758381
predictions_K5_gpt-oss-20b.json,India allows limited exports of anti-malaria drug after Trump warns of retaliation.,TRUE,TRUE,0.7929632948939718,"Jeeri R. Reddy: Corporation donated $173,050 worth of Rapid Diagnostic Tests (RDTs) for malaria in Zambia and actively participated in the prevention of child deaths due to Malaria infections. Reddy was personally invited by the President George W. Bush and First Lady Laura Bush to the White House for Malaria Awareness Day sponsored by US President Malaria Initiative (PMI) on Wednesday, April 25, 2007. A notable inexpensive vaccine developed by Reddy is for Meningococcal meningitis for Prevention of Meningitis disease outbreaks in sub-Saharan Africa, His main objective is to facilitate affordable biological medicines to the resource poor countries. His leadership on global health",0.7929632948939718
predictions_K5_gpt-oss-20b.json,“if your child gets this virus their going to hospital alone in a van with people they don’t know...to be with people they don’t know… you will be at home without them in their time of need.”,FALSE,FALSE,0.2681336252365603,"St. Camillus Centre: were alert to the children's needs as the parents’ health declined due to AIDS related illnesses and subsequent death. The volunteers informed the CGPU of children who were at risk and required an alternative living environment. ""“We arranged to visit a small mountain village and came upon three small children who looked so dirty and hungry. We entered the house only to find their mother was still in bed with a cover over her shoulders. It appeared she had been dead for several days but the children were just too young and frightened to understand. The caregiver brought the children",0.7318663747634402
predictions_K5_gpt-oss-20b.json,Report: 20-somethings can go 2 years between Paps,TRUE,FALSE,0.00021519991851860613,"Pap test: and endometrium, it is not designed to do so. In the United States, Pap smear screening is recommended starting around 21 years of age until the age of 65. However, other countries do not recommend pap testing in non-sexually active females. Guidelines on frequency vary from every three to five years. If results are abnormal, and depending on the nature of the abnormality, the test may need to be repeated in six to twelve months. If the abnormality requires closer scrutiny, the patient may be referred for detailed inspection of the cervix by colposcopy. The person may also be referred",0.9937168815912248
predictions_K5_gpt-oss-20b.json,Greece quarantines second migrant camp after COVID-19 case confirmed.,TRUE,TRUE,0.7499883043591241,"Vasilika refugee camp: facilities. Vasilika refugee camp The Vasilika refugee camp is a military-run refugee camp located in an old warehouse in Vasilika village (Thermi), Central Macedonia, Greece. The camp opened on 14 June 2016 to host the refugees evicted from the Idomeni refugee camp and Hotel Hara. Greek authorities declared that 1,158 people, fundamentally Syrian and Iraqi, were moved from the Eko camp (belonging to Idomeni refugee camp) to Vasilika in buses. As of 23 June 2016, there were 1,205 refugees registered in the Vasilika refugee camp. Some refugees have denounced to the media the poor conditions of the camp regarding food",0.8749824565386859
predictions_K5_gpt-oss-20b.json,"Cracking the mysteries of the elusive, majestic whale shark.",TRUE,FALSE,0.2500046609355873,"Ryan Johnson (marine scientist): the Great White Shark hunting Cape fur seal at night time, a previously unknown behavior. Between 2001 and 2005 Johnson conducted research on the controversial practice of chumming great white shark for tourism, often called cage diving, where he discovered evidence of conditioning, however he did not link this to increased numbers of attacks on human beings. In January 2008 he led a pilot study to Ponto Do Ora (Mozambique) on the Zambezi shark, also known as the Bull shark. Between 1998 and present Johnson has featured as a marine scientist in numerous documentaries including Naked Science (National Geographic), Earth",0.8749676298023574
predictions_K5_gpt-oss-20b.json,Bill McCollum holds the same position on (embryonic stem cell research) as Barack Obama.,TRUE,FALSE,0.324248618435962,"Political positions of John McCain: research. McCain had earlier opposed embryonic stem cell research and credits former First Lady Nancy Reagan, a prominent Republican supporter of such research, with changing his mind in 2001. He states that he believes that stem cell research, and indeed embryonic stem cell research, will continue whether or not the U.S. sanctions it, and so it would be the wisest course of action to support it to the extent that the United States will be able to regulate and monitor the use. In July 2008 he said ""At the moment I support stem cell research [because of] the potential it",0.6964995855386159
predictions_K5_gpt-oss-20b.json,"After prohibition ended, police deaths didn't reach 200 a year again until the year Nixon declared war on drugs.",FALSE,TRUE,0.9999263518950995,"War on drugs: fifteen percent of the servicemen were addicted to heroin, and President Nixon declared drug abuse to be ""public enemy number one"". Although Nixon declared ""drug abuse"" to be public enemy number one in 1971, the policies that his administration implemented as part of the Comprehensive Drug Abuse Prevention and Control Act of 1970 were a continuation of drug prohibition policies in the U.S., which started in 1914. In 1973, the Drug Enforcement Administration was created to replace the Bureau of Narcotics and Dangerous Drugs. The Nixon Administration also repealed the federal 2–10-year mandatory minimum sentences for possession of marijuana and",0.9999624152351781
predictions_K5_gpt-oss-20b.json,First test of anti-epilepsy surgeries in children shows dramatic benefit,TRUE,TRUE,0.9998823799252159,"CURE Children's Hospital of Uganda: for treatment. Neurosurgeons Benjamin Warf and Warren Boling of West Virginia University performed the first three epilepsy surgeries ever done in the region. The program in ongoing and is being evaluated for further expansion. With the encouragement and support of international neurosurgical societies, CCHU has established a fellowship program for pediatric neurosurgeons. It is the only such program in Sub-Saharan Africa. Two neurosurgeons per year will study and work at CCHU, to focus their skills on children and to concentrate on a range of afflictions of the brain and central nervous system. CURE Children's Hospital of Uganda CURE Children's Hospital",0.9999947094383854
predictions_K5_gpt-oss-20b.json,"Love bugs"" are the result of a genetic experiment gone wrong at the University of Florida.",FALSE,FALSE,0.04004416971767129,"The Love Bug (1997 film): The Love Bug (1997 film) The Love Bug is a 1997 American made-for-television comedy adventure film and a remake of the 1968 film of the same name produced by Walt Disney Television which premiered on ABC as part of ""The Wonderful World of Disney"" on November 30, 1997. The remake starred Bruce Campbell and included a special appearance by Dean Jones, star of the original ""Love Bug"", tying it to the previous films and introduced an evil black Volkswagen named Horace, ""The Hate Bug"", giving the film a much darker tone than the other ""Herbie"" films. It is the fifth",0.9999081892198035
predictions_K5_gpt-oss-20b.json,"Canada faces 'critical week' in coronavirus crisis, death toll jumps.",TRUE,FALSE,3.67758321113661e-05,"2012 Middle East respiratory syndrome coronavirus outbreak: and from that family at least one additional person presented similar symptoms but tested negative for the novel coronavirus. On 21 February 2013, WHO stated that there had been 13 laboratory-confirmed cases, 6 cases (4 fatal) from Saudi Arabia, 2 cases (both fatal) from Jordan, 2 cases from Qatar, and 3 from the UK. In March 2013, the Saudi Arabia Ministry of Health reported the death of a 39-year-old man, the 15th case and 9th death reported to WHO. On 2 May 2013, the Saudi Ministry of Health announced five people died and two other people were in critical condition",0.9999943895555242
predictions_K5_gpt-oss-20b.json,"An amendment inserted by lawmakers into the state budget ""exempts scientific researchers from all state animal cruelty laws.",TRUE,FALSE,0.2940585387587345,"Steve King: ""Humane Scorecard"". Afterward, he put out a video clarifying his position, stating that it would be putting animals above humans if it were legal to watch humans fight but not animals. In July 2012, King introduced an amendment to the House Farm Bill that would legalize previously banned animal agriculture practices such as tail-docking, putting arsenic in chicken feed, and keeping impregnated pigs in small crates. ""My language wipes out everything they've done with pork and veal,"" King said of his amendment. The Humane Society of the United States (HSUS) President Wayne Pacelle said the measure could nullify ""any laws",0.7205910999254914
predictions_K5_gpt-oss-20b.json,Shots for food workers urged in 2 West Virginia counties.,TRUE,TRUE,0.874976175405218,"2016 West Virginia flood: Clay, Fayette, Monroe, Pocahontas, Roane, Summers and Webster counties. Five of those counties — Clay, Fayette, Monroe, Roane and Summers — were granted the request. As a precautionary measure, natural gas service was suspended for White Sulphur Springs in Greenbrier County. In Fayette County, where there were reports of looters, Sheriff Steve Kessler warned would-be thieves that citizens were legally armed and ready to protect what they had left. Law enforcement officials in the county later clarified that such actions were ""not sanctioned by the sheriff's department."" In unaffected parts of the state including Morgantown and Martinsburg, residents collected items",0.874976175405218
predictions_K5_gpt-oss-20b.json,Georgia shelter quarantines dog area for parvovirus.,TRUE,FALSE,0.00010813003916855173,"Canine parvovirus: for immunity. A modified live vaccine many confer protection in 3 to 5 days; the contagious individual should remain in quarantine until other animals are protected. Canine parvovirus Canine parvovirus type 2 (CPV2, colloquially parvo) is a contagious virus mainly affecting dogs, and thought to originate in cats. The current consensus is that the feline panleukopenia virus mutated into CPV2. Parvo is highly contagious and is spread from dog to dog by direct or indirect contact with their feces. Vaccines can prevent this infection, but mortality can reach 91% in untreated cases. Treatment often involves veterinary hospitalization. Canine parvovirus may",0.9999822721189442
predictions_K5_gpt-oss-20b.json,Arkansas Colleges of Health Education celebrates 5 years.,TRUE,FALSE,0.275161542370972,"University of Arkansas College of Education & Health Professions: University of Arkansas College of Education & Health Professions The College of Education & Health Professions is the University of Arkansas's college for students with interest in the education and health professions. The College has five departments, and an honors program through the Honors College. In 2015, Fulbright College awarded the second-most undergraduate degrees of the eight colleges at the University of Arkansas. Two degrees are offered by the School of Nursing, the Bachelor of Science in Nursing, and a cohort-based Master of Science in Nursing Online Clinical Program, which will take a full-time student 2½ years to complete. A",0.97408960133154
predictions_K5_gpt-oss-20b.json,Death is listed as a side effect of the MMR vaccine.,FALSE,TRUE,0.9998014428442235,"MMR vaccine controversy: 100 years"". Physicians, medical journals, and editors have described Wakefield's actions as fraudulent and tied them to epidemics and deaths. Before the autism-related controversy started in 1998, some concern had already arisen about the safety of the MMR vaccine due to side effects associated with the Urabe mumps strain, including rare adverse events of aseptic meningitis, a transient mild form of viral meningitis. A late-1980s trial in Britain of a form of the MMR vaccine containing the Urabe mumps strain produced three cases of probably associated febrile convulsions per 1,000 vaccinations. Concerns about adverse reactions to the vaccine were raised",0.9999337798920184
predictions_K5_gpt-oss-20b.json,Mozambique to start cholera vaccinations next week after cyclone.,TRUE,TRUE,0.9998781163260794,"Cyclone Favio: the situation aerially. The disaster management minister of South Africa flew into Mozambique to survey the damage. Due to the concern for potential disease epidemics including those of malaria and cholera, health officials raised public awareness through theaters and radio. A joint coalition of the United States Agency for International Development and the Office of Foreign Disaster Assistance provided $626,500, enabling transportation of 50,000 mosquito nets to the devastated area. Oxfam International distributed of clean water per day for 15,000 displaced people in the Caia and Marromeu districts and housed 8,000 residents in Chupanga, where they also distributed 5,500 bars",0.9999931026335933
predictions_K5_gpt-oss-20b.json,Technology helps China brace for population growth.,TRUE,FALSE,0.4705710454371688,"Joseph Needham: experiment-based innovation processes have a higher likelihood of producing better technology as human capital grows. China had about twice the population of Europe until the 13th century and so had a higher probability of creating new technologies. After the 14th century, China's population grew exponentially, but progress in innovation saw diminishing returns. Europe had a smaller population but began to integrate science and technology that arose from the scientific revolution in the 17th century. This scientific revolution gave Europe a comparative advantage in developing technology in modern times. Lin blamed the institutions in China for preventing the adoption of the",0.9960485292787543
predictions_K5_gpt-oss-20b.json,"The University of Louisville Hospital confirmed the deaths of 16 people from a rare strain of the ""HR3211 virus.",FALSE,FALSE,0.2612483720154507,"2012 Middle East respiratory syndrome coronavirus outbreak: in Manchester in an elderly man who had recently visited the Middle East and Pakistan; it was the 10th case globally. The man's son, whom he visited in the hospital in Birmingham, was immuno-suppressed because of a brain tumour, and contracted the virus, providing the first clear evidence for person-to-person transmission. He died on 19 February 2013. The second patient was a 49-year-old Qatari man who had visited Saudi Arabia before falling ill. He was flown privately by air ambulance from Doha to London on 11 September where he was admitted to St Mary's Hospital and later was transferred to",0.9246541298863935
predictions_K5_gpt-oss-20b.json,"As the United States government tried to negotiate a response to a novel coronavirus strain, cost issues temporarily stalled passing a bill approving roughly $8 billion in emergency funding.",TRUE,FALSE,0.00010849031638641902,"Pandemic and All-Hazards Preparedness Reauthorization Act of 2013: health system to address public health and medical emergencies. Based on information provided by the HHS and the VA, the CBO estimates that implementing the act would cost about $11 billion over the 2014-2018 period, assuming the appropriation of the authorized amounts. The Consolidated Appropriations Act, 2012, included funding totaling about $2 billion in fiscal year 2012 for activities similar to those that would be authorized by H.R. 307. The CBO assumes that amounts appropriated through the Continuing Appropriations Resolution, 2013, for those activities are similar to 2012 levels. H.R. 307 also changes the terms for Project Bioshield contracts, which",0.9999817518742333
predictions_K5_gpt-oss-20b.json,Cleveland Browns running back Isaiah Crowell once posted to his Instagram profile an artist's rendering of a hooded man cutting the throat of a police officer.,TRUE,TRUE,0.9998919156628676,"Isaiah Crowell: Isaiah Crowell Isaiah Hassan Crowell ( ; born January 8, 1993) is an American football running back for the New York Jets of the National Football League (NFL). He played college football at Georgia and Alabama State. Crowell was signed by the Cleveland Browns as an undrafted free agent in 2014. Crowell attended George Washington Carver High School in Columbus, Georgia, where he played football and ran track. During his high school career, he rushed for 4,872 yards with 61 touchdowns on 429 carries for the Tigers football team. He was considered the best running back recruit by ""Scout.com"" and",0.9999855206566037
predictions_K5_gpt-oss-20b.json,U.S. men less likely to heed health warnings as coronavirus death toll mounts: Reuters Poll.,TRUE,TRUE,0.7332465808933759,"Masculinity: and 65 are four times more likely to die from cardiovascular disease than women, and are more likely to be diagnosed with a terminal illness because of their reluctance to see a doctor. Reasons cited for not seeing a physician include fear, denial, embarrassment, a dislike of situations out of their control and the belief that visiting a doctor is not worth the time or cost. Studies of men in North America and Europe show that men who consume alcoholic drinks often do so in order to fulfill certain social expectations of manliness. While the causes of drinking and alcoholism",0.8666181905708307
predictions_K5_gpt-oss-20b.json,Washington state deals blow to plan for coal export terminal.,TRUE,TRUE,0.9887442933196969,"Lummi: aftermath of the 2017 Cypress Island Atlantic salmon pen break and were responsible for recapturing the bulk of the recovered escaped non-native farmed Atlantic salmon. The Gateway Pacific Terminal is a proposed export terminal at Xwe’chi’eXen (Cherry Point) in Whatcom County, Washington, along the Salish Sea shoreline. ""Xwe’chi’eXen (Cherry Point) was an important village site for Lummi ancestors, and is considered culturally and historically significant to the Lummi people."" On February 28, 2011, the environmental review process for the Gateway Pacific Terminal commenced when SSA Marine applied for state and federal permits to build the $500 million project. The scale",0.9776877058987646
predictions_K5_gpt-oss-20b.json, A report of a 7-year-old girl who got breast implants has stirred controversy. ,FALSE,TRUE,0.611162570905062,"Breast implant: remained constant until 10-years post-implantation, yet, it increased to 4.5 times greater at the 11-year mark, and so remained until the 19-year mark, when it increased to 6 times greater at 20-years post-implantation. Moreover, additional to the suicide-risk, women with breast implants also faced a trebled death-risk from alcoholism and the abuse of prescription and recreational drugs. Although seven studies have statistically connected a woman's breast augmentation to a greater suicide-rate, the research indicates that breast augmentation surgery does not increase the death rate; and that, in the first instance, it is the psychopathologically-inclined woman who is more likely to",0.7583675205866888
predictions_K5_gpt-oss-20b.json,"Images shared in March 2020 showed a convoy of military trucks transporting bodies away from an over-subscribed crematorium in Bergamo, Italy.",TRUE,TRUE,0.7499907074203211,"Highways in Ontario: Canadian soldiers, whose bodies were repatriated from Afghanistan in funeral convoys along that stretch of the highway. The privately-owned section of Highway 407 uses a white rectangular marker with the highway number in a capsule, with the words ""Express Toll Route"" and the ETR logo below; trailblazers are blue with white lettering. On April 1, 1997, and January 1, 1998, the Ontario government under the leadership of Mike Harris transferred, or ""downloaded"", several thousand kilometres of provincially maintained highways to the various municipalities in which they are located. These transfers were performed under the reasoning that they served a mostly",0.9700876581377913
predictions_K5_gpt-oss-20b.json,12 Minutes of Yoga for Better Bone Health,TRUE,TRUE,0.9998921361250985,"Physical fitness: who are achieving 150 minutes of exercise a week. These guidelines, are now much more in line with those used in the US, also include recommendations for muscle-building and bone strengthening activities such as lifting weights and yoga.<https://www.nhs.uk/news/lifestyle-and-exercise/major-new-exercise-guidelines-announced/> The US guidelines continue: For additional and more extensive health benefits, adults should increase their aerobic physical activity to 300 minutes (5 hours) a week of moderate-intensity, or 150 minutes a week of vigorous-intensity aerobic physical activity, or an equivalent combination of moderate- and vigorous-intensity activity. Additional health benefits are gained by engaging in physical activity beyond this amount. Adults should also",0.9999822926287916
predictions_K5_gpt-oss-20b.json,Complacency a concern as AIDS treatment improves in Africa.,TRUE,TRUE,0.9476071250817139,"HIV/AIDS in Africa: in HIV prevalence. The global response to HIV and AIDS has improved considerably in recent years. Funding comes from many sources, the largest of which are the Global Fund to Fight AIDS, Tuberculosis and Malaria and the President's Emergency Plan for AIDS Relief. According to the Joint United Nations Programme on HIV/AIDS (UNAIDS), the number of HIV positive people in Africa receiving anti-retroviral treatment rose from 1 million to 7.1 million between 2005 and 2012, an 805% increase. Almost 1 million of those patients were treated in 2012. The number of HIV positive people in South Africa who received such",0.8452437178929956
predictions_K5_gpt-oss-20b.json,"Oregano, Thyme May Hold the Cure for Wasting Syndrome Disease",FALSE,FALSE,0.019462897173367133,"Thymus praecox: in patios and walkways. It is drought tolerant when established. This thyme species (and ""Thymus serpyllum"") has escaped cultivation in North America, and is a weed or invasive species in some habitats in the United States. This thyme has a strong scent similar to Oregano. It can be used in cuisine. Like other species of thyme, ""T. praecox"" is characterized by substantial differences in essential oil composition from plant to plant. Plants which differ in this way are known as ""chemotypes"" and a geographical population will generally contain a mix of chemotypes. For example, studies of chemotypes in Greenland, Iceland,",0.9891829684423368
predictions_K5_gpt-oss-20b.json,"Lose weight with skin cream? Fat chance, says U.S. govt.",TRUE,FALSE,7.515032441797844e-06,"Calorad: Arthritis, and Fibromyalgia all conducted with Type II hydrolyzed collagen (collagen hydrolysate), the primary ingredient in Calorad. The manufacturer claims that 40% of subjects will lose weight within 1 month, 75% after 2 months and 87% after 3 months. The distributors of the product offer a 30-day satisfaction guarantee. In support of these claims, the distributing companies cite a clinical study of Calorad (also unpublished and non-peer reviewed) by Joel B. Lao. Lao is a Doctor of Internal Medicine, and medical consultant in the Philippines who studied the effects of Calorad and its effect on overweight and/or obese individuals. The",0.9999988502004774
predictions_K5_gpt-oss-20b.json,"San Antonio has seen ""67% growth"" in water customers ""in the last 25 years, 0% more water used.",FALSE,FALSE,0.0001947688452179899,"San Antonio Water System: over (merged with) another local water utility - BexarMet. San Antonio Water System The San Antonio Water System (SAWS) is the largest drinking water and sewage utility in Bexar County, Texas, USA. Based in the Midtown Brackenridge district of San Antonio, SAWS draws water from the Edwards Aquifer to service its customers in all 8 counties of the Greater San Antonio metropolitan area. It is owned by the City of San Antonio. SAWS was formed on May 19, 1992 as a result of a merger of three separate entities: the City Water Board, the City Wastewater Department, and the Alamo",0.9998053067852645
predictions_K5_gpt-oss-20b.json,Hal Turner Radio Show Says the coronavirus is “a MILITARY BIO-WEAPON Developed by China's Army.”,FALSE,FALSE,1.5363472701447455e-05,"SARS coronavirus: coronaviruses in Chinese bats. Phylogenetic analysis of these viruses indicated a high probability that SARS coronavirus originated in bats and spread to humans either directly or through animals held in Chinese markets. The bats did not show any visible signs of disease, but are the likely natural reservoirs of SARS-like coronaviruses. In late 2006, scientists from the Chinese Centre for Disease Control and Prevention of Hong Kong University and the Guangzhou Centre for Disease Control and Prevention established a genetic link between the SARS coronavirus appearing in civets and humans, confirming claims that the disease had jumped across species. The",0.9999830964788375
predictions_K5_gpt-oss-20b.json,Hard questions about chemo,TRUE,TRUE,0.9999867526563128,"Chemotherapy: are used to treat some cases of non-melanoma skin cancer. If the cancer has central nervous system involvement, or with meningeal disease, intrathecal chemotherapy may be administered. Chemotherapeutic techniques have a range of side-effects that depend on the type of medications used. The most common medications affect mainly the fast-dividing cells of the body, such as blood cells and the cells lining the mouth, stomach, and intestines. Chemotherapy-related toxicities can occur acutely after administration, within hours or days, or chronically, from weeks to years. Virtually all chemotherapeutic regimens can cause depression of the immune system, often by paralysing the bone",0.9999808980955412
predictions_K5_gpt-oss-20b.json,Gene test could spare women from unnecessary radiation,TRUE,FALSE,7.948815442232324e-05,"Breast cancer screening: include silicone oil and polyacrylamide gel. Genetic testing does not detect cancers, but may reveal a propensity to develop cancer. Women who are known to have a higher risk of developing breast cancer usually undertake more aggressive screening programs. A clinical practice guideline by the US Preventive Services Task Force recommends against routine referral for genetic counseling or routine testing for BRCA mutations, on fair evidence that the harms outweigh the benefits. It also encourages a referral for counseling and testing in women who have a family history that indicates they have an increased risk of a BRCA mutation, on",0.9999589774608016
predictions_K5_gpt-oss-20b.json,"Jay Hottinger Says Wendy’s founder ""Dave Thomas left the state literally on his deathbed to avoid the estate tax.",FALSE,TRUE,0.6879274685741825,"Dave Thomas (businessman): Wendy's about a year later. After serving as a regional director for Kentucky Fried Chicken, Thomas became part of the investor group which founded Arthur Treacher's. His involvement with the new restaurant lasted less than a year before he went on to found Wendy's. Thomas opened his first Wendy's in Columbus, Ohio, November 15, 1969. (This original restaurant remained operational until March 2, 2007, when it was closed due to lagging sales.) Thomas named the restaurant after his eight-year-old daughter Melinda Lou, whose nickname was ""Wendy"", stemming from the child's inability to say her own name at a young age.",0.9778971073821308
predictions_K5_gpt-oss-20b.json,A form of strep infection is capable of affecting the nasal cavity and face.,TRUE,TRUE,0.646729410334609,"Cavernous sinus thrombosis: of infection include tonsils, soft palate, middle ear, or orbit (orbital cellulitis). The highly anastomotic venous system of the paranasal sinuses allows retrograde spread of infection to the cavernous sinus via the superior and inferior ophthalmic veins. It was previously thought that veins in the area were valveless and that this was the major cause of the retrograde spread, but a recent study has found that the ophthalmic and facial veins are not valveless. ""Staphylococcus aureus"" is the most common infectious microbe, found in 70% of the cases. ""Streptococcus"" is the second leading cause. Gram-negative rods and anaerobes may also",0.7936410568713972
predictions_K5_gpt-oss-20b.json,"Image of an anti-Semitic sign (""the real plague"") was captured at a COVID-19 anti-lockdown protest in Ohio in April 2020.",TRUE,TRUE,0.999879336020499,"Antisemitic incidents during the Gaza War (2008–09): and ""Death to Israel"" were spray painted on the building. At a Jewish preschool in Camarillo, California, swastikas and anti-Semitic messages written in black marker on its sidewalk and walls. In La Paz, vandals removed a Star of David from a monument from the Plaza Israel and started spray-painting ""plaza Palestina"" on Jewish murals. The Caracas synagogue of the Israelite Association of Venezuela, the city's oldest, was defaced. Jewish schools were closed for several days due to concern that they would attract anti-Israel demonstrations. On 26 February, assailants threw an explosive at a Jewish community center in Caracas. Antisemitic incidents",0.9999569651575286
predictions_K5_gpt-oss-20b.json,A new Arkansas law allows rapists to sue their victims to stop an abortion.,FALSE,FALSE,8.203444922889075e-05,"War on Women: Under the language of the bill, only cases of ""forcible rape"" or child sexual abuse would have qualified. Political activist groups Moveon.org and Emily's List charged that this constituted a Republican attempt to ""redefine rape"". In 2014, Michigan law prohibited all public and most private insurers from covering abortions including in cases of rape and incest. It requires women to buy separate insurance and has been called ""rape insurance"" by opponents because of the possibility that women will need to have separate insurance for an abortion resulting from rape. Unsuccessful Missouri Republican candidate to the U.S. Senate Todd Akin made",0.9999589577488983
predictions_K5_gpt-oss-20b.json,"A national four-week quarantine will start on April 1 2020, affecting the entire population of the United States.",FALSE,FALSE,0.00011518494860427716,"2009 Flu pandemic in North America: least May 5. Marcelo Ebrard, Mexico City's mayor, has also asked all night-life operators to shut down their places of business for ten days to prevent further infections. José Ángel Córdova, federal Secretary of Health, said on April 24 that schools will probably be suspended for at least the following week then, and that it will take around ten days to see the evolution of the virus' behavior, and to consider other measures after such. On April 25, President Felipe Calderón declared an emergency which granted him the power to suspend public events and order quarantines. Hours later, Córdova announced",0.9999904714647676
predictions_K5_gpt-oss-20b.json,Facebook post Says news stories referencing 322 and COVID-19 are proof cases are being “synchronized”,FALSE,TRUE,0.999914573921548,"Nvidia PureVideo: All third generation PureVideo hardware (G98, MCP77, MCP78, MCP79MX, MCP7A) cannot decode H.264 for the following horizontal resolutions: 769–784, 849–864, 929–944, 1009–1024, 1793–1808, 1873–1888, 1953–1968 and 2033–2048 pixels. The third generation PureVideo HD is sometimes called ""PureVideo HD 3"" or VP3, although this is not an official Nvidia designation. It corresponds to Nvidia Feature Set B (or ""VDPAU Feature Set B""). This implementation of PureVideo HD, VP4 added hardware to offload MPEG-4 Advanced Simple Profile (the compression format implemented by original DivX and Xvid) bitstream decoding with the GT215, GT216 and GT218 GPUs (sold as GeForce GT 240, GeForce GT",0.9998952869068493
predictions_K5_gpt-oss-20b.json,3 Nebraska Medicaid providers honored for serving patients.,TRUE,FALSE,0.2500994063701377,"Nebraska Medical Center: and the District of Columbia and 43 foreign countries. Nebraska Medicine's stroke program, heart failure program and acute myocardial infarction (heart attack) program have all received the ""Gold Seal of Approval"" certification from The Joint Commission, making these services the first nationally certified programs of their kind in the state of Nebraska. Nebraska Medicine is also the only hospital in the state that qualifies for the Level 4 (highest) designation per the standards of the National Association of Epilepsy Centers. Nebraska Medicine's main campus, located in midtown Omaha, is anchored by Clarkson Tower, University Tower, Lied Transplant Center and the",0.5
predictions_K5_gpt-oss-20b.json,"The reaction between metallic mercury and aluminum, which produces a dramatic chain reaction popular on YouTube science channels, is evidence that vaccines are not safe.",FALSE,FALSE,0.3700621567125883,"Dan Burton: Last Week Tonight with John Oliver a C-SPAN 2 clip from 2002 of Dan Burton was used to highlight Burton's position on vaccines in relation to autism. In the clip Burton says, ""I have yet to find any scientist who will say that there is no doubt, no doubt, that the mercury in vaccines does not contribute to autism. Now they'll say there's no scientific evidence, there's no studies or anything that proves that yet. But turn that around. There are no studies that disprove it either."" John Oliver correctly highlights this as Burton's demand for ""proving a negative"" which",0.8651841800617004
predictions_K5_gpt-oss-20b.json,"In 1981, Matagorda, Brazoria, and Galveston Counties all opted out of the Social Security program for their employees. Today, their program is very, very well-funded and there is no question about whether it’s going to be funded in"" years to come.",TRUE,TRUE,0.999920874806995,"Social Security (United States): the Social Security laws as they existed at that time, several thousand employees of Galveston County, Texas were allowed to opt out of the Social Security program in the early 1980s, and have their money placed in a private retirement plan instead. While employees who earned $50,000 per year would have collected $1,302 per month in Social Security benefits, the private plan paid them $6,843 per month. While employees who earned $20,000 per year would have collected $775 per month in Social Security benefits, the private plan paid them $2,740 per month, at interest rates prevailing in 1996. While some",0.9999453679316866
predictions_K5_gpt-oss-20b.json,10 people treated after chemical spill in science building.,TRUE,FALSE,0.24994056349979868,"Emergency management in American universities: plan from the University of Arkansas emphasizes quick, effective strategy for containing chemical spill situations in a campus setting. Some key strategies from the sample response plan include notifying first responder officials through 911 with a brief but detailed description of the emergency, which sets in motion the relevant chain of command for chemical-related emergency response, and setting off fire alarms to initiate an evacuation of the building in its entirety. A chemical spill in a lab at Central Michigan University serves as an example for the implementation of clear, comprehensive emergency protocols. The incident, which left one individual injured",0.9999613531249966
predictions_K5_gpt-oss-20b.json,"Experimental treatment helps 2 out of 3 peanut allergy sufferers, study finds",TRUE,FALSE,0.056368215562514215,"Peanut allergy: and laboratory testing such as the skin prick test. Peanut allergy may be preventable by feeding babies who are at high risk foods that contain peanuts when they are as young as four to six months of age. As of 2018, there is no cure for peanut allergy other than strict avoidance of peanuts and peanut-containing foods. Extra care is needed for food consumed at or purchased from restaurants. Total avoidance is complicated because the declaration of the presence of trace amounts of allergens in foods is not mandatory (see regulation of labelling). Peanut allergies tend to resolve in childhood",0.9810482111373598
predictions_K5_gpt-oss-20b.json,"Mending broken sleep: Sleep apnea, the dangerous cessation of breathing during sleep, is being diagnosed more and more. A simple machine can bring refreshing relief",TRUE,TRUE,0.9999979427998997,"Sleep surgery: have other features as well, such as heated humidifiers. CPAP is the most effective treatment for obstructive sleep apnea, in which the pressure from CPAP prevents the airway from collapsing or becoming blocked. A mandibular advancement device or mandibular advancement splint may be used in select patients as treatment for mild or moderate OSA. Where appropriate, they are considered a good therapy choice as they are non-invasive, easily reversible, quiet, and generally well accepted by the patient. The focus of improvement in appliance design is in reducing bulk, permitting free jaw movement (i.e., yawning, speaking, and drinking), and allowing the",0.9999976800141503
predictions_K5_gpt-oss-20b.json,Study Finds More Isn't Better for Roche Breast Cancer Drug,TRUE,TRUE,0.9998916300235215,"Study of Tamoxifen and Raloxifene: cancer. Study of Tamoxifen and Raloxifene The Study of Tamoxifen and Raloxifene (STAR) is a clinical trial designed determine how the drug raloxifene compares with the drug tamoxifen in reducing the incidence of breast cancer in women who are at increased risk of the disease. One of the largest breast cancer prevention studies ever, it included 22,000 women in 400 medical centers in the United States and Canada. The study concluded that raloxifene caused fewer side-effects and less endometrial cancer than tamoxifen. Raloxifene was found to be more effective at preventing noninvasive breast cancer but less effective at preventing invasive",0.9999819400580505
predictions_K5_gpt-oss-20b.json,Mainland China sees rise in new coronavirus cases.,TRUE,FALSE,0.49980122124970294,"Severe acute respiratory syndrome: show any visible signs of disease, but are the likely natural reservoirs of SARS-like coronaviruses. In late 2006, scientists from the Chinese Centre for Disease Control and Prevention of Hong Kong University and the Guangzhou Centre for Disease Control and Prevention established a genetic link between the SARS coronavirus appearing in civets and humans, bearing out claims that the disease had jumped across species. In December 2017, ""after years of searching across China, where the disease first emerged, researchers reported ... that they had found a remote cave in Yunnan province, which is home to horseshoe bats that carry a",0.9999999364234982
predictions_K5_gpt-oss-20b.json,Australian euthanasia law loses by single parliament vote.,TRUE,FALSE,0.25013538014123066,"Euthanasia in Australia: legislator David Leyonhjelm introduced a bill into the Senate to remove the federal ban on the Australian Capital Territory and Northern Territory legislating for euthanasia. The bill was given priority in the Senate and was subject to a conscience vote for both the Coalition Government and opposition Labor Party, though it was defeated at the second reading stage by 36 votes to 34. Euthanasia was legalised in Australia's Northern Territory, by the ""Rights of the Terminally Ill Act 1995"". It passed by a vote of 15 to 10 and a year later, a repeal bill was brought before the Northern",0.9999892147251624
predictions_K5_gpt-oss-20b.json,A New Therapy May Cure Kids of Peanut Allergy,FALSE,FALSE,2.0586975614965513e-05,"Peanut allergy: and laboratory testing such as the skin prick test. Peanut allergy may be preventable by feeding babies who are at high risk foods that contain peanuts when they are as young as four to six months of age. As of 2018, there is no cure for peanut allergy other than strict avoidance of peanuts and peanut-containing foods. Extra care is needed for food consumed at or purchased from restaurants. Total avoidance is complicated because the declaration of the presence of trace amounts of allergens in foods is not mandatory (see regulation of labelling). Peanut allergies tend to resolve in childhood",0.9999821677284858
predictions_K5_gpt-oss-20b.json,Preventive care does not save the government money.,TRUE,FALSE,3.453971646141374e-05,"Preventive healthcare: preventive health measures should save more money than they cost, when factoring in treatment costs in the absence of such measures. Others argue in favor of ""good value"" or conferring significant health benefits even if the measures do not save money Furthermore, preventive health services are often described as one entity though they comprise a myriad of different services, each of which can individually lead to net costs, savings, or neither. Greater differentiation of these services is necessary to fully understand both the financial and health effects. A 2010 study reported that in the United States, vaccinating children, cessation of",0.9999642645856525
predictions_K5_gpt-oss-20b.json,The ratio of corporate profits to wages is now higher than at any time since just before the Great Depression.,TRUE,FALSE,0.00011653104027583459,"Wage ratio: the typical worker’s pay in the 1950s, with that multiple rising to 42-to-1 in 1980, and to 120-to-1 in 2000"". While not as extreme, similar trends have been observed around the world. With wage ratios steadily climbing, there has been a push to have increased transparency in publicizing the ratio for many of the world's largest companies. There have also been a number of movements around to the world to attempt to regulate the pay ratio between executives and workers, or to regulate executive pay from the workers' end. Canada: The Wagemark Foundation, a Toronto-based not-for-profit organization is working to",0.9999952047665056
predictions_K5_gpt-oss-20b.json,"China sends medical supplies, experts to help Italy battle coronavirus.",TRUE,TRUE,0.9998754858290805,"Influenza A virus subtype H7N9: the new viral strain, and supplied these synthesized genes to the CDC. The scientific community has praised China for its transparency and rapid response to the outbreak of H7N9. In an editorial on April 24, 2013, the journal ""Nature"" said ""China deserves credit for its rapid response to the outbreaks of H7N9 avian influenza, and its early openness in the reporting and sharing of data."" This, in spite of initial worries by Chinese scientists and officials that they might lose credit for their work in isolating and sequencing the novel H7N9 virus, after learning that pharmaceutical company Novartis and the",0.9999947382493944
predictions_K5_gpt-oss-20b.json,"Spain overtakes Italy in coronavirus cases, death rate slows.",TRUE,TRUE,0.9998885997406683,"Coronavirus: 2013, a case of contamination from human to human in France was confirmed by the French Ministry of Social Affairs and Health. In addition, cases of person-to-person transmission have been reported by the Ministry of Health in Tunisia. Two confirmed cases seem to have caught the disease from their late father, who became ill after a visit to Qatar and Saudi Arabia. By Oct. 30 2013, there were 124 cases and 52 deaths in Saudi Arabia. After the Dutch Erasmus Medical Centre sequenced the virus, the virus was given a new name, Human Corona Virus-Erasmus Medical Centre (HCoV-EMC). The final",0.9999830524879513
predictions_K5_gpt-oss-20b.json,Brazil's mothers left to raise microcephaly babies alone.,TRUE,FALSE,0.00010787617613371266,"Zika fever: 2016 that the Brazilian Ministry of Health had confirmed 134 cases of microcephaly ""believed to be associated with Zika virus infection"" with an additional 2,165 cases in 549 counties in 20 states remaining under investigation. An analysis of 574 cases of microcephaly in Brazil during 2015 and the first week of 2016, reported in March 2016, found an association with maternal illness involving rash and fever during the first trimester of pregnancy. During this period, 12 Brazilian states reported increases of at least 3 standard deviations (SDs) in cases of microcephaly compared with 2000–14, with the northeastern states of Bahia,",0.9999823250158362
predictions_K5_gpt-oss-20b.json,"A nurse employed in a Zambian hospital swapped nearly 5,000 babies at birth and gave them to the ""wrong"" parents.",FALSE,TRUE,0.7499340289375909,"Childbirth in Zambia: always employed, unless the birth attendants have been trained to do so. These traditions may lead to hypothermia and delayed breast feeding. In hospitals and maternity centers specifically, the mothers were not encouraged to have skin to skin contact immediately following the birth of their child, nor were they encouraged to breastfeed. Due to the high maternal mortality rate of 224 deaths per 100,000 live births, many newborns are left without a mother and may therefore be orphaned and sent to an orphanage. Contributing to the high maternal mortality is access to care for mothers in need. Zambia has only",0.8749010434063856
predictions_K5_gpt-oss-20b.json,Alabama Sen. Doug Jones calls new abortion ban ‘shameful’.,TRUE,TRUE,0.8751426380872755,"Doug Jones (politician): Doug Jones (politician) Gordon Douglas Jones (born May 4, 1954) is an American attorney, former prosecutor and politician serving as the junior United States Senator from Alabama since 2018. A member of the Democratic Party, he previously was a United States Attorney for the Northern District of Alabama from 1997 to 2001. Jones was born in Fairfield, Alabama and is a graduate of the University of Alabama and Cumberland School of Law at Samford University. After graduating law school, he worked as a congressional staffer and then as a federal prosecutor before moving to private practice. In 1997, Jones was",0.9999957473431567
predictions_K5_gpt-oss-20b.json,Nurse’s kidney donation triggers bi-state transplant chain.,TRUE,TRUE,0.8748651276797401,"Kidney Paired Donation: Paired Kidney Exchange (NEPKE) led by Dr. Delmonico and Professor Alvin Roth and the Ohio Organ Consortium which later reorganized as two competing programs, the Paired Donation Network (PDN) led by Dr. Woodle and the Alliance for Paired Exchange (APD) led by Dr. Rees. The Hopkins program, which was based out of the Johns Hopkins Hospital, led the industry in early innovations including the critical ""Domino Chain"" breakthrough which allowed Good Samaritan donors to start chains, dramatically increasing the number of pairs that could be matched in a swap compared to the loop approach that was used previously. Once the",0.999994079757792
predictions_K5_gpt-oss-20b.json,Breast-cancer study questions lymph node removal,TRUE,TRUE,0.977240184276306,"Axillary lymph nodes: the nodes. For clinical stages I and II breast cancer, axillary lymph node dissection should only be performed after first attempting sentinel node biopsy. If cancer cells are found in the nodes it increases the risk of metastatic breast cancer. Another method of determining breast cancer spread is to perform an endoscopic axillary sentinel node biopsy. This involves injecting a dye into the breast lump and seeing which node it first spread to (the sentinel node). This node is then removed and examined. If there is no cancer present, it is assumed the cancer has not spread to the other",0.9998994912866019
predictions_K5_gpt-oss-20b.json,Georgia board starts work on medical marijuana rules .,TRUE,TRUE,0.9998664611843929,"Cannabis in Georgia (U.S. state): medical use in the state under HB 1, the ""Haleigh’s Hope Act"". The bill was immediately enacted after being signed by the Governor, Nathan Deal. The original bill allowed possession of the oil for eight qualifying medical conditions but did not provide for cultivation or distribution within the state. A May 2017 expansion under SB 16 added six more conditions. In 2018, HB 65 added intractable pain and PTSD. Several attempts to expand access to medical cannabis by providing for in-state cultivation were met with resistance from politicians and ultimately failed. Medical cannabis was not without precedent in Georgia; the",0.9999314637105738
predictions_K5_gpt-oss-20b.json,"California has seen a ""56 percent decline in the gun murder rate"" since the 1990s.",TRUE,FALSE,0.24987073384862088,"Crime in California: per 100,000 population. Murders in Los Angeles have decreased since the peak year of 1993, when the homicide rate was 21.1 (per 100,000 population). On 12 September 2018, a shooting rampage was witnessed in Bakersfield, where a man killed five people and then took his life as well. The mass shooting is considered to be the third deadliest gun violence in the US in 2018. As one of the fifty states of the United States, California follows common law criminal procedure. The principal source of law for California criminal procedure is the California Penal Code, Part 2, ""Of Criminal Procedure.""",0.9999960336079416
predictions_K5_gpt-oss-20b.json,Teenage environmental activist Greta Thunberg is actually an Australian actress named Estella Renee. ,FALSE,FALSE,0.00010798761139001783,"Greta Thunberg: including The Netherlands, Germany, Finland and Denmark. In Australia, thousands of school students were inspired by Thunberg to strike on Fridays, ignoring Prime Minister Scott Morrison's comments of "" more learning in schools and less activism"". On Twitter, she used hashtags and spread online awareness. Thunberg participated in the Rise for Climate demonstration outside the European Parliament in Brussels and the Declaration of Rebellion organized by Extinction Rebellion in London. On 24 November 2018, she spoke at TEDxStockholm. Towards the conclusion of her talk, Thunberg said, ""We've had thirty years of pep-talking and selling positive ideas. And I'm sorry, but",0.9999829653964513
predictions_K5_gpt-oss-20b.json,Influenza now in all Maine counties; considered widespread.,TRUE,FALSE,0.00010849303719945797,"2009 flu pandemic in the United States by state: Center for Disease Control. The three adults, two from Kennebec County and one from York County, were reported to be recovering at home. Dr. Dora Anne Mills, former director of Maine CDC, said on April 28 that at least 12 suspected cases were being tested. Late on April 29, Maine Governor John Baldacci declared a ""civil emergency"" and ordered a school and daycare facility in York County to close for seven days. As of July 22, there have been 282 cases confirmed throughout Maine. As of November 26, 1562 confirmed cases, 97 hospitalized cases, and 9 deaths have been reported",0.9999814580417111
predictions_K5_gpt-oss-20b.json,Rolex sales records are so well-kept that they were used to solve an open homicide.,TRUE,TRUE,0.9990036618172158,"Rolex: and money laundering. When the body was found in the English Channel in 1996 by a fisherman named John Coprik, a Rolex wristwatch was the only identifiable object on the body. Since the Rolex movement had a serial number and was engraved with special markings every time it was serviced, British police traced the service records from Rolex and identified the owner of the watch as Ronald Platt. In addition, British police were able to determine the date of death by examining the date on the watch calendar. Since the Rolex movement was fully waterproof and had a reserve of",0.9754563393610467
predictions_K5_gpt-oss-20b.json," Pope Francis bestowed the Pontifical Medal upon Lilianne Ploumen, a Dutch pro-abortion activist. ",TRUE,FALSE,0.4999999620744488,"Pope Francis: will be ""marginalized or worse"" if they speak out, and causing faithful Catholics to ""lose confidence in their supreme shepherd"". In 2017, Dutch politician Lilianne Ploumen was appointed as Dame Commander of the Order of St. Gregory the Great. Ploumen, who has been involved in promoting legislation supporting women's reproductive rights, stated that she believed the honor was given to her in the context of the Dutch state visit to the Vatican in June 2017 in her capacity as Minister of Foreign Trade and Development Cooperation. Paloma Garcia-Ovejero, deputy director of the Holy See Press Office, stated that ""the honorific",0.9998010070711749
predictions_K5_gpt-oss-20b.json,"Ecstasy could be ‘breakthrough’ therapy for soldiers, others suffering from PTSD",TRUE,TRUE,0.500003112432751,"Spring Grove Experiment: In 2013, studies were being done on patients experiencing Post Traumatic Stress Disorder combining MDMA and psychotherapy; and in 2016, an article was released announcing the FDA’s approval of clinical studies supporting further experiments to devise a drug for treatment of PTSD. Dr. Kurland's initial hopes to produce ""effective therapies that will heal – more quickly and comfortably – the psychic wounds that leave so many people handicapped and alienated"" remain. Spring Grove Experiment The Spring Grove Experiment is a series of lysergic acid diethylamide (LSD) studies performed from 1963 to 1976 on patients with psychotic illnesses at the Spring",0.9999995374778735
predictions_K5_gpt-oss-20b.json,"Facebook post Says Italian Prime Minister Giuseppe Conte said, “We have lost control, we have killed the epidemic physically and mentally. Can’t understand what more we can do, all solutions are exhausted on ground. Our only hope remains up in the Sky, God rescue your people.”",FALSE,TRUE,0.7499340289375909,"Lorenzo Fontana: of the Chamber of Deputies with 222 votes. On 1 May 2018, Fontana was appointed Minister of Family and Disability in the government of Giuseppe Conte, a private law professor who was called to lead the coalition between the League and the Five Star Movement. In 2018, he wrote the book """"The empty cradle of civilization. At the origin of the crisis"""", about the risks related to demographic decline in Italy. In August 2018, Fontana called for the repel of the Mancino Law an anti-fascist law saying the law was being used by “globalists” to promote “anti-Italian racism,” and should",0.8749010434063856
predictions_K5_gpt-oss-20b.json,"Facebook post Says the governors of Michigan, New York and Nevada “have issued orders banning the prescription of hydroxychloroquine to patients with COVID-19.”",FALSE,FALSE,0.11754003496571107,"Scott Dozier: and Sandoz also objected to the use of their drugs (fentanyl and cisatracurium besilate, respectively) but did not join Alvogen's lawsuit. The next court hearing regarding the case is scheduled for September 10, 2018, in which Alvogen, a pharmaceuticals manufacturer whose drugs were purchased for the execution, is seeking to prevent the use of Midazolam in any lethal injection execution. Alvogen asserts that the Nevada Department of Corrections fraudulently obtained one of its sedatives to be used in the execution, and also filed a temporary restraining order to prevent its product from being used in executions. Lawyers for Alvogen claim",0.7647214805012984
predictions_K5_gpt-oss-20b.json,"As millions vape, e-cigarette researchers count puffs, scour Facebook.",TRUE,TRUE,0.8810991974512871,"Cloud-chasing (electronic cigarette): vapers openly condemn the activity, saying that those who attempt to blow the large amount of vapor indoors will lead to those who are still doubtful about vaping to support restricting their use. Many ""Vapers"" use e-cigarettes to take part in tricks like blowing smoke rings, the dragon, tornados, and various other vape tricks. The dragon is exhaling vapor out of the nose and mouth at the same time. Other tricks include the ""Push the O"" move and Jellyfish. The ""Push the O"" move is exhaling a vape ring and pushing it aside with their hands. The Jellyfish is blowing",0.7872816782109732
predictions_K5_gpt-oss-20b.json,A female mortuary worker was arrested after becoming pregnant by one of the corpses she was preparing for burial.,FALSE,TRUE,0.9653072534751285,"Honor killing: infant, along with six other persons, including a doctor who had reportedly accepted a bribe to not report the birth, were arrested. The grandmother is suspected of fatally suffocating the infant. The child's mother, 25, was also arrested; she stated that her family had made the decision to kill the child. In 2010 a 16-year-old girl was buried alive by relatives for befriending boys in Southeast Turkey; her corpse was found 40 days after she went missing. Ahmet Yildiz, 26, a Turkish-Kurdish physics student who represented his country at an international gay conference in the United States in 2008, was",0.9308129769470228
predictions_K5_gpt-oss-20b.json,"Walmart, Amazon, Kroger, Target and Costco “have not had any reported (coronavirus) cases in the news.”",FALSE,FALSE,0.2499119633264285,"Coronavirus: 2013, a case of contamination from human to human in France was confirmed by the French Ministry of Social Affairs and Health. In addition, cases of person-to-person transmission have been reported by the Ministry of Health in Tunisia. Two confirmed cases seem to have caught the disease from their late father, who became ill after a visit to Qatar and Saudi Arabia. By Oct. 30 2013, there were 124 cases and 52 deaths in Saudi Arabia. After the Dutch Erasmus Medical Centre sequenced the virus, the virus was given a new name, Human Corona Virus-Erasmus Medical Centre (HCoV-EMC). The final",0.9999952679837197
predictions_K5_gpt-oss-20b.json,The World Health Organization has listed being single as a disability under their definition of infertility.,FALSE,TRUE,0.9998916386127356,"Infertility: as the inability to conceive after a certain period of time (the length of which vary), so often the two terms overlap. The World Health Organization defines infertility as follows: One definition of infertility that is frequently used in the United States by reproductive endocrinologists, doctors who specialize in infertility, to consider a couple eligible for treatment is: These time intervals would seem to be reversed; this is an area where public policy trumps science. The idea is that for women beyond age 35, every month counts and if made to wait another 6 months to prove the necessity of",0.9999821082874939
predictions_K5_gpt-oss-20b.json,"Some of these members of the House of Representatives get hundreds of thousands of dollars in farm subsidies"" but want to cut food stamps.",TRUE,TRUE,0.500088285227523,"United States farm bill: these farm owners were then-members of Congress and other public figures, including former president Jimmy Carter, who received thousands of dollars in direct payments. In 2007, it was found that about 62 percent of farmers do not receive subsidies from the farm bill. In 2012, while writing the new farm bill, known as the Agriculture Reform, Food and Jobs Act, Congress proposed many ways to cut down the overall cost of the bill, including stricter eligibility standards for food stamps and moving away from direct payments to farmers. However, food stamps and nutrition remained the largest portion of the bill's",0.9999823759786831
predictions_K5_gpt-oss-20b.json, A meme claiming that tilapia is a “mutant” fish that’s unsafe to eat combines a number of long-running warnings about the fish. ,FALSE,FALSE,0.4999134674981025,"Aquaculture of tilapia: be raised in rice fields at planting time and grow to edible size () when the rice is ready for harvest. Unlike salmon, which rely on high-protein feeds based on fish or meat, commercially important tilapiine species eat a vegetable or cereal-based diet. Tilapia raised in inland tanks or channels are considered safe for the environment, since their waste and disease is contained and not spread to the wild. However, tilapiines have acquired notoriety as being among the most serious invasive species in many subtropical and tropical parts of the world. For example, ""Oreochromis aureus"", ""O. mossambicus"", ""Sarotherodon melanotheron melanotheron"",",0.9999984897865756
predictions_K5_gpt-oss-20b.json,GSK builds oncology pipeline as drug shown to help myeloma patients.,TRUE,FALSE,0.00010793235757620928,"Oncolytics Biotech: phase 1b trial. The trial will assess the safety and dose-limiting toxicity of REOLYSIN in combination with pembrolizumab (KEYTRUDA®) and chemotherapy in patients with advanced or metastatic pancreatic adenocarcinoma who have failed, or did not tolerate, first line treatment. In March 16, 2017 Oncolytics announced that cancer charity Myeloma UK launched MUK ""eleven"", a phase 1b trial studying REOLYSIN in combination with Celgene Corporation's immunomodulatory drugs (IMiDs), Imnovid® (pomalidomide) or Revlimid® (lenalidomide), as a rescue treatment in relapsing myeloma patients. The first patient was treated in September 2017. Oncolytics is conducting two phase 2 clinical trials studying REOLYSIN in pancreatic",0.9999823135441454
predictions_K5_gpt-oss-20b.json,"This town (Wilmington, Ohio) hasn’t taken any money from the government. They don’t want any money from the government.",FALSE,FALSE,0.18736281748916975,"Wilmington insurrection of 1898: installments. This practice, known as ""principal or nothing"", positioned lenders to take over black property and businesses through forced sales. The lack of inherited wealth, limitations of access to credit, and loss of savings through federal mismanagement and fraud, created a combined effect in which blacks ""could not save anything"", or otherwise acquire the means, to own taxable property. Though blacks made up nearly 60 percent of the county's population, property ownership among them in Wilmington was rare, at just eight percent. Of nearly $6 million in real and personal property taxes, blacks paid less than $400,000 of this amount.",0.6250754272945933
predictions_K5_gpt-oss-20b.json,Final trial results confirm Ebola vaccine provides high protection against disease,TRUE,TRUE,0.9999013501170307,"Ebola vaccine: secured funding to develop its Ebola vaccine to Phase 1 trial. In late 2014 and early 2015, a double-blind, randomized Phase 1 trial was conducted in the Jiangsu Province of China; the trial examined a vaccine that contains glycoproteins of the 2014 strain, rather than those of the 1976 strain. The trial found signals of efficacy and raised no significant safety concerns. A study published in ""Science"" during March 2015 demonstrates that vaccination with a weakened form of the Ebola virus provides some measure of protection to non-human primates. This study was conducted in accordance with a protocol approved by",0.9999221012193249
predictions_K5_gpt-oss-20b.json,Pelosi offers Medicare negotiation plan to curb drug prices.,TRUE,FALSE,0.49997806324319166,"Political positions of Ron Paul: the costs of medications for the elderly and disabled, and which prohibited the government from negotiating directly with pharmaceutical companies to try to get lower prices for the covered medications. In 2007, he again went against the majority of House Republicans when he voted with all of the Democrats in support of the Medicare Prescription Drug Price Negotiation Act, which, if enacted, would have given the government the authority to negotiate Medicare Part D drug prices with the manufacturers. During the 2012 presidential primary campaign, Paul said that although he remains opposed to Medicare Part D, repealing it was not",0.9999958773056784
predictions_K5_gpt-oss-20b.json,Indonesia green group calls for probe into death of activist.,TRUE,FALSE,0.2500179792119287,"Agus Wirahadikusumah: 23 July 2001. On 30 August 2001, Wirahadikusumah was brought into Pertamina hospital in South Jakarta at 06:19. A hospital employee stated that he was already dead when he was brought in, that the cause of death was unknown and that no autopsy had been conducted. According to ""The Jakarta Post"", the probable cause of death was heart failure. However, some people alleged that he might have been assassinated, due to his reformist stance and for uncovering 189 billion rupiah corruption scandal in Yayasan Dharma Putra Kostrad, a military owned charity organization. His body then buried in Kalibata Heroes Cemetery,",0.7114650650214533
predictions_K5_gpt-oss-20b.json,Officials release edited coronavirus reopening guidance.,TRUE,FALSE,0.12504983243070086,"Human coronavirus OC43: Human coronavirus OC43 Human coronavirus OC43 is an enveloped, positive-stranded RNA virus in the species ""Betacoronavirus-1"" (genus ""Betacoronavirus"", subfamily ""Coronavirinae"", family ""Coronaviridae"", order ""Nidovirales""). Four HCoV-OC43 genotypes (A to D), have been identified with genotype D most likely arising from recombination. The complete genome sequencing of two genotype C and D strains and bootscan analysis shows recombination events between genotypes B and C in the generation of genotype D. Of 29 strains identified, none belong to the more ancient genotype A. Molecular clock analysis using spike and nucleocapsid genes dates the most recent common ancestor of all genotypes to the",0.9999574753381625
predictions_K5_gpt-oss-20b.json,"Ted Cruz Says Democrats are embracing “abortion up until the moment of birth and even, horrifically, after that.”",FALSE,TRUE,0.7675337102628583,"Political positions of Ted Cruz: funding to Planned Parenthood. In January 2016, Cruz announced his ""Pro-Lifers for Cruz"" coalition, chaired by Tony Perkins; co-chairs include Troy Newman, who has previously stated that the government has a responsibility to execute abortion doctors ""in order to expunge bloodguilt [""sic""] from the land and people."" Cruz favors the death penalty. In his 2012 Senate campaign, Cruz frequently mentioned his role as counsel for the State of Texas in ""Medellín v. Texas"", a 2008 case in which the U.S. Supreme Court found that Texas has the legal right to ignore an order from the International Court of Justice directing",0.5352664260179398
predictions_K5_gpt-oss-20b.json,Nebraska state officials say prison conditions have improved.,TRUE,TRUE,0.9999997094425314,"Nebraska State Penitentiary: Nebraska State Penitentiary The Nebraska State Penitentiary (NSP) is a state correctional facility for the Nebraska Department of Correctional Services. Located in Lincoln, it is the oldest state correctional facility in Nebraska, opening in 1869. Until after World War I, it was the only adult correctional facility in the state. During 1980-1981, the existing cellblocks constructed during the second half of the 19th century were replaced by four (later five) modular housing units. A new administrative complex and an EPA-approved multi-fuel power plant were also completed at the same time. An existing dormitory building constructed in the 1950s was retained",0.9999993857484999
predictions_K5_gpt-oss-20b.json,Nearly all ships operated by U.S.-headquartered cruise lines are registered in foreign countries.,TRUE,TRUE,0.5000652154785382,"Freedom of the seas: ships must be registered to a country to show proof of ownership. The owner of the vessel sometimes prefers to pay the lower registration fees by picking countries such as Panama, Bermuda, Italy, Malta and the Netherlands. According to Cruise Lines International Association, 90% of commercial vessels calling on U.S. ports fly foreign flags. To avoid the high cost with more rules and regulations, ships and tankers sometime prefer lower cost registration with a lower standard of inspection and regulation by picking a country that exercises less control over their registered ships, though many ships are owned by individuals or",0.9999894192633835
predictions_K5_gpt-oss-20b.json,Rihanna's Instagram message to followers to throw away the Snapchat app caused the company's share value to fall by hundreds of millions of dollars in one day.,TRUE,FALSE,0.000177214945549842,"Snap Inc.: the lawsuit as an example of opportunists who seek out rapidly successful companies in an attempt ""to also profit from the hard work of others"". On September 9, 2014, the company announced that they had settled the lawsuit for an initially undisclosed amount. The settlement amount was revealed on February 2, 2017, in Snap's SEC public filling to be $157.5 million. As part of the settlement, they credited Brown with the conceptual idea for Snapchat. The press release published by Snapchat's communication department quoted Spiegel:""We are pleased that we have been able to resolve this matter in a manner that",0.9998227850544501
predictions_K5_gpt-oss-20b.json,Coronavirus forces U.S. churches to offer Easter Sunday services unlike any before.,TRUE,FALSE,0.00013310741896984995,"Coronavirus: 2013, a case of contamination from human to human in France was confirmed by the French Ministry of Social Affairs and Health. In addition, cases of person-to-person transmission have been reported by the Ministry of Health in Tunisia. Two confirmed cases seem to have caught the disease from their late father, who became ill after a visit to Qatar and Saudi Arabia. By Oct. 30 2013, there were 124 cases and 52 deaths in Saudi Arabia. After the Dutch Erasmus Medical Centre sequenced the virus, the virus was given a new name, Human Corona Virus-Erasmus Medical Centre (HCoV-EMC). The final",0.9999954252119821
predictions_K5_gpt-oss-20b.json,"A list of chemicals, written as if they were ingredients on a food label, accurately depicts the chemical composition of a banana. ",TRUE,TRUE,0.9998920615027486,"Banana: enzyme that breaks down starch into sugar, influencing the taste of bananas. The greener, less ripe bananas contain higher levels of starch and, consequently, have a ""starchier"" taste. On the other hand, yellow bananas taste sweeter due to higher sugar concentrations. Furthermore, ethylene signals the production of pectinase, an enzyme which breaks down the pectin between the cells of the banana, causing the banana to soften as it ripens. Bananas are eaten deep fried, baked in their skin in a split bamboo, or steamed in glutinous rice wrapped in a banana leaf. Bananas can be made into jam. Banana pancakes",0.9999836446665527
predictions_K5_gpt-oss-20b.json,"U.S. Sen. Elizabeth Warren said or argued to the effect that ""taxpayers must fund sex reassignment surgery.",TRUE,FALSE,0.499882163455701,"Michelle Kosilek: to the use of ""taxpayer dollars"" for Kosilek's surgery. Relatives of Cheryl McCaul objected to the court-ordered surgery and one cousin suggested it would lead someone unable to afford such surgery to commit murder in order to receive it at government expense. In 2006, the editors of the ""Boston Globe"" had opposed Kosilek's surgery because ""[p]rivate insurers rarely pay for sex-change operations"" and ""hormone treatment and expert therapy"" are ""sufficient"". In 2012, the ""Globe"" said that Wolf's decision made a persuasive case that the surgery was ""medically necessary, not an elective procedure"", however ""distasteful"". The paper had also stopped referring",0.9999943165312446
predictions_K5_gpt-oss-20b.json,"Too many"" tattoos ""on visible body parts"" keep some applicants out of the military.",TRUE,TRUE,0.9999449862006322,"Tattoo: the British Armed Forces. Depending on vocation, tattoos are accepted in a number of professions in America. Companies across many fields are increasingly focused on diversity and inclusion. In Britain, there is evidence of women with tattoos, concealed by their clothing, throughout the 20th century, and records of women tattooists such as Jessie Knight from the 1920s. A study of ""at-risk"" (as defined by school absenteeism and truancy) adolescent girls showed a positive correlation between body modification and negative feelings towards the body and low self-esteem; however, the study also demonstrated that a strong motive for body modification is the",0.9999770218433304
predictions_K5_gpt-oss-20b.json,"Former Fox News host Bill O’Reilly was hospitalized in New York after being beaten by a group of ""liberals.",FALSE,FALSE,0.24987591371328216,"Bill O'Reilly (political commentator): a vibrator and told her about sexual fantasies involving her"", and that he threatened that if she reported his behavior, ""Roger Ailes... will go after you... Ailes operates behind the scenes, strategizes, and makes things happen so that one day BAM! The person gets what's coming to them but never sees it coming."" On October 15, 2004, Fox sought judicial permission to fire Mackris, but she was never dismissed. On October 19, 2004, Mackris filed an amended complaint seeking further damages for illegal retaliatory actions by O'Reilly, Fox News, and the News Corporation-owned newspaper the ""New York Post"". On October",0.99999047839419
predictions_K5_gpt-oss-20b.json,Ebola Vaccines Show Promise in New Study,TRUE,TRUE,0.5000084375099089,"Responses to the West African Ebola virus epidemic: Guinea. Previously, a 2015 study in medical journal ""The Lancet"" reported that the vaccine was 100 percent effective after tests on 4000 people in Guinea who had been in close contact with Ebola patients. Gavi global alliance signed a $5 million advance to buy the vaccine and help expedite the licensing and WHO approval process. In April 2017, a panel of researchers from U.S. National Academy of Medicine questioned the vaccine’s effectiveness in preventing Ebola contractions in a study sponsored by the National Institutes of Health, the Food and Drug Administration and the U.S. Department of Health and Human Services.",0.9999934832685721
predictions_K5_gpt-oss-20b.json,EPA watchdog: Health monitoring after Harvey was lacking.,TRUE,FALSE,0.15848175626394997,"BioWatch: that, as EPA filters are located based on different policies than what would provide optimum locations for counter-bioterrorism sensors, the BioWatch filters may not be optimally located. Furthermore, the BioWatch system may miss releases that take place within the gaps in coverage. The House of Representatives also concluded that models used to predict the spread of an infectious agent after release and detection may be inaccurate. The Congressional Report also raises concerns as to whether BioWatch can detect pathogens in large, polluted cities, as well as issues relating to the BioWatch filter reporting harmful pathogens that are actually within safe",0.8415182437360499
predictions_K5_gpt-oss-20b.json,West Virginia women have chance for sweep in US House races.,TRUE,FALSE,3.48918760745131e-05,"2010 United States House of Representatives elections in West Virginia: the state, has been represented by Republican Congresswoman Shelley Moore Capito since 2001. Although Moore Capito faced serious challenges to her re-election in 2006 and 2008, she was not seen as vulnerable this year. The Congresswoman faced Democratic nominee Virginia Lynch Graf and Constitution Party candidate Phil Hudok in the general election, whom she was able to defeat in an overwhelming landslide to win a sixth term in Congress. Incumbent Democratic Congressman Nick Rahall had represented this conservative-leaning district, based in the southern portion of the state, since he was initially elected in 1976. Rahall had not faced many serious",0.9999945986448537
predictions_K5_gpt-oss-20b.json,"Italy “went against the WHO's ‘law’” against COVID-19 autopsies and “discovered covid is not a virus, but a bacterium” that “clots the blood and reduces the oxygen saturation.”",FALSE,FALSE,0.25001101453977453,"Baxter International: settle a lawsuit involving 200 Japanese haemophilia patients who had become infected with HIV as a result of using contaminated haemophilia products which were unheated. The Japanese courts ordered for each victim to receive $411,460 by March 29 that year. The Baxter Althane disaster in autumn 2001 was a series of 56 sudden deaths of renal failure patients in Spain, Croatia, Italy, Germany, Taiwan, Colombia and the USA (mainly Nebraska and Texas). All had received hospital treatment with Althane hemodialysis equipment, a product range manufactured by Baxter International, USA. In 2008, the quality of blood thinning products produced by Baxter",0.9999089978422364
predictions_K5_gpt-oss-20b.json,Increasing numbers of vaccines are associated with increasing rates of autism.,FALSE,FALSE,3.210594661603968e-05,"Epidemiology of autism: and rates of autism are not increasing. Attention has been focused on whether the prevalence of autism is increasing with time. Earlier prevalence estimates were lower, centering at about 0.5 per 1,000 for autism during the 1960s and 1970s and about 1 per 1,000 in the 1980s, as opposed to today's 1–2 per 1000. The number of reported cases of autism increased dramatically in the 1990s and early 2000s, prompting investigations into several potential reasons: The reported increase is largely attributable to changes in diagnostic practices, referral patterns, availability of services, age at diagnosis, and public awareness. A widely cited",0.9999542144676287
predictions_K5_gpt-oss-20b.json,Nancy Mace Says Kamala Harris “advocated for restoring voting rights for the Boston bomber.”,FALSE,TRUE,0.9998010316825124,"Kamala Harris: the September and October 2018 Brett Kavanaugh Supreme Court confirmation hearings, Harris participated in questioning the FBI Director's limited scope of the investigation on Kavanaugh. Harris was one of the targets of the October 2018 United States mail bombing attempts. Kamala Harris has been considered a top contender for the 2020 Democratic nomination for President. She has publicly stated that she is ""not ruling it out"". Her spending on Facebook advertising is unusually high, and targeted to reach voters outside California. In July 2018, it was announced that she would publish a memoir, another sign of a possible run. She",0.9998013630877196
predictions_K5_gpt-oss-20b.json,California bill would create health care price controls.,TRUE,TRUE,0.6251276139574581,"Single-payer healthcare: single-payer health care. California attempted passage of a single-payer bill as early as 1994, and the first successful passages of legislation through the California State Legislature, SB 840 or ""The California Universal Healthcare Act"" (authored by Sheila Kuehl), occurred in 2006 and again in 2008. Both times, Governor Arnold Schwarzenegger vetoed the bill. State Senator Mark Leno has reintroduced the bill in each legislative session since. On February 17, 2017, SB 562, which is also known as ""The Healthy California Act"" was introduced to the California State Senate. This bill is a $400 billion plan that was sponsored by the",0.9999642908516311
predictions_K5_gpt-oss-20b.json,"In 2019, a U.S. District Court judge ruled that girls in an Illinois school district ""must shower with boys"" and had no right to privacy.",FALSE,TRUE,0.7501278207248704,"Gender identity under Title IX: In September 2016, a federal district court decided that the school district must let him use the boys' restroom. The school district appealed, and a three-judge panel of the Seventh Circuit Court of Appeals unanimously ruled in the student's favor, finding that ""a policy that requires an individual to use a bathroom that does not conform with his or her gender identity punishes that individual for his or her gender non‐conformance, which in turn violates Title IX."" On March 23, 2016, North Carolina enacted the Public Facilities Privacy & Security Act. Among the provisions of the Act is a requirement",0.9999976749743344
predictions_K5_gpt-oss-20b.json,New drug ‘may turn back the clock on heart disease’,FALSE,TRUE,0.7836814867707692,"Rosiglitazone: after the story first broke in 2007, dropping from $2.5 billion in 2006 to less than $408 million in 2009 in the US. In response to the rise in risk of heart attacks, the Indian government ordered GSK to suspend its research study, called TIDE, in 2010. The FDA also halted the TIDE study in the United States. Three doctors' groups, the Endocrine Society, the American Diabetes Association and the American Association of Clinical Endocrinologists, urged patients to continue to take the drug as it would be much worse to stop all treatment, despite any associated risk, but that patients",0.5673151422323035
predictions_K5_gpt-oss-20b.json,Illegal immigrants were arrested for starting the October 2017 California wildfires.,FALSE,FALSE,0.4998020647552083,"October 2017 Northern California wildfires: October 2017 Northern California wildfires The October 2017 Northern California wildfires, also known as the Northern California firestorm, were a series of 250 wildfires that started burning across the state of California, United States, beginning in early October. Twenty-one became major fires that burned at least . The wildfires broke out throughout Napa, Lake, Sonoma, Mendocino, Butte, and Solano Counties during severe fire weather conditions, effectively leading to a major red flag warning for much of the Northern California area. Pacific Gas and Electric reported that red flag conditions existed in 44 of the 49 counties in its service area.",0.9998033696907649
predictions_K5_gpt-oss-20b.json,"Donald Trump violated Palm Beach ordinances by putting up an outsized U.S. flag and pole, then donating the money he was fined to veterans' organizations.",TRUE,TRUE,0.5001099206283308,"Legal affairs of Donald Trump: Beach began fining Trump $250 per day for ordinance violations related to his erection of an flagpole flying a American flag on his property. Trump sued the town for $25 million, saying that they abridged his free speech, also disputing an ordinance that local businesses be ""town-serving"". The two parties settled as part of a court-ordered mediation, in which Trump was required to donate $100,000 to veterans' charities. At the same time, the town ordinance was modified allowing Trump to enroll out-of-town members in his Mar-a-Lago social club. After the 2008 housing-market collapse, Deutsche Bank attempted to collect $40 million",0.9999779907137017
predictions_K5_gpt-oss-20b.json,Photograph shows a KKK member being treated by an all-black emergency room staff.,FALSE,FALSE,0.25000164742950576,"Retail, Wholesale and Department Store Union: and the end of racist treatment by white hospital workers. White doctors and nurses openly referred to black hospital workers as 'monkey grunts' and 'niggers,' and hospital administrators paid white staff more for the same jobs done by blacks. Working conditions at the hospital were described by organizers as similar to the 'plantation overseer-slave relationship.' In the late winter of 1968, the hospital's nonprofessional workers, led by Naomi White, contacted the Southern Christian Leadership Council (SCLC) for assistance. The SCLC asked Local 1199 - which had extensive links with the civil rights movement - to help the workers form a",0.9999300494505858
predictions_K5_gpt-oss-20b.json,"Edith Jones, who integrated southern medical schools, dies.",TRUE,FALSE,0.00010804402580816409,"Edith Irby Jones: Edith Irby Jones Edith Irby Jones (born December 23, 1927) is an American physician who was the first African American to be accepted as a non-segregated student at the University of Arkansas Medical School and the first black student to attend racially mixed classes in the American South. She was the first African American to graduate from a southern medical school, first black intern in the state of Arkansas, and later first black intern at Baylor College of Medicine. Jones was the first woman president of the National Medical Association. She has been honored by many awards, including induction into",0.999982289345966
predictions_K5_gpt-oss-20b.json,Alzheimer’s May Show Up in Saliva,FALSE,TRUE,0.9998760227939134,"Dementia: related to gum disease have been found in the brains of Alzheimer's disease individuals. The bacteria invade nerve tissue in the brain, increasing the permeability of the blood-brain barrier and promoting the onset of Alzheimer's among the elderly population. It has also been found that individuals with a plethora of tooth plaque have a risk of cognitive decline. Poor oral hygiene can also have an adverse effect on speech and nutrition causing general and cognitive health decline. Herpes simplex virus (HSV) has been found in over 70% of the 50 and older population. HSV persists in the peripheral nervous system",0.9999981376130255
predictions_K5_gpt-oss-20b.json,London bans junk food ads on public transport to fight child obesity.,TRUE,FALSE,0.00010806014522043327,"Junk food: rates of childhood obesity."" In the UK, efforts to increasingly limit or eliminate advertising of foods high in sugar, salt or fat at any time when children may be viewing are ongoing. The UK government has been criticized for failing to do enough to stop advertising and promotion of junk food aimed at children. A UK parliamentary select committee recommended that cartoon characters advertising unhealthy food to children should be banned, supermarkets should have to remove unhealthy sweets and snacks from ends of isles and checkout areas, local authorities should be able to limit the number of fast food outlets",0.9999827700874178
predictions_K5_gpt-oss-20b.json,"Spooked by Modi's plastics ban, India Inc seeks clarity, exemptions.",TRUE,TRUE,0.9998756470669761,"Plastic pollution: has restricted the usage of plastic water bottles (in government functions and meetings) and styrofoam products. The state of Bihar has banned the usage of plastic water bottles in governmental meetings. The 2015 National Games of India, organised in Thiruvananthapuram, was associated with green protocols. This was initiated by Suchitwa Mission that aimed for ""zero-waste"" venues. To make the event ""disposable-free"", there was ban on the usage of disposable water bottles. The event witnessed the usage of reusable tableware and stainless steel tumblers. Athletes were provided with refillable steel flasks. It is estimated that these green practices stopped the generation",0.9999506819586721
predictions_K5_gpt-oss-20b.json,A notorious pedophile was killed by a mother who blew his head off with a shotgun when he tried to rape her 12-year-old child.,FALSE,FALSE,0.4686979062460348,"Murugesapillai Koneswary: that same day, Mrs. Koneswary, a mother of four, was allegedly raped and killed by the police after carrying her four-year-old daughter away. It is reported that her rapists killed her by exploding a grenade on her abdomen thus destroying the evidence of any rape. According to her neighbours, she had history of problems with the Central Camp police in the Kalmunai district in eastern Sri Lanka. During that time she had been subjected to alleged persistent harassment at the Central camp checkpoint. Two months before she was killed, some police officers had allegedly cut and took away a Margosa",0.875358984802278
predictions_K5_gpt-oss-20b.json,North Carolina ultrasound abortion law ruled illegal by judge.,TRUE,TRUE,0.7012103961081833,"North Carolina Women's Right to Know Act: Oklahoma. North Carolina is the third state to require a provider to place ultrasound images in a woman's line of sight and to describe them in detail"". Abortion has historically been a very emotionally charged and divisive issue. The issue tends to be very partisan and is typically a topic of debate in most elections. States have attempted to control and regulate the practice in varying ways stopping just short of banning the practice. The constitutionality of banning the procedure was heard in the U.S Supreme Court in Roe v. Wade. It was decided that criminalizing the practice was in",0.9735793397018095
predictions_K5_gpt-oss-20b.json,Counterfeit masks reaching frontline health workers in US.,TRUE,FALSE,0.00011464897460928778,"International Pharmaceutical Students' Federation: organise the tuberculosis awareness campaign in their home countries, where they share their knowledge as pharmacists and educate the population on the danger of tuberculosis which is still unknown by many individuals. According to a WHO announcement, the existence of substandard, spurious, falsely labelled, falsified and counterfeit (SSFFC) medical products is an unacceptable risk to public health. The Anti-Counterfeit Drug Campaign (ACDC) works towards helping healthcare students create advocacy campaigns in their countries to help combat the problems of counterfeit and substandard medications. IPSF in collaboration with other stakeholders and organisations tends to act against the unlimited growing of fake",0.9999912335983686
predictions_K5_gpt-oss-20b.json,Facebook post Says truck drivers are being turned away from fast-food restaurants during the COVID-19 pandemic.,TRUE,FALSE,0.12500036878229792,"Food Truckin': same time as the truck or it could result in a massive fireball. Gene proceeds to destroy the truck this way, and Teddy fixes it up again. Bob and the kids work from inside the truck and Linda is forced to stay inside watching the restaurant. The food truck is doing well and Bob decides to take it on the go to get more money. Soon after, Linda shuts down the restaurant to join them on the road. Bob laments to Randy Watkins (Paul F. Tompkins) that he is still not turning a profit, and Randy mentions ""Lolla-Pa-Foods-A"" which has",0.9283726163395455
predictions_K5_gpt-oss-20b.json,Suicides rise and fall with economy: CDC report.,TRUE,TRUE,0.9999826307318013,"Suicide in South Korea: the economic downturn lead to clinical depression, which is a common factor that leads to suicide. Moreover, according to Durkheim, economic downfall disturbs the social standing of an individual, meaning that the individual's demands and expectations can no longer be met. Thus, a person who cannot readjust to the deprived social order caused by economic downfall is more likely to commit suicide. Analyzing the suicides up to 2003, Park and Lester note that unemployment is a major factor of high suicide rate. In South Korea, it has been the traditional duty of children to take care of their parents. However,",0.9999823050787232
predictions_K5_gpt-oss-20b.json,Bald eagle died of lead poisoning in Montana’s Glacier Park.,TRUE,TRUE,0.999892168481509,"Bald eagle: Technical Bulletin. In 1984, the National Wildlife Federation listed hunting, power-line electrocution, and collisions in flight as the leading causes of eagle deaths. Bald eagles have also been killed by oil, lead, and mercury pollution, and by human and predator intrusion at nests. The species was first protected in the U.S. and Canada by the 1918 Migratory Bird Treaty, later extended to all of North America. The Bald and Golden Eagle Protection Act, approved by the U.S. Congress in 1940, protected the bald eagle and the golden eagle, prohibiting commercial trapping and killing of the birds. The bald eagle was",0.9999853990391057
predictions_K5_gpt-oss-20b.json,Roseanne Barr posed as Hitler for an issue of satirical Jewish magazine 'Heeb.',TRUE,TRUE,0.9999808980955412,"Roseanne Barr: was ""making fun of Hitler, not his victims"". Fox News TV host Bill O'Reilly was highly critical of her for ""mocking the Holocaust"" and ""Extra""'s Mario Lopez stated ""Come on, Roseanne. Hitler jokes are never funny."" The revival of her show in March 2018 caused the photos to resurface on social media and renewed mentions of the incident in the Jewish magazine ""The Forward"" and the ""Los Angeles Times"", among others. In 2014, the parents of George Zimmerman, the man known for fatally shooting Trayvon Martin in a fight, filed a lawsuit against Barr for tweeting their home address and",0.9999808980955412
predictions_K5_gpt-oss-20b.json,Patients push limits for clues to chronic fatigue syndrome.,TRUE,FALSE,0.1375729983849077,"Chronic fatigue syndrome: guidance can be found at the New York Department of Health. Certain medical conditions can cause chronic fatigue and must be ruled out before a diagnosis of CFS can be given. Hypothyroidism, anemia, coeliac disease (that can occur without gastrointestinal symptoms), diabetes and certain psychiatric disorders are a few of the diseases that must be ruled out if the patient presents with appropriate symptoms. Other diseases, listed by the Centers for Disease Control and Prevention, include infectious diseases (such as Epstein–Barr virus, influenza, HIV infection, tuberculosis, Lyme disease), neuroendocrine diseases (such as thyroiditis, Addison's disease, adrenal insufficiency, Cushing's disease), hematologic",0.9999891059377222
predictions_K5_gpt-oss-20b.json,"Mississippi chicken plant Koch Foods, which was raided by ICE in August 2019, was the subject of a previous lawsuit brought by workers and was subsequently ordered to pay a settlement.",TRUE,FALSE,0.4759661021766706,"Orthodox Union: response to the scandal, the OU implemented several new initiatives to better protect children under their care. In May 2008, the U.S. Immigration and Customs Enforcement (ICE), together with other Federal agencies, raided a kosher slaughterhouse and meat packing plant in Postville, Iowa, owned by Agriprocessors, Inc. At the time the OU provided kosher certification services to the plant. The raid was the largest single raid of a workplace in U.S. history and resulted in nearly 400 arrests of immigrant workers with false identity papers, many of whom were charged with identity theft, document fraud, use of stolen social security",0.9521309380605077
predictions_K5_gpt-oss-20b.json,Winston Churchill was born in a ladies' room during a dance.,FALSE,FALSE,0.06473624955622412,"Jim Churchill: of the hostesses, I employed thirty boys, one of them the late Rudolph Valentino, to dance with women who came unescorted for luncheon"""". In January 1930, he and his family visited Atlantic City, New Jersey. While staying at the ""Hotel Traymore"", he died from a severe attack of bronchial pneumonia on January 19, 1930. His wife Anna and his three daughters were with him at the time of his death and afterwards brought him back to New York for burial. Jim Churchill James Churchill (1863 – January 19, 1930) was an American businessman, restaurateur and NYPD police captain. He was",0.8707208358519927
predictions_K5_gpt-oss-20b.json,"A bill supported by Gov. Scott Walker makes it ""so that drunk drivers who kill have an easier time of it.",FALSE,FALSE,0.19992724563540798,"Charles J. Fuschillo Jr.: the Alzheimer's Foundation of America (AFA). Fuschillo has been a campaigner against drunk driving in New York State. He sponsored ""Leandra's Law,"" which makes it a felony to drive drunk with a child in the car and requires all convicted drunk drivers to use ignition interlocks to prevent them from drinking and driving again. He sponsored laws which lowered New York State's legal blood alcohol content (BAC) level from .10 to .08; enacted tougher penalties for repeat offenders and those who drive with an elevated BAC; and expanded the use of ignition interlock devices to keep convicted DWI offenders from",0.8400196672616697
predictions_K5_gpt-oss-20b.json,The Obama administration shut down the Amber Alert program because of the government shutdown.,FALSE,TRUE,0.6240997337678951,"Amber alert: the 233 AMBER Alerts issued in the United States in 2004 found that most issued alerts did not meet the Department of Justice's criteria. Fully 50% (117 alerts) were categorized by the National Center for Missing & Exploited Children as being ""family abductions"", very often a parent involved in a custody dispute. There were 48 alerts for children who had not been abducted at all, but were lost, ran away, involved in family misunderstandings (for example, two instances where the child was with grandparents), or as the result of hoaxes. Another 23 alerts were issued in cases where police did",0.9676773098410346
predictions_K5_gpt-oss-20b.json,"Spain's coronavirus deaths rise above 10,000, yet there is 'glimpse of hope'.",TRUE,TRUE,0.9998913136605866,"Coronavirus: 2013, a case of contamination from human to human in France was confirmed by the French Ministry of Social Affairs and Health. In addition, cases of person-to-person transmission have been reported by the Ministry of Health in Tunisia. Two confirmed cases seem to have caught the disease from their late father, who became ill after a visit to Qatar and Saudi Arabia. By Oct. 30 2013, there were 124 cases and 52 deaths in Saudi Arabia. After the Dutch Erasmus Medical Centre sequenced the virus, the virus was given a new name, Human Corona Virus-Erasmus Medical Centre (HCoV-EMC). The final",0.9999802693399006
predictions_K5_gpt-oss-20b.json,Pre and Post Testing Show Reversal of Memory Loss From Alzheimer’s Disease in Ten Patients,FALSE,FALSE,4.9171835392796443e-05,"Retrospective memory: activity (but no structural changes) in parahippocampal regions. However, when subject to associative memory tasks, users performed within normal ranges. This shows that a decrease in activation in these regions is associated with frequent marijuana use, but does not affect memory task performance. This is still a controversial issue, and more research is required to draw conclusive results. Alzheimer's disease accounts for 60 to 70 percent of cases of dementias. The brains of Alzheimer's patients have an abundance of plaques and tangles which begin in areas involved in memory, spreading to other areas, and eventually affecting most of the brain.",0.9999961402976428
predictions_K5_gpt-oss-20b.json,GOP senators blink on a big chance to repeal ‘Obamacare’.,TRUE,TRUE,0.5000561210707228,"Patient Protection and Affordable Care Act: blueprint"" which would allow Republicans to repeal parts of the law ""without threat of a Democratic filibuster."" The plan, which passed 51–48, is a budget blueprint named by Senate Republicans the ""Obamacare 'repeal resolution. Democrats opposing the resolution staged a protest during the vote. House Republicans announced their replacement for the ACA, the American Health Care Act, on March 6, 2017. On March 24, 2017 the effort, led by Paul Ryan and Donald Trump, to repeal and replace the ACA failed amid a revolt among Republican representatives. May 4, 2017, the United States House of Representatives voted to pass the",0.9999904460310864
predictions_K5_gpt-oss-20b.json,Congo’s Ebola outbreak poses challenges for bush meat.,TRUE,TRUE,0.9999999986143746,"Cultural effects of the Ebola crisis: 2014, the suspected index case for the Ebola outbreak in West Africa is a two-year-old child in Guéckédou in south-eastern Guinea, who was the child of a family that hunted two species of fruit bat, ""Hypsignathus monstrosus"" and ""Epomops franqueti"". Some researchers suggested the case was caused by zoonotic transmission though the child playing with an insectivorous bat from a colony of Angolan free-tailed bats near the village. Despite health organisations warning about risks of bushmeat, surveys pre-dating the 2014 outbreak indicate that people who eat bushmeat are usually unaware of the risks and view it as healthy food. Because",0.9999999994705785
predictions_K5_gpt-oss-20b.json,Survey finds many ticks carry disease in North Dakota.,TRUE,FALSE,0.00010840940197313808,"Lyme disease: (i.e. the typical rash found in about 70-80% of people infected). Outdoor workers are at risk of Lyme disease if they work at sites with infected ticks. In 2010, the highest number of confirmed Lyme disease cases were reported from New Jersey, Pennsylvania, Wisconsin, New York, Massachusetts, Connecticut, Minnesota, Maryland, Virginia, New Hampshire, Delaware, and Maine. U.S. workers in the northeastern and north-central States are at highest risk of exposure to infected ticks. Ticks may also transmit other tick-borne diseases to workers in these and other regions of the country. Worksites with woods, bushes, high grass, or leaf litter are",0.9999837017782349
predictions_K5_gpt-oss-20b.json,"The administration raises revenue for nationalized health care through a series of new taxes, including a light switch tax that would cost every American household $3,128 a year.",FALSE,FALSE,3.602864008817947e-05,"Health care reforms proposed during the Obama administration: Medicine reported in September 2012 that approximately $750B per year in U.S. health care costs are avoidable or wasted. This included: unnecessary services ($210 billion annually); inefficient delivery of care ($130 billion); excess administrative costs ($190 billion); inflated prices ($105 billion); prevention failures ($55 billion), and fraud ($75 billion). During a June 2009 speech, President Barack Obama outlined his strategy for reform. He mentioned electronic record-keeping, preventing expensive conditions, reducing obesity, refocusing doctor incentives from quantity of care to quality, bundling payments for treatment of conditions rather than specific services, better identifying and communicating the most cost-effective treatments, and reducing",0.9999945601844025
predictions_K5_gpt-oss-20b.json,‘Hippie’ island off Seattle sees shift in low vaccine rate.,TRUE,TRUE,0.9998922359588666,"Health in the United States: allow personal or philosophical opposition to vaccination. Over the last decade vaccination rates have been declining in the United States. Although the rate is fairly limited on a larger scale, vaccine-preventable disease outbreaks are occurring in pockets across the U.S. “In 2012, exemption rates ranged from a low of approximately 0.45 percent in New Mexico, to a high of 6.5 percent in Oregon. The outbreaks have significant correlations with unvaccinated children, and state policy exemption processes. California, which is currently in the process of changing their state exemption policies, dealt with a recent, 2015, measles outbreak stemming from the popular",0.9999822599480738
predictions_K5_gpt-oss-20b.json,"Health officials disclose another romaine outbreak, now over.",TRUE,TRUE,0.9998839126127665,"Romaine lettuce: disease agent was Shiga toxin-producing . The most recent illness started on December 12, 2017; the PHA declared the outbreak over on January 10, 2018, and the CDC declared it over on January 25. In response to another ""E. coli"" O157:H7 outbreak, which probably began in mid-March 2018, the CDC recommended in April 2018 that consumers not buy or eat romaine lettuce unless they could confirm it was not from the Yuma, Arizona, growing region. On May 22, 2018, after a month-long warning, the CDC announced it was now safe to consume romaine again. The outbreak killed five people and",0.9999330009288567
predictions_K5_gpt-oss-20b.json,Death toll from acute encephalitis in east Indian town rises to 129 children.,TRUE,FALSE,1.127142741592183e-06,"2017 Gorakhpur hospital deaths: to treat neo-natal and pediatric encephalitis. It has seen a number of child deaths since 1978, when the first encephalitis outbreak in the Gorakhpur region. During 1978-2017, around 25,000 children have died of encephalitis. As of 3 September 2017, 1,317 children had died in the hospital during 2017. The number of deaths has sharply declined compared to the previous years. As of 2 September 2017, the month of August saw the highest number of deaths (325): On 6 April, the hospital's oxygen supplier, Puspha Sales wrote a letter to the Chief Minister, Adityanath, and Health Minister reminding them that the",0.9999987678977563
predictions_K5_gpt-oss-20b.json,"Drinking untreated spring water, marketed as ""raw water,"" provides health benefits because they are ""probiotic.",FALSE,FALSE,4.6565185254337755e-05,"Mountain Valley Spring Water: P. Allen Smith serves Mountain Valley Spring and Sparkling Water at his garden home. Mountain Valley Spring and Sparkling Waters are the official bottled waters of the Southern Foodways Alliance and the Society of Hickory Golfers. Because of the environmental impact of bottled water and the lack of any proven benefits of it compared to municipal tap water, states are increasingly banning its purchase using state funds. While of course individuals are free to purchase it, states like NY will not allow state money to be used to purchase it for any State events of at state-funded institutions. California and",0.9999534348147454
predictions_K5_gpt-oss-20b.json,Special Report: Italy and South Korea virus outbreaks reveal disparity in deaths and tactics.,TRUE,TRUE,0.625113061631129,"Virus (novel): in the Alps. Although some local communities have been reporting small animals suddenly dropping dead in their area, an Italian matinee idol's death in an auto crash in early March sparks media attention. His girlfriend dies shortly after a press conference eight days later, but not before she reveals that the actor died of a heart attack just before the accident despite being in good health. Several European countries are also reporting sudden deaths of important livestock. Over the second quarter, outbreaks of influenza and polio take place around the world, and news of random heart attacks even hog the",0.9473141083381037
predictions_K5_gpt-oss-20b.json,"JUULing, or use of a JUUL e-cigarette, has caused cancer in four students.",FALSE,FALSE,7.587347865844767e-05,"JUUL: 15-year old son of the plaintiff made him ""heavily addicted to nicotine"" causing him to be ""anxious, highly irritable and prone to angry outbursts."" In late 2018, news reports noted increasing rates of JUUL addiction in teenagers, which negatively impacts brain development and relationships. JUUL's high nicotine content has attracted concern because of nicotine's addictive properties and also because nicotine can cause impaired lung and brain development, especially of the prefrontal cortex, which affects judgement and impulse control. Particular concern has been expressed about the lack of vaping cessation treatments for adolescents, and the FDA has scheduled a public hearing",0.9999884087890596
predictions_K5_gpt-oss-20b.json,"Heart Association's Stroke Guidelines Support Clot-Removing Device If clot-busting drugs don't work, device can be used to pull the blockage out through the artery",TRUE,TRUE,0.7501109689284787,"Stroke: possibly aspirin, statins, surgery to open up the arteries to the brain in those with problematic narrowing, and warfarin in those with atrial fibrillation. A stroke or TIA often requires emergency care. An ischemic stroke, if detected within three to four and half hours, may be treatable with a medication that can break down the clot. Aspirin should be used. Some hemorrhagic strokes benefit from surgery. Treatment to try to recover lost function is called stroke rehabilitation and ideally takes place in a stroke unit; however, these are not available in much of the world. In 2013 approximately 6.9 million",0.9999917498637655
predictions_K5_gpt-oss-20b.json,"Al Jazeera reporter Kimberly Halkett called White House Press Secretary Kayleigh McEnany a ""lying bitch"" during a press briefing.",FALSE,FALSE,0.2500046609355873,"Red Hen restaurant controversy: chef telephoned restaurant co-owner Stephanie Wilkinson to report that White House Press Secretary Sarah Huckabee Sanders had entered the restaurant to dine with a group of about eight people. Wilkinson told ""The Washington Post"" that, after conferring with her employees, she told Sanders that the restaurant upholds standards ""such as honesty, and compassion, and cooperation"", and asked Sanders to leave, which Sanders did. Wilkinson related that the other people at Sanders' table had been served appetizers and were invited to stay, but they also left, Wilkinson saying their appetizers were on the house. In the morning press briefing of Monday",0.8749676298023574
predictions_K5_gpt-oss-20b.json,New York state has legalized heroin.,FALSE,FALSE,0.24990141615425537,"Nelson Rockefeller: lead more addicts to seek rehabilitation as hoped, and ultimately did not solve the problem of drug trafficking. These were among the toughest drug laws in the United States when they were enacted and are still on the books, albeit in moderated form. To carry out the rehabilitation program Rockefeller created the State Narcotics Addiction Control Commission (later the State Drug Abuse Control Commission.) New York also provided the financial support for research in methadone maintenance and the administration of the largest methadone maintenance program in the US. On September 9, 1971, prisoners at the state penitentiary at Attica, NY,",0.9999006718409268
predictions_K5_gpt-oss-20b.json,"A Johns Hopkins scientist issued a ""blistering report"" on flu vaccine dangers in the British Medical Journal.",FALSE,TRUE,0.7358944217398702,"Lynne McTaggart: drug Tamiflu for a vaccine and attributing deaths to a nonexistent avian influenza vaccine. Ben Goldacre has described McTaggart as ""viciously, viciously anti-vaccine"" and notes that ""In a radical move, even for the vaccine fear-mongering community, this time she has people dying from a vaccine that ""doesn’t actually exist"""". ""The Field"" has been characterized by Mark Henderson of ""The Times"" as pseudoscience, focusing on her personal understanding of quantum physics as a misconception. McTaggart was reported to have threatened to sue Simon Singh after he contacted Comag, the distributors of WDDTY, complaining that the magazine was ""largely unscientific"" and ""promoting",0.7518225673086153
predictions_K5_gpt-oss-20b.json,Afghan capital’s air pollution may be even deadlier than war.,TRUE,FALSE,0.2440689012525548,"Environmental issues in Tajikistan: ranking 133rd in the world in greenhouse gas emissions. Air pollution is a particular problem during times of the year when atmospheric conditions hold industrial and vehicle emissions close to the surface in urban areas. In summer, dust and sand from the deserts of Uzbekistan and Turkmenistan cause air pollution across the entire southwestern lowland region. Although a destructive civil war, budget shortfalls, poverty, and the dissolution of the Soviet Union reduced industrial and agricultural activity, these issues, as well as the destruction of infrastructure and loss of Soviet programs (such as the Committee on Nature Protection, state-owned agriculture, and",0.8219371383051569
predictions_K5_gpt-oss-20b.json,Biogen multiple sclerosis drug Tecfidera wins European approval.,TRUE,TRUE,0.6251065044856298,"Multiple sclerosis research: will be. It is the last stage of drug development and is followed by a submission to the appropriate regulatory agencies (e.g., European Medicines Agency (EMEA) for the European Union, the Food and Drug Administration (FDA) for the United States, Therapeutic Goods Administration (TGA) for Australia, etc.) to obtain approval for marketing. Treatment in MS phase III studies is usually 2 years per patient. Currently there are several ongoing phase III trials, and there are also some drugs that are waiting for approval after finishing theirs. For example, Cladribine (under development by Merck Serono; anticipated brand name: ""Movectro"") is a",0.9999819969690821
predictions_K5_gpt-oss-20b.json,Blogger Says the Vatican reports that Pope Francis tested negative for the coronavirus before a second test came back positive.,FALSE,FALSE,0.24997262298982015,"2012 Middle East respiratory syndrome coronavirus outbreak: said virus. The Evangelista Medical Hospital in San Pedro, Laguna, the facility where the patient was first admitted, was temporarily closed by DOH for fourteen days. On 17 February 2015, all those who had exposure or had contact with the said nurse were tested negative of the said virus. On 6 March 2015, The Department of Foreign Affairs confirmed three Filipino female healthcare workers in Saudi Arabia who were infected with MERS-CoV. On 6 July 2015, DOH confirmed the second detected case of MERS-CoV in the country. The patient who had contracted the virus was from the Middle East and",0.9999937819841994
predictions_K5_gpt-oss-20b.json,"A video shows a piece of 5G equipment with ""COV-19"" inscribed on it. ",FALSE,FALSE,0.4998020647552083,"Vehicle-to-everything: wide area celluar network communication (V2N). In Release 15, 3GPP continued its C-V2X standardization to be based on 5G. Specifications are published in 2018 as Release 15 comes to completion. To indicate the underlying technology, the term 5G-V2X is often used in contrast to LTE-based V2X (LTE-V2X). Either case, C-V2X is the generic terminology that refers to the V2X technology using the cellular technology irrespective of the specific generation of technology. In Release 16, 3GPP further enhances the C-V2X functionality. The work is currently in progress. In this way, C-V2X is inherently future-proof by supporting migration path to 5G. Study",0.9998033696907649
predictions_K5_gpt-oss-20b.json,Gene therapy raises hope for a future AIDS cure,TRUE,TRUE,0.9999609500301071,"Innate resistance to HIV: HIV. While antiretroviral therapy (ART) has slowed the progression of HIV among patients, gene therapy through stem cell research has progressed scientific resistance to HIV. One method of genetic modification is through the manipulation of hematopoietic stem cells, which replaces HIV genes with engineered particles that attach to chromosomes. Peptides are formed that prevent HIV from fusing to the host cells and therefore stops the infection from spreading. Another method used by the Kiem lab was the release of zinc finger nuclease (ZFN), which identifies specific sections of DNA to cause a break in the double helix. These ZFNs were",0.999948750421587
predictions_K5_gpt-oss-20b.json,"Wichita man to bike 1,000 miles to honor daughter’s death.",TRUE,TRUE,0.8748027255608057,"Gloria Carter Spann: Plains, Georgia where her parents and brother, Billy Carter, are also buried. Gloria Carter Spann Gloria Carter Spann (October 22, 1926 – March 5, 1990) was noted as one of the first women inducted into Harley-Davidson’s 100,000 Mile Club, was named Most Outstanding Female Motorcyclist in 1978 and worked as an activist for motorcycle rights. Spann was a sister of former President Jimmy Carter. Gloria Carter was the second of four children, and the first daughter born to James Earl Carter, Sr. (1894–1953) and Lillian Gordy Carter (1898–1983) and was 24 months younger than her brother, Jimmy. When Jimmy was",0.9998274641394685
predictions_K5_gpt-oss-20b.json,"London's Muslim Mayor Sadiq Khan banned images of ""sexy"" women because they're offensive to Islam.",FALSE,TRUE,0.5001197626642758,"Islamophobia in the United Kingdom: people who believed the case represented a government overreach with regards to counterterrorism stop-and-search powers and profiling of Muslims. Rabbani released a statement on September 26 saying he would file for an appeal. Some raised concerns over the comments made about then candidate for mayor, Sadiq Khan during the 2016 London mayoral election which attempted to link Khan to Islamist extremists. Public opinion polling at the time showed that 31% of Londoners were ""uncomfortable"" with the prospect of a Muslim mayor. The Vote Leave campaign during leading up to the Brexit vote was also criticized as frequently portraying Muslim immigrants",0.9999606840597858
predictions_K5_gpt-oss-20b.json,I am every year the No.1 pick of all of the law enforcement agencies within Texas.,FALSE,TRUE,0.9999866213186541,"Texas Commission on Law Enforcement: Texas Commission on Law Enforcement The Texas Commission on Law Enforcement or TCOLE, serves as the regulatory agency for all peace officers in Texas, which includes sheriffs and their deputies, constables and their deputies, police officers, marshals, troopers, Texas Rangers, enforcement agents of the Alcoholic Beverage Commission, investigators of the Attorney General, and game wardens. County jailers and public security officers are also regulated by TCOLE. With the passage of Senate Bill 686 in the 83rd Legislative Session, the commission's name was changed from ""Texas Commission on Law Enforcement Officers Standards and Education"" to ""Texas Commission on Law Enforcement"" on",0.999998130936987
predictions_K5_gpt-oss-20b.json,US Sen. Reed wants to shorten the suicide prevention hotline.,TRUE,FALSE,0.48277337958332855,"Jack Reed (Rhode Island politician): limiting American oil use and expanding alternative energy. He opposes Arctic National Wildlife Refuge drilling and federal subsidies for oil exploration, while favoring a 40 percent reduction in oil use by 2025 and funding for hydrogen automobiles. Reed has voted to end discussions on Corporate Average Fuel Economy standards. He has also been an outspoken proponent of stronger restrictions of mercury use, as well as an end to commercial whaling. Reed has voted against limiting lawsuits on gun manufacturers and has favored expanding gun control. He voted against loosening background checks at gun shows. Although he voted for the 1996",0.9311886212461604
predictions_K5_gpt-oss-20b.json,"U.S. President Donald Trump tweeted in November 2009 that ""Obama's handling of this whole pandemic has been terrible!"" and that he ""would never let thousands of Americans die from a pandemic while in office.",FALSE,TRUE,0.5001699680333884,"Political positions of Donald Trump: is single payer. In 2014, after a New York physician returned from treating Ebola patients in West Africa and showed symptoms of the disease, Trump tweeted that if the doctor had Ebola, ""Obama should apologize to the American people & resign!"" When the doctor was later confirmed to have developed Ebola in New York, Trump tweeted that it was ""Obama's fault"" and ""I have been saying for weeks for President Obama to stop the flights from West Africa. So simple, but he refused. A TOTAL incompetent!"" Trump also criticized President Obama's decision to send 3,000 U.S. troops to affected regions",0.9997595470100171
predictions_K5_gpt-oss-20b.json,"       Kayla Mueller, the 26-year-old woman who died while being held hostage   by the Islamic State terrorist group, “deserves no tears” because she   supported terrorist groups.       ",FALSE,FALSE,0.005460001947901703,"Kayla Mueller: suffering, her activism, and her humanitarian aid work, and praising her desire not to be seen, but to genuinely help people. According to Alter, ""Mueller represented the best qualities of the millennial generationour idealism, our optimism, and our love of our familieswithout the troublesome ones."" Kayla Mueller Kayla Jean Mueller (August 14, 1988 – February 6, 2015) was an American human rights activist and humanitarian aid worker from Prescott, Arizona. She was taken captive in August 2013 in Aleppo, Syria, after leaving a Doctors Without Borders hospital. Media had long reported that a 26-year-old American aid worker was being held",0.9819397928487125
predictions_K5_gpt-oss-20b.json,South Korea expands poultry cull on bird flu fears.,TRUE,TRUE,0.9999996114544493,"Influenza A virus subtype H5N8: official delegations from Japan, South Korea and China gathered in Beijing for a symposium on preventing and controlling bird flu and other diseases in East Asia, according to the website of China's ministry of agriculture. By the end of December the outbreak had spread to South Korea, Japan, Germany, and the United Kingdom. Thousands of birds and animals were being culled in Germany to stop the spread. In the United Kingdom the flu was found in a wild duck at a turkey farm in Lincolnshire. In South Korea, a total of record 18.4 million birds had been killed by December",0.9998011872598469
predictions_K5_gpt-oss-20b.json,Missouri to create center for rural students’ mental health.,TRUE,FALSE,6.382079196171502e-05,"University of Missouri Health Care: operating video right at a patient’s bedside. Missouri Psychiatric Center, formerly known as Mid-Missouri Mental Health Center, offers short-term inpatient and outpatient treatment services for adults, adolescents and children with 57 inpatient beds. A 13-bed unit serves children and adolescents, while the remaining 44 beds are divided into two adult units. MUPC also offers an emergency room assessment unit to help with crisis stabilization and intake and discharge planning for patients. Psychiatrists also provide outpatient psychiatry care at MU Health Care's South Providence Medical Building, which opened in January 2015. Missouri Rehabilitation Center (MRC) was a 79-bed acute care hospital",0.9999990156619347
predictions_K5_gpt-oss-20b.json,What's in a name? Losing Asperger's label not such a big change.,TRUE,TRUE,0.9943015078817588,"Asperger syndrome: AS recognized as an important subgroup. Whether it should be seen as distinct from high-functioning autism is a fundamental issue requiring further study, and there are questions about the empirical validation of the DSM-IV and ICD-10 criteria. In 2013, DSM-5 eliminated AS as a separate diagnosis, folding it into the autism spectrum on a severity scale. People identifying with Asperger syndrome may refer to themselves in casual conversation as ""aspies"" (a term first used in print by Liane Holliday Willey in 1999). The word ""neurotypical"" (abbreviated ""NT"") describes a person whose neurological development and state are typical and is often",0.9965917545048084
predictions_K5_gpt-oss-20b.json,Tiny Eye Telescope Brings Back A World Of Sight,TRUE,FALSE,0.00011715975466753413,"NEOSTEL: CCD cameras to view 45 square degrees of light entering the telescope aperture. The resolution is 1.5 arc seconds per pixel across the whole field of view. NEOSTEL The Near Earth Object Survey TELescope (NEOSTEL - also known as ""Flyeye"") is an astronomical survey and early-warning system for detecting near-Earth objects sized 40 m and above a few weeks before they impact Earth. NEOSTEL is an ESA funded project, starting with an initial prototype currently under construction at OHB in Milan. The telescope is of a new ""fly-eye"" design inspired by the wide field of vision from a fly's eye.",0.9999944669199035
predictions_K5_gpt-oss-20b.json,A brain injury diagnosed with a single drop of blood,FALSE,TRUE,0.8751413665532481,"Traumatic brain injury: maintaining adequate blood flow to the brain, and controlling raised intracranial pressure (ICP), since high ICP deprives the brain of badly needed blood flow and can cause deadly brain herniation. Other methods to prevent damage include management of other injuries and prevention of seizures. Some data supports the use of hyperbaric oxygen therapy to improve outcomes. Neuroimaging is helpful but not flawless in detecting raised ICP. A more accurate way to measure ICP is to place a catheter into a ventricle of the brain, which has the added benefit of allowing cerebrospinal fluid to drain, releasing pressure in the skull.",0.9999967397543122
predictions_K5_gpt-oss-20b.json,2007 mass shooting survivor copes with 300 pellets of lead.,TRUE,TRUE,0.9998921738300875,"Green bullet: Studies by the U.S. CDC suggest blood lead levels are correlated with self-reported consumption of game meat. October 11, 2013 Governor Jerry Brown of California signed into law AB 711 Hunting: nonlead ammunition. Cost reductions from conversion to green ammo are estimated at ""$2.5 million required for waste removal at each outdoor firing range as well as the $100 thousand annual costs for lead contamination monitoring"". Two green ammunition cartridges are the 5.56×45mm NATO M855A1 and the MK281 40 mm grenade. Switching to the 5.56 mm green bullet, the M855A1 Enhanced Performance Round, or EPR, in 2010 has eliminated nearly",0.9999854213450651
predictions_K5_gpt-oss-20b.json,Greece suggests EU buy patent rights for vaccines and coronavirus tests: FAZ.,TRUE,TRUE,0.9998833808765616,"Middle East respiratory syndrome coronavirus: risky. Not studying it is riskier."" Dr. Zaki was fired from his job at the hospital as a result of bypassing the Saudi ministry of health in his announcement and sharing his sample and findings. At their annual meeting of the World Health Assembly in May 2013, WHO chief Margaret Chan declared that intellectual property, or patents on strains of new virus, should not impede nations from protecting their citizens by limiting scientific investigations. Deputy Health Minister Ziad Memish raised concerns that scientists who held the patent for the MERS-CoV virus would not allow other scientists to use patented material",0.9999951728450431
predictions_K5_gpt-oss-20b.json,“Fish tank additive may treat coronavirus.”,FALSE,FALSE,0.0001319421247330892,"Fish oil: aggressive prostate cancer with higher blood levels of combined EPA and DHA. Some evidence indicated an association between high blood levels of omega-3 fatty acids and an increased prostate cancer risk. Fish oil supplement studies have failed to support claims of preventing heart attacks or strokes. Earlier, in 2007, the American Heart Association had recommended the consumption of 1 gram of fish oil daily, preferably by eating fish, for patients with coronary artery disease, but cautioned pregnant and nursing women to avoid eating fish with high potential for mercury contaminants including mackerel, shark, and swordfish. (Optimal dosage was related to",0.999868057875267
predictions_K5_gpt-oss-20b.json,Mental health center in Newport gets $2M to expand services.,TRUE,TRUE,0.833346482710999,"Chris Malone (politician): centers. There has been an additional $20 million allocated for the state’s mental health services aimed at improving the livelihoods of those struggling with mental illness and substance abuse. For example, I have provided vouchers for respite services to help families acting as caregivers for Alzheimer’s patients, and won the argument to provide more money for Pre-K in most counties, as well as Child Advocacy Centers. Also local social services departments and the efficiency of foster care facilities were improved with staff training and technical assistance capabilities in both. We must invest in furthering our efforts in this arena. We",0.9444471150077508
predictions_K5_gpt-oss-20b.json,U.S. Supreme Court tosses out Medtronic pacemaker patent loss.,TRUE,TRUE,0.6666793980381303,"Medtronic, Inc. v. Mirowski Family Ventures, LLC: two of its patents, which dealt with cardiac resynchronization therapy, a pacemaker that is used to treat congestive heart failure. Medtronic thought that its products did not infringe Mirowski's patents, either because the products fell outside the scope of the patent claims or because the patents were invalid. Medtronic brought an action for declaratory judgment in the United States District Court for the District of Delaware, seeking a declaration that its products did not infringe Mirowski's patents and that the patents were invalid. The District Court recognized that Mirowski was the defendant in the action, but it held that Mirowski,",0.9614391142961972
predictions_K5_gpt-oss-20b.json,Immune-Focused Drug May Be New Weapon Against Advanced Melanoma,TRUE,TRUE,0.999978864611257,"Melanoma: this disease in a small percentage of people with melanoma. Intralesional IL-2 for in-transit metastases has a high complete response rate ranging from 40 to 100%. Similarly, IFN-a has shown only modest survival benefits and high toxicity, limiting its use as a stand alone therapy. Immune check point inhibitors include anti-CTLA-4 monoclonal antibodies (ipilimumab and tremelimumab), toll-like receptor (TLR) agonists, CD40 agonists, anti-PD-1 (pembrolizumab, pidilizumab and nivolumab) and PDL-1 antibodies. Evidence suggests that anti-PD-1 antibodies are more effective than anti-CTLA4 antibodies with less systemic toxicity. A therapeutic approach that includes the combination of different therapies improves overall survival and progression-free",0.9999788079261214
predictions_K5_gpt-oss-20b.json,Lil' Wayne announced that he was diagnosed with skin cancer and has one month to live.,FALSE,FALSE,0.28570205413202165,"In Harm's Way: Wayne's low-key performance was due to the fact that he was seriously ill with lung cancer when the film was made. Shortly after filming ended in September 1964, he was diagnosed with the disease and a month later underwent surgery to remove his entire left lung and two ribs. Co-star Franchot Tone was soon to also develop lung cancer and died of the disease in September 1968. Many of the non-military costumes and hairstyles worn by the women throughout the film were contemporary to the mid-1960s period during which the film was made, rather than of the early 1940s. This",0.7499005936298626
predictions_K5_gpt-oss-20b.json,Trendy fizzy drink is mushrooming,TRUE,FALSE,0.000138855835041946,"Fizz (cocktail): the egg white. The original recipe is made with grapefruit juice, because of the mixing of recipes you will find many recipes with lemon juice. Notes Fizz (cocktail) A ""fizz"" is a mixed drink variation on the older sours family of cocktail. Its defining features are an acidic juice (such as lemon or lime) and carbonated water. The first printed reference to ""fiz"" is in the 1887 edition of Jerry Thomas's ""Bartender's Guide"", which contains six such recipes. The fizz became widely popular in America between 1900 and the 1940s. Known as a hometown specialty of New Orleans, the gin",0.9999790413536684
predictions_K5_gpt-oss-20b.json,An image of a plant with phallic-looking structures is a genuine botanical specimen.,TRUE,TRUE,0.888357625228079,"Botanical illustrator: or restrictions on safe transport, have meant illustrations have been nominated as the type for some names. Many minute plants, which may only be viewed under a microscope, are often identified by an illustration to overcome the difficulties in using slide mounted specimens. The standards for this are by international agreement (Art 37.5 of the Vienna Code, 2006)... The use of illustrations was frequently seen in the herbals, seed catalogues and popular works of natural history. The illustrations produced during the eighteenth and nineteenth century are regarded as both appealing and scientifically valid. The finer detail of the printing processes,",0.7765171471754269
predictions_K5_gpt-oss-20b.json,US troops get freeze-dried plasma for battlefield bloodshed.,TRUE,TRUE,0.7498783234292236,"Blood bank: collect blood in New York City hospitals for the export of plasma to Britain. A dried plasma package was developed, which reduced breakage and made the transportation, packaging, and storage much simpler. The resulting dried plasma package came in two tin cans containing 400 cc bottles. One bottle contained enough distilled water to reconstitute the dried plasma contained within the other bottle. In about three minutes, the plasma would be ready to use and could stay fresh for around four hours. Charles R. Drew was appointed medical supervisor, and he was able to transform the test tube methods into the",0.9999915657025523
predictions_K5_gpt-oss-20b.json,"Republicans “have shown themselves willing to cut millions off their health insurance and eliminate preexisting condition protections for millions more, even in the middle of this public health crisis.",TRUE,TRUE,0.6654322061874643,"Presidency of Donald Trump: commit to continuing paying ACA subsidies, which added uncertainty to the insurance market and led insurers to raise premiums for fear they will not get subsidized. In June 2018, the administration sided with a lawsuit to overturn the ACA, including protections for individuals with pre-existing conditions. On October 4, 2018, Trump stated “Some of the Democrats have been talking about ending (coverage for) pre-existing conditions,” and 20 days later he tweeted “Republicans will totally protect people with Pre-Existing Conditions, Democrats will not!” Politifact rated Trump's statement about Democrats as “Pants on Fire,” also noting that eighteen attorneys general and two",0.7993418233966841
predictions_K5_gpt-oss-20b.json,Roe v. Wade was passed only because Roe lied about being raped.,FALSE,FALSE,0.3194843633261853,"Roe v. Wade: decided, and the child was put up for adoption.) In 1970, Coffee and Weddington filed suit in the United States District Court for the Northern District of Texas on behalf of McCorvey (under the alias Jane Roe). The defendant in the case was Dallas County District Attorney Henry Wade, who represented the State of Texas. McCorvey was no longer claiming her pregnancy was a result of rape, and later acknowledged that she had lied about having been raped. ""Rape"" is not mentioned in the judicial opinions in the case. On June 17, 1970, a three-judge panel of the District Court,",0.7218991339635723
predictions_K5_gpt-oss-20b.json,Gone With A Shot? Hopeful New Signs Of Relief For Migraine Sufferers,TRUE,TRUE,0.9999932147022372,"Migraine: to standard treatment of a migraine attack, is associated with a 26% decrease in headache recurrence in the following 72 hours. Spinal manipulation for treating an ongoing migraine headache is not supported by evidence. It is recommended that opioids and barbiturates not be used due to questionable efficacy, addictive potential, and the risk of rebound headache. Ibuprofen helps decrease pain in children with migraines. Paracetamol does not appear to be effective in providing pain relief. Triptans are effective, though there is a risk of causing minor side effects like taste disturbance, nasal symptoms, dizziness, fatigue, low energy, nausea, or vomiting.",0.9999946913524211
predictions_K5_gpt-oss-20b.json,Dubai displays tech reputation with global robotics contest.,TRUE,TRUE,0.749969147548955,"ABU Robocon: ABU Robocon The ABU Asia-Pacific Robot Contest (ABU Robocon) is an Asian Oceanian College robot competition, founded in 2002 by Asia-Pacific Broadcasting Union. In the competition robots compete to complete a task within a set period of time. The contest aims to create friendship among young people with similar interests who will lead their countries in the 21st century, as well as help advance engineering and broadcasting technologies in the region. The event is broadcast in many countries through ABU member broadcasters. ABU Robocon extended the concept from NHK Robocon which started in 1991 and restricted to teams from Japan",0.9759403578269197
predictions_K5_gpt-oss-20b.json,UN agency: Tanzania not sharing details on Ebola-like cases.,TRUE,TRUE,0.9998408085830593,"2014 Democratic Republic of the Congo Ebola virus outbreak: remote northern Équateur province who fell ill after handling bushmeat. Despite treatment in a local clinic, the woman died on 11 August 2014. At the time of her death, her diagnosis was hemorrhagic fever of unknown etiology. Subsequent laboratory studies confirmed she had died of Ebola virus disease. Medecins Sans Frontieres/Doctors without Borders (MSF) deployed a team of 50 staff to the area and opened two treatment centres with a combined capacity of 50 beds. MSF, together with the country's Ministry of Health and the World Health Organization (WHO) worked to heighten public awareness and ensure that surveillance, contact tracing",0.9998808599887038
predictions_K5_gpt-oss-20b.json,"New law would let Uruguayans grow marijuana at home, in clubs.",TRUE,TRUE,0.5000517572935235,"Cannabis in Uruguay: Cannabis in Uruguay Cannabis is legal in Uruguay, and is one of the most widely used drugs in the nation. President Jose Mujica signed legislation to legalize recreational cannabis in December 2013, making Uruguay the first country in the modern era to legalize cannabis. In August 2014, Uruguay legalized growing up to six plants at home, as well as the formation of growing clubs, a state-controlled marijuana dispensary regime, and the creation of a Cannabis regulatory institute (IRCCA in Spanish). In October 2014 the Government began registering growers' clubs, allowed in turn to grow a maximum of 99 cannabis plants",0.9999794518251217
predictions_K5_gpt-oss-20b.json,Chinese leukemia patient livestreams to pay for treatment.,TRUE,FALSE,0.00016526380619690404,"Guo Mei: of Jining serious radiation accidents and extremely severe bone marrow and intestinal radiation 2006 Developed an original creativity of microtransplantation for the treatment of leukemia. This technology opens up new opportunities for treating leukemia in world. From 2010 to 2015, she took part in 12 projects of national 863 and provincial projects. As the first applicants, she took five scientific research projects, including the National Ministry of science and Technology Department project, National 11th Five-Year Plan key project of scientific and technological and National 12th Five-Year Plan key project of scientific and technological. Her accomplishments include over 100 published research",0.9999171761974629
predictions_K5_gpt-oss-20b.json,Recall: Nearly 57 tons of ground beef for possible E coli.,TRUE,TRUE,0.9999182413612914,"Beef Products: had complained that the product tasted and smelled like ammonia, after which the company devised a plan to make a less alkaline version. The USDA determined that at least some of BPI's product was no longer receiving ""the full lethality treatment."" NYT reported that BPI's products had tested positive for E. coli three times and salmonella 48 times since 2005. This prompted the USDA to revoke the exemption and conduct a review of the company's practices. In July 2011, after widespread coverage of an unrelated linked to sprouts, Beef Products Inc. began voluntarily testing its beef products for six additional",0.9999458013528552
predictions_K5_gpt-oss-20b.json,Chemistry Nobel for using evolution to create new proteins.,TRUE,TRUE,0.9999998617808493,"Maxygen: of Directed Evolution to protein engineering, and wanting to continue the legacy, a private investor acquired the Maxygen trademark and was granted full rights to the name on January 9th 2018. The importance of Directed Evolution was further exemplified when the Nobel Prize in Chemistry was awarded in 2018 for the development of this technique for protein engineering. Maxygen is now a privately owned company operating in Sunnyvale, CA providing rapid protein engineering applying Molecular Breeding to accomplish Directed Evolution. Additionally, Maxygen leverages advanced synthetic biology techniques to further accelerate the optimization of proteins and expressing them. One such capability",0.9996541703762293
predictions_K5_gpt-oss-20b.json,Michigan Capitol hosts collection of unwanted medications.,TRUE,FALSE,4.741751638531062e-05,"Drug policy of Michigan: of alcohol; the punishments associated with this offense can be found under the ""alcohol"" section of this page. Drug policy of Michigan The U.S. state of Michigan has various policies restricting the production, sale, and use of different controlled substances. Some of the policies are unique to the state while others are similar to federal law. Laws pertaining to controlled substances can be found almost exclusively in various sections of public health code, specifically Act 368 of 1978. Although federal law prohibits the production, sale, and use of cannabis products, in 2008 the state of Michigan passed the Michigan Medical",0.9999621580463816
predictions_K5_gpt-oss-20b.json,A law in Japan makes it illegal for citizens of that country to be fat.,FALSE,FALSE,0.0273393260350383,"Body image law: disorder. The Israeli government passed a body image law in 2012 which became operational the following year. The law requires models to have a minimum body mass index to work and if an image was photoshopped to make the model appear thinner, it must have a warning. The warning must state that the image was modified and it must take up at least seven percent of the image. Breaches can result in a civil lawsuit. The French Government passed a similar law in 2015 which came into effect in 2017. This law requires that models provide their employers with a",0.917910656186812
predictions_K5_gpt-oss-20b.json,"US births hit a 30-year low, despite good economy.",TRUE,FALSE,0.4998896243079711,"Demography of the United States: from 2007 to 2009 is believed to be associated with the Great Recession. A study by the Agency for Healthcare Research and Quality (AHRQ) found that more than half (51 percent) of live hospital births in 2008 and 2011 were male. Per U.S. federal government data released in March 2011, births fell 4% from 2007 to 2009, the largest drop in the U.S. for any two-year period since the 1970s. Births have declined for three consecutive years, and are now 7% below the peak in 2007. This drop has continued through 2010, according to data released by the U.S. National",0.9999777086155
predictions_K5_gpt-oss-20b.json,"Aspirin may cut cancer deaths, but caution urged",TRUE,TRUE,0.9999657619571832,"Aspirin: is available as a generic medication. Aspirin is used in the treatment of a number of conditions, including fever, pain, rheumatic fever, and inflammatory diseases, such as rheumatoid arthritis, pericarditis, and Kawasaki disease. Lower doses of aspirin have also been shown to reduce the risk of death from a heart attack, or the risk of stroke in people who are at high risk or who have cardiovascular disease, but not in elderly people who are otherwise healthy. There is some evidence that aspirin is effective at preventing colorectal cancer, though the mechanisms of this effect are unclear. In the United",0.999938256399089
predictions_K5_gpt-oss-20b.json,Canine Carry Outs dog treats contain anti-freeze and are therefore dangerous to dogs.,FALSE,FALSE,0.16686584815454042,"Dog health: prostatic hyperplasia. Psychological anxieties affecting dogs include noise phobia and separation anxiety. Some common sources of toxins that pets encounter include some plants, human medications and cosmetics, cleaning products, and even some foods. Some foods consumed safely by humans are harmful to dogs: Cocoa within chocolate contains theobromine, a chemical stimulant that, together with caffeine and theophylline, belongs to the group of methylxanthine alkaloids. Dogs are unable to metabolize theobromine effectively. If they eat chocolate, the theobromine can remain in their bloodstreams for days, and dogs may experience fast heart rate, severe diarrhea, epileptic seizures, heart attacks, internal bleeding, and",0.8331341518454597
predictions_K5_gpt-oss-20b.json,Sanofi's Lantus insulin favored over rival: study.,TRUE,TRUE,0.9998917616993774,"Intensive insulin therapy: ultralente, and beef ultralente in particular was considered for decades to be the gold standard of basal insulin. Long-acting insulin analogs such as insulin glargine (brand name ""Lantus"", made by Sanofi-Aventis) and insulin detemir (brand name ""Levemir"", made by Novo Nordisk) are also used, with insulin glargine used more than insulin detemir. Rapid-acting insulin analogs such as lispro (brand name ""Humalog"", made by Eli Lilly and Company) and aspart (brand name ""Novolog""/""Novorapid"", made by Novo Nordisk and ""Apidra"" made by Sanofi Aventis) are preferred by many clinicians over older regular insulin for meal coverage and high correction. Many people on",0.9999822829488675
predictions_K5_gpt-oss-20b.json,A photo shows Kamala Harris is “listed as Caucasian on her birth certificate.”,FALSE,FALSE,2.025567336149772e-06,"Kamala Harris: elected California's Attorney General in 2010 and reelected in 2014. On November 8, 2016, she defeated Loretta Sanchez in the 2016 Senate election to succeed outgoing Senator Barbara Boxer, becoming California's third female U.S. Senator and the first of either Indian or Jamaican descent. Harris was born on October 20, 1964, in Oakland, California, to a Tamil mother and Jamaican father. Her mother, Shyamala Gopalan Harris, was a breast cancer scientist who emigrated from Madras in 1960. Her father, Donald Harris, is a Stanford University economics professor who emigrated from Jamaica in 1961 for graduate study in economics at University",0.9999997515209033
predictions_K5_gpt-oss-20b.json,Study: CT scans rule out heart attacks faster,TRUE,TRUE,0.9999009797110862,"Electron beam tomography: structures, such as arteries, move several times their diameter during each heartbeat. Rapid imaging is therefore important to prevent blurring of moving structures during the scan. EBT detection of calcium deposits is accurate, fast and involves lower exposure to ionising radiation than conventional CT. Patients are exposed to radiation for a shorter period as it is faster in creating multiple images of the heart. The most advanced current commercial designs can perform image sweeps in as little as 0.025 seconds. By comparison, the fastest mechanically swept X-ray tube designs require about 0.25 seconds to perform an image sweep. For reference,",0.9999049692751864
predictions_K5_gpt-oss-20b.json,Black and white caterpillars can cause severe allergic reactions in some people who touch them.,TRUE,TRUE,0.9998464954027839,"Caterpillar: on into the adult stages. These toxic species, such as the cinnabar moth (""Tyria jacobaeae"") and monarch (""Danaus plexippus"") caterpillars, usually advertise themselves with the danger colors of red, yellow and black, often in bright stripes (see aposematism). Any predator that attempts to eat a caterpillar with an aggressive defense mechanism will learn and avoid future attempts. Some caterpillars regurgitate acidic digestive juices at attacking enemies. Many papilionid larvae produce bad smells from extrudable glands called osmeteria. Many caterpillars display feeding behaviors which allow the caterpillar to remain hidden from potential predators. Many feed in protected environments, such as enclosed",0.9999989500725952
predictions_K5_gpt-oss-20b.json,Gene therapy improves sight in near-blind patients.,TRUE,TRUE,0.9999509232690119,"Choroideremia: choroideremia is an ideal candidate for gene therapy there are other potential therapies that could restore vision after it has been lost later in life. Foremost of these is stem cell therapy. A clinical trial published in 2014 found that a subretinal injection of human embryonic stem cells in patients with age-related macular degeneration and Stargardt disease was safe and improved vision in most patients. Out of 18 patients, vision improved in 10, improved or remained the same in 7, and decreased in 1 patient, while no improvement was seen in the untreated eyes. The study found ""no evidence of",0.999977411379992
predictions_K5_gpt-oss-20b.json,"Two-fifths of U.S. adults care for sick, elderly relatives.",TRUE,FALSE,0.0001080435190842913,"Long-term care: factors often contribute to an increased need for paid care. In many countries, the largest percentages of older persons needing LTC services still rely on informal home care, or services provided by unpaid caregivers (usually nonprofessional family members, friends or other volunteers). Estimates from the OECD of these figures often are in the 80 to 90 percent range; for example, in Austria, 80 percent of all older citizens. The similar figure for dependent elders in Spain is 82.2 percent. The US Centers for Medicare and Medicaid Services estimates that about 9 million American men and women over the age of",0.9999822899019685
predictions_K5_gpt-oss-20b.json,“Does the #DemConvention know @NYGovCuomo forced nursing homes across NY to take in COVID positive patients and planted the seeds of infection that killed thousands of grandmothers and grandfathers?”,FALSE,FALSE,0.25000003952650557,"Safe Care Campaign: by Victoria and Armando Nahum after three members of their family acquired nosocomial infections in hospitals in three different states in the timespan of a year, ultimately resulting in the death of their son, Joshua. Safe Care Campaign The Safe Care Campaign is an Atlanta, Georgia (United States) based corporation seeking to help eradicate hospital acquired infections. Its goal is to instigate a national change in ideology and practices within the health care environment in regard to hand hygiene. The organization compiles, develops, distributes and promotes educational resource material and targeted media campaigns to inform and assist patients and medical",0.9999503249003382
predictions_K5_gpt-oss-20b.json,On-and-off fasting helps fight obesity,FALSE,TRUE,0.9999767963577577,"Fasting: than 24 hours, known as intermittent fasting, have been shown to be effective for weight loss in obese and healthy adults and to maintain lean body mass, some writers argue that using fasting for weight loss is unnecessary. It has been argued that fasting makes one more appreciative of food. In rare occurrences, fasting can lead to refeeding syndrome. Fasting is often used as a tool to make a political statement, to protest, or to bring awareness to a cause. A hunger strike is a method of non-violent resistance in which participants fast as an act of political protest, or",0.9999765981575879
predictions_K5_gpt-oss-20b.json,U.N. flags need to cut meat to curb land use impact on global warming.,TRUE,TRUE,0.999934482240299,"Individual and political action on climate change: effects of meat production, which the United Nations' Food and Agriculture Organization has established to represent nearly one-fifth of global greenhouse gas emissions. The town of Totnes in Devon through its ""Transition Town Totnes"" Project has adopted an Energy Descent Plan, as a response in answer to the twin problems of greenhouse gas emissions and peak oil. As a result of a series of large, well attended public gatherings with key experts from around the world, and the organisation of a number of special interest groups, the community has come together with lecturers and trainers shared with Schumacher College, through",0.9999793067472337
predictions_K5_gpt-oss-20b.json,'Stink flirting' is a thing - just ask a ring-tailed lemur.,TRUE,TRUE,0.5001099057274162,"Lemur: for communication between animals that rarely encounter each other. Small, nocturnal lemurs mark their territories with urine, while the larger, diurnal species use scent glands located on various parts of their anatomy. The ring-tailed lemur engages in ""stink fights"" by rubbing its tail across scent glands on its wrists, and then flicking its tail at other male opponents. Some lemurs defecate in specific areas, otherwise known as latrine behavior. Although many animals exhibit this behavior, it is a rare trait among primates. Latrine behavior can represent territorial marking and aid in interspecies signaling. Compared to other mammals, primates in general",0.9999785505826191
predictions_K5_gpt-oss-20b.json,Sides spar over water permit for refinery near national park.,TRUE,TRUE,0.9840926125027744,"Kayak Point County Park: refinery in 1967, requesting that the county government issue permits to allow for the refinery's construction and operation as an exception to the area's rural residential zoning. Atlantic Richfield selected Kayak Point due to its protected deep water location, road access, available workforce, and proximity to Canada, where crude oil would be delivered via pipeline. The $100 million (equivalent to $ in dollars) refinery would employ 400 workers and create an additional 800 jobs in supporting industries. The plans angered local residents, who organized the Save Port Susan Committee and testified against the zoning exception during a public hearing on",0.9683835483480991
predictions_K5_gpt-oss-20b.json,U.N. says Saudi deportations of Ethiopian migrants risks spreading coronavirus.,TRUE,TRUE,0.9999258925585968,"Coronavirus: 2013, a case of contamination from human to human in France was confirmed by the French Ministry of Social Affairs and Health. In addition, cases of person-to-person transmission have been reported by the Ministry of Health in Tunisia. Two confirmed cases seem to have caught the disease from their late father, who became ill after a visit to Qatar and Saudi Arabia. By Oct. 30 2013, there were 124 cases and 52 deaths in Saudi Arabia. After the Dutch Erasmus Medical Centre sequenced the virus, the virus was given a new name, Human Corona Virus-Erasmus Medical Centre (HCoV-EMC). The final",0.9999933237310507
predictions_K5_gpt-oss-20b.json,The legalization of marijuana will force police departments to euthanize their drug sniffing dogs.,FALSE,TRUE,0.5887242547420044,"Florida v. Jardines: to a sniff test by a drug-detection dog. After the defendant's behavior at an airport attracted suspicion, police seized his luggage and subjected it to a sniff test by a drug-detection dog while en route through another airport, and ultimately discovered cocaine inside. The Supreme Court concluded that the seizure, which lasted ninety minutes, was an impermissibly long ""Terry"" stop, but with respect to the dog sniff, the Court said that: Next, in ""City of Indianapolis v. Edmond"" (2000), the Supreme Court tackled the question of whether police could stop vehicles at a dragnet-style drug interdiction checkpoint and subject each",0.7413356940377843
predictions_K5_gpt-oss-20b.json,"“If you look at the one (hydroxychloroquine) survey, the only bad survey, they were giving it to people that were in very bad shape. They were very old. Almost dead.”",FALSE,FALSE,0.00010851892612807856,"Hydroxychloroquine: symptoms of overdose can occur within a half an hour after ingestion. Overdose symptoms include convulsions, drowsiness, headache, heart problems or heart failure, difficulty breathing and vision problems. Hydroxychloroquine has similar pharmacokinetics to chloroquine, with rapid gastrointestinal absorption and elimination by the kidneys. Cytochrome P450 enzymes (CYP2D6, 2C8, 3A4 and 3A5) metabolize hydroxychloroquine to ""N""-desethylhydroxychloroquine. Antimalarials are lipophilic weak bases and easily pass plasma membranes. The free base form accumulates in lysosomes (acidic cytoplasmic vesicles) and is then protonated, resulting in concentrations within lysosomes up to 1000 times higher than in culture media. This increases the pH of the lysosome",0.9999829699863998
predictions_K5_gpt-oss-20b.json,Assault rifles already are banned.,FALSE,TRUE,0.5000009800892118,"Assault weapons legislation in the United States: rounds), pistol grip, and certain types of firearm stocks such as telescoping or collapsing stocks. Also included are lists of various classes and models of firearms, including semi-automatic firearms, AR-15 style rifles, assault weapons, semi-automatic pistols, semi-automatic shotguns, and others, some of which have already been banned or restricted under existing legislation including grenade launchers. The legislation also proscribes high-capacity magazines. Three U.S. states passed assault weapons bans before Congress passed the federal Assault Weapons Ban of 1994: California in 1989, New Jersey in 1990, and Connecticut in 1993. Four others passed assault weapons bans before AWB 1994 expired in",0.9999997985737791
predictions_K5_gpt-oss-20b.json,Muslim girls buried alive by their father are fed and comforted by Jesus until rescuers come for them.,FALSE,TRUE,0.7499966491427864,"Islamic views on Jesus' death: bones were collected, bundled, and buried in the mound purported to be the grave of Jesus Christ.There is also a museum in Japan which has ""evidence"" of these claims. See: Shingō, Aomori Some Islamic scholars like Sheikh Mohammed al-Ghazali (not Imam al-Ghazali) and Javed Ahmad Ghamidi argue that Jesus was rescued but was given death by God before he was ascended bodily as God never allows His messengers to be dishonored, even their dead bodies. Thomas McElwain states that the context of the verse is clearly within the discussion of Jewish ridicule of Christians, not in context of whether or",0.5
predictions_K5_gpt-oss-20b.json,Foreign Chinese prostitution money is allegedly behind the groups funding Congressman Jim Renacci’s Republican majority.,FALSE,TRUE,0.9998645002481957,"Democratic Congressional Campaign Committee: lawsuit and alleged that Adelson ""approved of prostitution at a casino in Macau"". The DCCC repeated the charges in press releases that attacked Republicans Jim Renacci, Scott DesJarlais, and Jim Gerlach. Adelson fought back against the claims, which he called ""outrageous"", and filed a brief threatening a libel suit against the DCCC which demanded that the ""DCCC retract the claims, apologize for them, and retain any documents associated with them in preparation for a potential lawsuit"". Politifact, a nonpartisan fact checking organization, rated the DCCC's claims as ""pants on fire"", saying that the DCCC ""seized upon [a] questionable claim, extrapolated",0.9999637627050982
predictions_K5_gpt-oss-20b.json,Henry Winkler Dead at 77 – A Huge Trump Supporter and Lifelong Gun Lover.,FALSE,FALSE,0.2500192828518859,"Gus Winkler: Gus Winkler Gus Winkler (March 28, 1901 – October 9, 1933) was an American gangster who headed a Prohibition-era criminal gang specializing in armed robbery and murder for hire with Fred ""Killer"" Burke. Winkler was an associate of Chicago mob boss Al Capone and is considered a suspect in the St. Valentine's Day Massacre. Winkler was born August Henry Winkeler to Bernard J. Winkeler (September 28, 1862- November 23, 1928) and Mary K. (June 1, 1862- March 5, 1923) in Lemay, Missouri of German descent; he was a brother to Clara (April 21, 1895 – June 23, 1987), Jacob C.",0.9790481473216618
predictions_K5_gpt-oss-20b.json,"“Since the reopening of (Georgia), we’ve seen our COVID rate skyrocket by 40%.”",FALSE,TRUE,0.9999022587733845,"Economy of Georgia (country): only 3 tariff rates exist instead of previous 16. Currently 86% of tariff lines are duty-free compared to 26% in 2005. Modern Customs Clearance Zones were established and customs clearness procedures could be made starting from 15 minutes only. Modernization of system of licenses and permits resulted in decrease of number of licenses and permits and simplification of related administrative procedures. Privatization of state property – Starting from 2004, provision of transparent privatization policy was one of the important reforms of the Government of Georgia, that was addressed to denationalization of the remained state property in order to attract foreign",0.9999025332983703
predictions_K5_gpt-oss-20b.json,"Philippine volcano trembles more, spews lava half-mile high.",TRUE,TRUE,0.9998011482076452,"Mount Bulusan: generally known for its sudden steam-driven or phreatic explosions. It has erupted 15 times since 1885 and is considered as the 4th most active volcano in the Philippines after Mayon, Taal, and Kanlaon. There are evacuation procedures in place for parts of the peninsula; the farms nearest the volcano are to be evacuated, and many of the village schools will be closed if it is considered possible that a more destructive eruption could occur. The Philippine Institute of Volcanology and Seismology (PHIVOLCS) declared Alert Level 1 on March 19, 2006 after it recorded increased seismic unrest. On June 8, 2006,",0.999999667473007
predictions_K5_gpt-oss-20b.json,"For every dollar we invest in Head Start, we get $5 to $7 back into our economy.",TRUE,TRUE,0.7998478051012887,"Head Start (program): children from birth to age three, in an effort to capitalize on research evidence that showed that the first three years are critical to children's long-term development. Programs are administered by local organizations and education agencies such as school systems. In the early years, some 700,000 children enrolled at a per-capita cost of $2,000 to $3,000 (2011 dollars). Under the full-time program, enrollment dropped to under 400,000 by the early 1970s. Enrollment reached close to 1 million children by 2011. The Head Start Policy Council makes up part of the Head Start governing body. Policy Council must be composed of",0.9999039157297773
predictions_K5_gpt-oss-20b.json,Plant-based egg maker gains from non-animal food buzz but lower costs key.,TRUE,FALSE,0.4311033864324069,"Commodity checkoff program: egg-free vegan “Just Mayo” brand products. In this scandal, an Egg Board executive was caught discussing ""putting a hit on"" Hampton Creek co-founder Joshua Tetrick. Despite $4 million spent to support the retention of the checkoff, a referendum held in 2000 among hog farmers voted to eliminate the checkoff. Ann Veneman, the Secretary of Agriculture, voided the results. The Pork Board also agreed to a deal that would funnel $60 million to the NPPC to fuel prohibited lobbying activity under the guise of paying for a trademark that is no longer in use. That deal is being challenged in ongoing",0.9999884571444898
predictions_K5_gpt-oss-20b.json,"Rudy Giuliani correctly tweeted that a research lab in Wuhan, China, got a $3.7 million grant from the U.S. in 2017 despite a ban on such funding.",FALSE,TRUE,0.791567078164108,"Beijing Genomics Institute: it provided commercial science, health, agricultural, and informatics services to global pharmaceutical companies. That year it bought Complete Genomics of Mountain View, California, a major supplier of DNA sequencing technology, for US$118 million. In the same year, the BGI was roughly valued at $820 million. In 2015, they signed a collaboration with the Zhongshan Hospital' Center for Clinical Precision Medicine in Shanghai, opened in May 2015 with a budget of ¥100 million. They are reportedly being involved as a sequencing institution in China's US$9.2-billion research project for medical care which will last for 15 years. In May 2017, was announced",0.5833329707119774
predictions_K5_gpt-oss-20b.json,"U.S. vaping-related deaths rise to 54, hospitalizations to 2,506.",TRUE,TRUE,0.6999239115794124,"Safety of electronic cigarettes: reported 3,067 exposures relating to e-cigarettes and liquid nicotine in 2015, and 3,783 in 2014. From September 1, 2010 to December 31, 2014, there were at least 5,970 e-cigarette calls to US poison control centers. Calls to US poison control centers related to e-cigarettes increased between September 2010 to February 2014, and of the total number of cigarettes and e-cigarettes calls, e-cigarette calls increased from 0.3% to 41.7%. Calls to US poison controls centers related to e-cigarette liquid poisoning increased from 1 in September 2010 to 215 for the month of February 2014. E-cigarette calls was 401 for the month",0.9992933262927368
predictions_K5_gpt-oss-20b.json,Prozac Failed Anorexic Women in Study,TRUE,FALSE,0.25000000031567926,"Samuel H. Wood: with their respective ability to retain elongation in response to increasing concentrations of salt. Wood then turned his attention to treating premenstrual syndrome (PMS) as well as improving pregnancy rates when using donated eggs. During a fellowship in reproductive endocrinology and infertility, Wood studied the usefulness of fluoxetine (tradename Prozac or Sarafem) for patients experiencing severe PMS. He and his research team found this medication significantly reduced behavioral and physical symptoms during the luteal phase without suffering significant side effects or treatment complications. The collaborators subsequently investigated the efficiacy of RU 486 (commonly referred to as ""the abortion pill"") in",0.9997899804755768
predictions_K5_gpt-oss-20b.json,"The health care reform plan would set limits similar to the ""socialized"" system in Britain, where people are allowed to die if their treatment would cost more than $22,000.",FALSE,FALSE,0.3705967859067136,"Health care reforms proposed during the Obama administration: die because of lack of medical care were estimated in a 1997 analysis to be nearly 100,000 per year. A study of the effects of the Massachusetts universal health care law (which took effect in 2006) found a 3% drop in mortality among people 20–64 years old - 1 death per 830 people with insurance. Other studies, just as those examining the randomized distribution of Medicaid insurance to low-income people in Oregon in 2008, found no change in death rate. The cost of insurance has been a primary motivation in the reform of the US healthcare system, and many different",0.9656696029650185
predictions_K5_gpt-oss-20b.json,Extracting the facts about pomegranate pills,TRUE,TRUE,0.9999007944934837,"Pomegranate: the peel yields extracts for use in dietary supplements and food preservatives. Pomegranate ellagitannins are under preliminary research for their potential health benefits. In vitro and in vivo studies have shown that most of their observed effects are due to a group of metabolites called urolithins which result from the transformation of ellagitannins by the microbiota. Despite limited research data, manufacturers and marketers of pomegranate juice have liberally used results from preliminary research to promote products. In February 2010, the FDA issued a Warning Letter to one such manufacturer, POM Wonderful, for using published literature to make illegal claims of",0.9999203041090647
predictions_K5_gpt-oss-20b.json,Indonesia doctor hits the streets to curb coronavirus.,TRUE,TRUE,0.8745146547796527,"Middle East respiratory syndrome: pneumonia and acute renal failure. After routine diagnostics failed to identify the causative agent, Zaki contacted Ron Fouchier, a leading virologist at the Erasmus Medical Center (EMC) in Rotterdam, the Netherlands, for advice. Fouchier sequenced the virus from a sample sent by Zaki. Fouchier used a broad-spectrum ""pan-coronavirus"" real-time polymerase chain reaction (RT-PCR) method to test for distinguishing features of a number of known coronaviruses (such as OC43, 229R, NL63, and SARS-CoV), as well as for RNA-dependent RNA polymerase (RdRp), a gene conserved in all coronaviruses known to infect humans. While the screens for known coronaviruses were all negative, the",0.9940601656497456
predictions_K5_gpt-oss-20b.json,Malawi becomes 1st nation to immunize kids against malaria.,TRUE,TRUE,0.9998847696670896,"Malawi–United States relations: for the management of ITNs Program, and participating in other national program activities. The Blantyre Integrated Malaria Initiative (BIMI), a program of CDC MMP, is a district-wide malaria-control effort, supported jointly by the Government of Malawi, the United States Agency for International Development (USAID), and the Centers for Disease Control and Prevention (CDC). BIMI was established in Blantyre District, Malawi in 1998 to promote sustainable and effective strategies to manage and prevent malaria-related morbidity and mortality. Initial BIMI efforts focused on measurement of baseline data at health facilities and in the community. The information gathered was used to identify gaps",0.9999914158728745
predictions_K5_gpt-oss-20b.json,"Calorie counts on menus used by women, wealthier diners in Seattle area.",TRUE,FALSE,0.16686266368830563,"Foodservice: consumers are aware of the calorie counts at full-service restaurants 20% choose lower calorie options and consumers also reduce their calorie intake over the rest of the day. Eating one meal away from home each week translates to 2 extra pounds each year or a daily increase of 134 calories and a decrease in diet quality by 2 points on the Healthy Eating Index. In addition; the likelihood of contracting a food-borne illness (such as E. coli, hepatitis B, H. pylori, listeria, salmonella, norovirus and typhoid) is greatly increased due to food not being kept below 40 degrees Fahrenheit or",0.9999981371148308
predictions_K5_gpt-oss-20b.json,AIDS center at UAB getting grant for HIV research.,TRUE,FALSE,0.10014385376452209,"Beatrice Hahn: of Alabama at Birmingham (UAB) and established her own laboratory. She was a co-director of the Center for AIDS Research at UAB from 2003 to 2011. In 2011, Hahn joined the faculty of the Perelman School of Medicine at the University of Pennsylvania. Hahn met Robert Gallo when she was a student at the Technical University of Munich. He was a virologist and a researcher at the National Cancer Institute in Bethesda, Maryland. Most of his research was focused on leukemia, the disease that had taken his sister's life at an early age. One of the main areas of interest",0.9199268911705848
predictions_K5_gpt-oss-20b.json,Facebook post Says researchers found a “fabric that kills coronaviruses”,TRUE,TRUE,0.50012456227628,"Coronaviridae: selection and packaging is critical for developing antiviral strategies and viral expression vectors based on the coronavirus genome. Coronaviridae Coronaviridae is a family of enveloped, positive-sense, single-stranded RNA viruses. The viral genome is 26–32 kb in length. Virions are spherical, 120–160 nm across (""Coronavirinae""), bacilliform, 170–200 by 75–88 nm (""Bafinivirus"") or found as a mixture of both, with bacilliform particles characteristically bent into crescents (""Torovirus""). The particles are typically decorated with large (~20 nm), club- or petal-shaped surface projections (the “peplomers” or “spikes”), which in electron micrographs of spherical particles create an image reminiscent of the solar corona. Members of",0.9999979080822361
predictions_K5_gpt-oss-20b.json,Music May Help Ease Pain for Anxious People,FALSE,TRUE,0.9999011230430052,"Music as a coping strategy: a stronger stress/anxiety response than the individual would otherwise have otherwise experienced when listening to the song. While one cannot assume that music is the only factor that triggers PTSD-influenced stress and panic attacks, these can be especially memorable because of music’s rhythm, beat, and/or memorable lyrics. However, associating music with psychological responses is not necessarily guaranteed to bring up bad memories, because music can often hold psychological connotations to very happy memories. For example, it has been demonstrated that supplying the residents of nursing homes with iPods that feature nostalgic music is a means of reducing the stress of",0.9999011230430052
predictions_K5_gpt-oss-20b.json,"Gaza runs out of coronavirus tests, Palestinian health officials say.",TRUE,TRUE,0.9998922049432806,"Coronavirus: 2013, a case of contamination from human to human in France was confirmed by the French Ministry of Social Affairs and Health. In addition, cases of person-to-person transmission have been reported by the Ministry of Health in Tunisia. Two confirmed cases seem to have caught the disease from their late father, who became ill after a visit to Qatar and Saudi Arabia. By Oct. 30 2013, there were 124 cases and 52 deaths in Saudi Arabia. After the Dutch Erasmus Medical Centre sequenced the virus, the virus was given a new name, Human Corona Virus-Erasmus Medical Centre (HCoV-EMC). The final",0.9999829545601698
predictions_K5_gpt-oss-20b.json,"In Early Trial, Targeted Therapy Fights Advanced Melanoma",TRUE,TRUE,0.999872650244646,"Melanoma: Plexxicon's vemurafenib could lead to substantial tumor regression in a majority of patients if their tumor contain the B-Raf mutation. In June 2011, a large clinical trial confirmed the positive findings from those earlier trials. In August 2011 Vemurafenib received FDA approval for the treatment of late-stage melanoma. In May 2013 the US FDA approved dabrafenib as a single agent treatment for patients with BRAF V600E mutation-positive advanced melanoma. Some researchers believe that combination therapies that simultaneously block multiple pathways may improve efficacy by making it more difficult for the tumor cells to mutate before being destroyed. In October 2012",0.9888580413228708
predictions_K5_gpt-oss-20b.json,"Chinese officials are seeking approval to start the mass killing of 20,000 people in order to stop the spread of new coronavirus. ",FALSE,FALSE,0.4000396128302148,"Coronavirus: 2013, a case of contamination from human to human in France was confirmed by the French Ministry of Social Affairs and Health. In addition, cases of person-to-person transmission have been reported by the Ministry of Health in Tunisia. Two confirmed cases seem to have caught the disease from their late father, who became ill after a visit to Qatar and Saudi Arabia. By Oct. 30 2013, there were 124 cases and 52 deaths in Saudi Arabia. After the Dutch Erasmus Medical Centre sequenced the virus, the virus was given a new name, Human Corona Virus-Erasmus Medical Centre (HCoV-EMC). The final",0.6201039732479342
predictions_K5_gpt-oss-20b.json,Joe Diffie’s death was labeled “as a COVID-19 death and it wasn’t!”,FALSE,FALSE,0.2500181599060126,"Joe Diffie: Diffie married Debbie Jones, a nurse technician. They had two sons, Drew and Tyler, the latter of whom was born with Down syndrome and nearly died in 1991 following complications from a tonsillectomy. Diffie began an affair with Liz Allison, the widow of NASCAR driver Davey Allison, in 1993. In 1994, a judge ordered Diffie to pay Jones $3,000 per month towards their pending divorce settlement, and not to allow Drew and Tyler to be in the presence of any girlfriend; he divorced Jones in 1996. In 2000, Diffie married the former Theresa Crump, whom he met at a concert,",0.9374249541884209
predictions_K5_gpt-oss-20b.json,"Maj. Nidal Hasan, the man accused of the Fort Hood shootings, ""was an ADVISOR to the Obama Administration.",FALSE,FALSE,0.2500433460767573,"Nidal Hasan: Nidal Hasan Nidal Malik Hasan (born September 8, 1970) is an American convicted of fatally shooting 13 people and injuring more than 30 others in the Fort Hood mass shooting on November 5, 2009. Hasan was a United States Army Medical Corps psychiatrist who admitted to the shootings at his court-martial in August 2013. A jury panel of 13 officers convicted him of 13 counts of premeditated murder, 32 counts of attempted murder, and unanimously recommended he be dismissed from the service and sentenced to death. Hasan is incarcerated at the United States Disciplinary Barracks at Fort Leavenworth in Kansas",0.9999071351315987
predictions_K5_gpt-oss-20b.json,Boy with rare disease gets brand new skin with gene therapy.,TRUE,TRUE,0.8998914915633972,"Gene therapy: infection, autoimmune diseases, and cancer. Follow up trials with gene therapy on another six children with Wiskott-Aldrich syndrome were also reported as promising. In October researchers reported that two children born with adenosine deaminase severe combined immunodeficiency disease (ADA-SCID) had been treated with genetically engineered stem cells 18 months previously and that their immune systems were showing signs of full recovery. Another three children were making progress. In 2014 a further 18 children with ADA-SCID were cured by gene therapy. ADA-SCID children have no functioning immune system and are sometimes known as ""bubble children."" Also in October researchers reported that",0.9999847289395525
predictions_K5_gpt-oss-20b.json,Amazon founder Jeff Bezos was building another mansion with elevators and 25 bathrooms at the same time part-time Whole Foods employees lost health benefits.,TRUE,TRUE,0.9998595060210662,"Jeff Bezos: Senator Bernie Sanders introduced the Stop Bad Employers by Zeroing Out Subsidies (Stop BEZOS) Act and accused Amazon of receiving corporate welfare. This followed revelations by the non-profit group New Food Economy which found that one third of Amazon workers in Arizona, and one tenth of Amazon workers in Pennsylvania and Ohio, relied on food stamps. While preparing to introduce the bill, Sanders opined ""Instead of attempting to explore Mars or go to the moon, how about Jeff Bezos pays his workers a living wage?"" He later said ""Bezos could play a profound role. If he said today, nobody who",0.9999461398703651
predictions_K5_gpt-oss-20b.json,"174 Democrats voted against a ""bipartisan act to stop convicted terrorists and sexual predators from becoming TSA Agents.",FALSE,FALSE,0.3126259309042145,"Political positions of the Democratic Party: consensual noncommercial sexual conduct among adults as a matter of personal privacy. Many Democrats are opposed to the Patriot Act. However, when the law was passed most Democrats were supportive of it and all but two Democrats in the U.S. Senate voted for the original legislation in 2001. The lone nay vote was from Russ Feingold of Wisconsin; Mary Landrieu of Louisiana did not vote. In the House, the Democrats voted for the Act by a margin of 145-62. Democrats split on the issue of the Act's renewal in 2006. In the Senate, 34 Democrats voted for the 2006 renewal,",0.8550599986978206
predictions_K5_gpt-oss-20b.json, A meme that claims Donald Trump has been in the public eye for 30 years and was never accused of racism before running for president has gone viral on social media. ,FALSE,FALSE,0.00015667571532043852,"Racial views of Donald Trump: ""Birtherism"" conspiracy theory that President Barack Obama was not born in the US, and he repeated the claim for the following five years. He was accused of racism for maintaining, as late as 2016, that a group of black and Latino teenagers were guilty of raping a white woman in the Central Park jogger case, although an imprisoned serial rapist had confessed in 2002 to raping the jogger alone, and DNA evidence confirmed his guilt. Trump launched his 2016 presidential campaign with a speech in which he stated that Mexican undocumented immigrants are criminals, rapists, or people who bring in",0.9970672745194636
predictions_K5_gpt-oss-20b.json,GSK to sell two vaccines in $1.1 billion deal to focus on newer treatments.,TRUE,FALSE,0.00024040976959318843,"GlaxoSmithKline: neurodegenerative diseases. Andrew Witty became the chief executive officer in 2008. Witty joined Glaxo in 1985 and had been president of GSK's Pharmaceuticals Europe since 2003. In 2009 GSK acquired Stiefel Laboratories, then the world's largest independent dermatology drug company, for US$3.6bn. In November the FDA approved GSK's vaccine for 2009 H1N1 influenza protection, manufactured by the company's ID Biomedical Corp in Canada. Also in November 2009 GSK formed a joint venture with Pfizer to create ViiV Healthcare, which specializes in HIV research. In 2010 the company acquired Laboratorios Phoenix, an Argentine pharmaceutical company, for US$253m, and the UK-based sports",0.9997596889924452
predictions_K5_gpt-oss-20b.json,"SUNY Binghamton is offering a ""Stop White People"" course.",FALSE,TRUE,0.7272417814908254,"Binghamton University: of four courses (for 16 credits) rather than the usual five (for 15 credits). Binghamton University is one of the most selective schools in the SUNY system. In 2015, the university received more than 30,000 applications for approximately 2,600 freshman spaces. In the Fall of 2017, the undergraduate acceptance rate was 40%. The university is designated as an advanced research institution, with a division of research, an independent research foundation, several research centers including a New York State Center of Excellence, and partnerships with other institutions. Binghamton University was ranked 163rd nationally in research and development expenditures by the National",0.5
predictions_K5_gpt-oss-20b.json,"Reports of e-cigarette injury jump amid rising popularity, U.S. data show.",TRUE,TRUE,0.9999997576901557,"Electronic cigarette: sensation-seeking or symbolic of rebellion. Appealing flavors are another very commonly cited reason for using e-cigarettes among minors. Some researchers and anti-tobacco advocates are concerned that irresponsible marketing could make e-cigarettes appeal to young people. There is also a risk that infants or toddlers could ingest the e-liquid from an improperly-stored device. About 48% of poison control calls involved exposures in children in 2016. In 2016 there were 2,907 total calls specifically regarding e-cigarettes and liquid nicotine for all age ranges. The number of these calls seems to be trending downward after a peak of 4,023 calls for all ages",0.9999999744064346
predictions_K5_gpt-oss-20b.json,"UK pushes for more ventilators, hospital beds as coronavirus cases mount.",TRUE,FALSE,6.923923035258432e-05,"2012 Middle East respiratory syndrome coronavirus outbreak: coronavirus researcher at the Erasmus Medical Center (EMC) in Rotterdam, The Netherlands. The second laboratory-proven case was in London, confirmed by the UK Health Protection Agency (HPA). The HPA named the virus the London1_novel CoV 2012. On 8 November 2012, in an article published in the New England Journal of Medicine, Dr. Zaki and co-authors from the Erasmus Medical Center published more details, including a scientific name, Human Coronavirus-Erasmus Medical Center (HCoV-EMC), which was then used in scientific literature. In the article, they noted four respiratory human coronaviruses (HCoV) known to be endemic: 229E, OC43, NL63, and HKU1. In May",0.9999867369988803
predictions_K5_gpt-oss-20b.json,"Alex Sink wants to ""cut Medicare.",FALSE,TRUE,0.9998874672934004,"Alex Sink: in which all of our children are assured that they live in a healthy, loving home -- a home that's determined not by any law."" ""The decision has to be made by the judge, in consultation with the experts, to determine what is the best for that individual child."" Since her two unsuccessful electoral campaigns, Sink has become involved in mentoring tech startups in the Tampa Bay area. On whether she would run for public office again, she said ""I've learned to never say never, but I don't think it will happen."" Alex Sink Adelaide Alexander Sink (born June 5,",0.9999827143624691
predictions_K5_gpt-oss-20b.json,COVID-19 doctors are reporting inexplicable blood-clotting and hematological complications in otherwise young and healthy patients.,TRUE,TRUE,0.5554291117135672,"Extracorporeal membrane oxygenation: stagnant blood within the ECMO circuit. In addition, the arterial and venous lines should be flushed continuously with heparinized saline or intermittently with heparinized blood from the circuit. In general, VA ECMO trials are shorter in duration than VV ECMO trials because of the higher risk of thrombus formation. A common consequence in ECMO-treated adults is neurological injury, which may include intracerebral hemorrhage, subarachnoid hemorrhage, ischemic infarctions in susceptible areas of the brain, hypoxic-ischemic encephalopathy, unexplained coma, and brain death. Bleeding occurs in 30 to 40 percent of those receiving ECMO and can be life-threatening. It is due to both",0.777723727480529
predictions_K5_gpt-oss-20b.json,"Donald Trump Says Hillary Clinton ""wants to go to a single-payer plan"" for health care",FALSE,TRUE,0.9998014713480158,"Political positions of Hillary Clinton: care reform cannot be done when access to care depends on skin color or the neighborhood they live in or the amount of money in their wallet. Let's continue to work toward universal affordable, quality health care."" Reportedly, Clinton expressed support when she was First Lady for universal single-payer health care in the U.S. during multiple private conversations, while sometimes indicating that she believed such an approach would not be politically tenable. Clinton later said that health care coverage improvements need to be made incrementally, in contrast to the more ambitious, wide-ranging plan that failed in 1993 to 1994. In",0.9998012686484476
predictions_K5_gpt-oss-20b.json,"Fight against malaria could be set back 20 years, WHO warns.",TRUE,FALSE,0.00010828165207817791,"PATH (global health organization): in 2011 showed the vaccine provided about 50 percent protection against malaria for young children ages 5 to 17 months. Interim study results released in 2012 showed RTS,S reduced cases of malaria among infants by 33 percent. In October 2013, GlaxoSmithKline reported that the experimental vaccine reduced the amount of cases amongst young children by almost 50 percent and among infants by around 25 percent, following the conclusion of an 18-month clinical trial. GlaxoSmithKline is set to submit an application for a marketing license with the European Medicines Agency (EMA) in 2014. The new vaccine has the backing of the",0.9999829557799991
predictions_K5_gpt-oss-20b.json,EU suspends delivery of 10 million masks over quality issues.,TRUE,FALSE,0.2500994063701377,"Gas mask: Kurd. Iran was unprepared for chemical warfare. In 1984, Iran received gas masks from the Republic of Korea and East Germany, but the Korean masks were not suited for the faces of non-East Asian people and the filter only lasted for 15 minutes, and the 5,000 masks bought from East Germany proved to be not gas masks but spray painting goggles. As late as 1986, Iranian diplomats still traveled in Europe to buy active charcoal and models of filters in order to produce defensive gear domestically. In April 1988, Iran started domestic production of gas masks by the Iran Yasa",0.7499005936298626
predictions_K5_gpt-oss-20b.json,Research finds talc doesn’t cause cancer; juries disagree.,TRUE,FALSE,0.412616788259766,"Talc: some studies have found a link, but other studies have not. The studies discuss pulmonary issues, lung cancer, and ovarian cancer. One of these, published in 1993, was a US National Toxicology Program report, which found that cosmetic grade talc containing no asbestos-like fibres was correlated with tumor formation in rats forced to inhale talc for 6 hours a day, five days a week over at least 113 weeks. A 1971 paper found particles of talc embedded in 75% of the ovarian tumors studied. Research published in 1995 and 2000 concluded that it was plausible that talc could cause ovarian",0.6810149939662049
predictions_K5_gpt-oss-20b.json,US senators ask federal government to address youth vaping.,TRUE,TRUE,0.7650878104502665,"JUUL: on youth vaping cessation. In April 2018, the US Food and Drug Administration (FDA) requested that JUUL Labs turn over documents to ""better understand the reportedly high rates of youth use and the particular youth appeal of these products."" The FDA's request included asking the company to provide documents about the design and marketing of the JUUL, research on the safety of the products, and whether certain features of the device's design appeal to specific age groups. FDA also asked eBay to remove several listings of JUUL products, which eBay complied with. FDA commissioner Dr. Scott Gottlieb expressed concern about",0.8520414347885455
predictions_K5_gpt-oss-20b.json,"Our spending has caught up with us, and our debt soon will eclipse the entire size of our national economy.",TRUE,TRUE,0.6666311206181699,"Addison Wiggin: Dollar Era. We're in an unsustainable trend right now,"" Wiggin told me, ticking off the miscalculations that have brought us to the brink of an economic apocalypse. To begin with, the U.S. has become the world's biggest debtor, with three outstanding obligations at alarming highs: consumer debt, or our mortgages and credit cards; the federal deficit; and our current account deficit with foreign countries. Federal Reserve Chairman Alan Greenspan, Wiggin continued, has simply shifted one bubble -- the 90's bubble in stocks and bonds -- into another, in real estate and ""overconsumption,"" or the American propensity to pay for an",0.9999747989272167
predictions_K5_gpt-oss-20b.json,$150K grant will help unravel mysterious panther illness.,TRUE,FALSE,0.12510765932730938,"Dravet Syndrome Foundation: 19 researchers DSF invested in through 2015, 6 of them went on to receive large NIH grants, for a return rate of 32%. Research Awards can be broken down in the following categories for total funding of $3,698,000: SUDEP - $300,000; Gene Therapy - $703,000; Drug Discovery, Screening, or Treatment - $1,063,000; Genetics - $714,000; Epidemiology -$273,000; Neuronal Network - $345,000; Other - $300,000 Dravet Syndrome Foundation The Dravet Syndrome Foundation (DSF) is a volunteer run, non-profit organization based in the United States. The mission of the foundation is to raise research funds for Dravet's syndrome and related epilepsies, while",0.8748923406726904
predictions_K5_gpt-oss-20b.json,Merck says thousands file for Vioxx payments.,TRUE,TRUE,0.9999818502778873,"Merck & Co.: market, and it publicly announced the withdrawal on September 30. An analysis for the period 1999-2004, based on U.S. Medical Expenditure Survey data, reported that Vioxx was associated with 46,783 heart attacks, and along with the other popular COX-2 inhibitor Celebrex, an estimated 26,603 deaths from both. About 50,000 people sued Merck, claiming they or their family members had suffered medical problems such as heart attacks or strokes after taking Vioxx. In November 2007, Merck agreed to pay $4.85 billion to settle most of the pending Vioxx lawsuits. The settlement required that claimants provide medical and pharmacy records confirming the",0.9999848419268372
predictions_K5_gpt-oss-20b.json,Literally lousy: Parasite plagues world salmon industry.,TRUE,TRUE,0.9999779039892491,"Sea louse: salmonis"" characterized by epithelial hyperplasia and inflammation. This results in rejection of the parasite within the first week of infection in these species of salmonids. Heavy infections of farmed Atlantic salmon and wild sockeye salmon (""Oncorhynchus nerka"") by ""L. salmonis"" can lead to deep lesions, particularly on the head region, even exposing the skull. Some evidence indicates that sea lice flourishing on salmon farms can spread to nearby wild juvenile salmon and devastate these populations. Sea lice, particularly ""L. salmonis"" and various ""Caligus"" species, including ""C. clemensi"" and ""C. rogercresseyi"", can cause deadly infestations of both farm-grown and wild salmon.",0.9999771833456144
predictions_K5_gpt-oss-20b.json,"Eighty-five percent of every dollar donated to the Clinton Foundation ended up either with the Clintons or with their staff to pay for travel, salaries, and benefits. Fifteen cents of every dollar actually went to some charitable beneficiary.",FALSE,FALSE,0.00010822802741879932,"Clinton Foundation: from foreign governments once Secretary Clinton's tenure had ended. Contributions from foreign donors, which are prohibited by law from contributing to political candidates in the U.S., constitute a major portion of the foundation's income. A ""Washington Post"" investigation in 2014 showed that there was ""substantial overlap between the Clinton political machinery and the foundation"". The investigation revealed that almost half of the major donors who had backed Ready for Hillary, a group which supported her 2016 presidency bid, had given at least $10,000 to the foundation, either personally or through foundations or companies they run. The Clinton Foundation's chief communications",0.9999845935077163
predictions_K5_gpt-oss-20b.json,Pakistan psychologists issue conflict health warning.,TRUE,TRUE,0.5832302266129284,"Muhammad Ajmal: in the department of Philosophy at Government College. Psychology was not recognised or established as a separate subject. This became his lifelong passion, to introduce and establish psychology in Pakistan, starting with the Government College Lahore. His efforts ultimately yielded results and a separate psychology department was established and he became its first head and professor. He established the first ever counselling center in Pakistan, in his department and established the Lahore Mental Health Society. His popularity increased due to his scholarship and charisma. He was admired and loved by his students because of his enchanting teaching style. He was",0.8333414249965893
predictions_K5_gpt-oss-20b.json,New regulation requires motorcycle owners to install 75 MPH governor by January 2017,FALSE,FALSE,0.2500994063701377,"Motorcycle safety: ABS, stopping the motorcycle is both easier and safer, allowing for a shorter stop range and reduced risk of skidding. Accident data from the EU suggest that widespread adoption of ABS could reduce motorcycle fatalities by as much as a third. All motorcycles receiving type approval in the EU were required to have ABS systems available from 1st January 2016 and all new motorcycles with an engine displacement >125cc sold from 2017 onwards are required to have ABS fitted. This followed pressure from the British IAM with support from the FIA. In regions of the world that do not mandate",0.5556046051837433
predictions_K5_gpt-oss-20b.json,Tumor-free flounder: Study underscores Boston Harbor rebirth.,TRUE,TRUE,0.7501391296015214,"Boston Harbor: polluted that The Standells released a song in 1965 called ""Dirty Water"" which referred to the sorry state of the Charles River. Neal Stephenson, who attended Boston University from 1977 to 1981, based his second novel, ""Zodiac"", around pollution of the harbor. Since the writing of the song, the water quality in both the Harbor and the Charles River has significantly improved, and the projects have dramatically transformed Boston Harbor from one of the filthiest in the nation to one of the cleanest. Today Boston Harbor is safe for fishing and for swimming nearly every day, though there are still",0.9999992006108898
predictions_K5_gpt-oss-20b.json,The proportion of Rhode Islanders entering substance abuse treatment primarily due to marijuana use has reached its highest point in 20 years.,FALSE,FALSE,0.00010815697378001726,"Cannabis in Rhode Island: Cannabis in Rhode Island In the U.S. state of Rhode Island, marijuana has been legal statewide for medical use, within state regulations, since 2006. However, the possession of marijuana for recreational use remains illegal. Several proposals to legalize the drug have been advanced in the Rhode Island General Assembly, but none have succeeded. Rhode Island first banned the sale of cannabis without a prescription in 1918. As of 2012, Rhode Island had some of the strictest mandatory minimums for large-scale cannabis possession in the United States. Possession of more than 5 kg results in a sentence of 20 years' imprisonment",0.9999829413998301
predictions_K5_gpt-oss-20b.json,A Harvard study proved that “unvaccinated children pose no risk” to other kids.,FALSE,FALSE,0.15128724270439878,"Vaccine controversies: where not required by law. Refusal of doctors to treat unvaccinated children may cause harm to both the child and public health, and may be considered unethical, if the parents are unable to find another healthcare provider for the child. Opinion on this is divided, with the largest professional association, the American Academy of Pediatrics, saying that exclusion may be an option under narrowly defined circumstances. Others have questioned whether it is right to punish a child for parents' bad choices. Vaccination has been opposed on religious grounds ever since it was introduced. Some Christian opponents argued, when vaccination was",0.8999857120705091
predictions_K5_gpt-oss-20b.json,"Jason Brian Dalton, who as accused of killing six people during a shooting spree in February 2016, is suing Uber for $10 million in damages.",FALSE,FALSE,0.00010786998493854267,"2016 Kalamazoo shootings: 2016 Kalamazoo shootings On the night of February 20, 2016, a series of apparently random shootings took place at an apartment complex, a car dealership, and outside a restaurant in Kalamazoo County, Michigan. Six people were killed and two others were injured. Police detained a 45-year-old Uber driver, Jason Brian Dalton, as a ""strong suspect"" in the shootings. He was subsequently charged with murder, assault, and criminal firearm use two days after the shootings. After he was found competent to stand trial, Dalton's lawyers planned a legal insanity defense for their client. Hours before the shootings, Jason Brian Dalton (see",0.9999823263419267
predictions_K5_gpt-oss-20b.json,Nobel Prize for seeing how life works at molecular level.,TRUE,TRUE,0.956081614160723,"John Polanyi: and molecules. Polanyi's work still focuses on the basic workings of chemical reactions, but since his Nobel Prize win in 1986, his methods have changed. While in Sweden for the award ceremony, he encountered the three scientists who were awarded the 1986 Nobel Prize in Physics, who were honoured for their work in electron optics and scanning tunnelling microscopy. This technology allowed Polanyi and his colleagues to monitor chemical reactions on a very small scale, rather than observing the energy being released using infrared technology. His lab at the University of Toronto currently has 4 scanning tunnel microscopes, valued at",0.9297123129797326
predictions_K5_gpt-oss-20b.json,Teacher saves caged puppy from drowning in Illinois lake.,TRUE,FALSE,0.4094753315597683,"Lake Rescue (Vermont): he was possessed of great strength he found it impossible to get out, encumbered as he was by his snowshoes, heavy coat and pack, without assistance which was furnished by his dog. The dog showed almost human intelligence in aiding him. Capt. Coffin frequently told the story of how his dog saved his life. The other tradition and probably the one in mind when the lake was christened was of a child that strayed away from one of the Cavendish settlers' homes and became lost in the woods. Searching parties later found the child on the eastern shores of the",0.6375454165910457
predictions_K5_gpt-oss-20b.json,Chilean girl with cystic fibrosis tells president: Let me die.,TRUE,TRUE,0.9999824075260368,"Valentina Maureira: their country as a reason to enforce those laws. Days later, President Bachelet visited the stricken girl in the hospital. Up until 23 March, Maureira received public support for her wellbeing and met someone aged beyond 20 with similar disease, prompting her to change her mind about euthanasia. On 14 May, Maureira died at age 14 in the hospital. Valentina Maureira Valentina Maureira Riquelme (2000/01 – May 14, 2015) was a Chilean teenager who gained international attention after using social media to ask Chilean President Michele Bachelet to allow her to die by euthanasia. Bachelet denied her request. Maureira was",0.9999821027916493
predictions_K5_gpt-oss-20b.json,Using PET Scans to Discover Early Signs of Alzheimer’s,FALSE,TRUE,0.9998943030802996,"Brain positron emission tomography: changes in brain metabolism, which in turn causes easily detectable changes in PET scans. PET is probably most useful in early cases of certain dementias (with classic examples being Alzheimer's disease and Pick's disease) where the early damage is too diffuse and makes too little difference in brain volume and gross structure to change CT and standard MRI images enough to be able to reliably differentiate it from the ""normal"" range of cortical atrophy which occurs with aging (in many but not all) persons, and which does ""not"" cause clinical dementia. PET is also actively used for multiple sclerosis and",0.9998924992701883
predictions_K5_gpt-oss-20b.json,Restored Mission Control comes alive 50 years after Apollo.,TRUE,FALSE,0.25009715210821276,"Apollo 13: Mission Control: Apollo 13: Mission Control Apollo 13: Mission Control is an interactive theatre show about NASA's failed Apollo 13 mission. The show premiered in October 2008 at BATS Theatre in Wellington, New Zealand and has toured Hamilton, Nelson and Auckland in New Zealand. It returned to Wellington for a season at the New Zealand International Arts Festival in 2010 and then embarked on an Australian tour beginning at the Sydney Opera House. Subsequent tours to Australia have included The Powerhouse Theater in Brisbane and The State Theater Centre in Perth. In December 2012 the show made its USA premiere in Tacoma,",0.9999004411143916
predictions_K5_gpt-oss-20b.json,"Jack Conway Says Rand Paul thinks drug-dealing, theft, burglary and prostitution should be decriminalized.",FALSE,FALSE,0.1248436427534122,"Political positions of Rand Paul: immigrants stating that ""...[they would] get in the normal line that everyone else gets."" Paul believes the issue of medical marijuana is a states' rights issue and that the federal government should not interfere. Paul was one of three U.S. senators in 2015 to introduce a bipartisan bill, CARERS, that would legalize medical marijuana under federal law. Though Paul describes himself as a ""social conservative,"" he was nonetheless described by the AP reporter as holding ""libertarian leanings on drugs"" as well as believing some drug sentences were too harsh. He announced plans to propose eliminating mandatory minimum sentences for marijuana",0.9999890003631146
predictions_K5_gpt-oss-20b.json,"I think what the authors of the (25th) Amendment principally had in mind was some kind of physical incapacitation or serious mental illness or a breakdown, an inability to function in office.",TRUE,TRUE,0.999976484878884,"Acting President of the United States: Constitution through section 1 of the Twenty-fifth Amendment. Proposed by the 89th Congress and subsequently ratified by the states in 1967, the Twenty-fifth Amendment also established formal procedures for addressing instances of presidential disability and succession. Its Section 3, which allows the president to voluntarily transfer his authority to the vice president, has been invoked on three occasions by two presidents. (Section 4, which addresses the case of an incapacitated president who is unable or unwilling to issue voluntary declaration, has not been activated since the amendment Came into force.) Ronald Reagan did so on July 13, 1985, when he",0.9999649912632711
predictions_K5_gpt-oss-20b.json,"More than 60 killed, hundreds of thousands displaced by flooding in Bangladesh.",TRUE,TRUE,0.6476051711718752,"2017 Bangladesh landslides: Kingdom, Pakistan, the United States, Iran, Nepal, and Russia also sent condolences. 2017 Bangladesh landslides On 12 June 2017, heavy monsoon rain triggered a series of landslides and floods in Rangamati, Chittagong and Bandarban - three hilly districts of Bangladesh - and killed at least 152 people. The weather also caused power cuts and telecommunications disruptions, making it difficult for rescuers to reach affected communities. Reaz Ahmed, head of Bangladesh's Disaster Management Department, said the landslides were the worst in the country's history. The landslide was caused by an incessant downpour that began early morning of 12 June, dropping 34.3",0.96730693563934
predictions_K5_gpt-oss-20b.json,"More evidence coffee, tea could prevent diabetes",TRUE,TRUE,0.8023716224381866,"Prevention of diabetes mellitus type 2: causes any change in the risk of diabetes. This is true regardless of if it is caffeinated/decaffeinated; with/without sugar, or potboiled or not. Some studies have shown delayed progression to diabetes in predisposed patients through prophylactic use of metformin, rosiglitazone, or valsartan. Lifestyle interventions are, however, more effective than metformin at preventing diabetes regardless of weight loss. Many other medications are well known to modify risk of diabetes 2 although in most cases they are prescribed for reasons unrelated to diabetes 2. In patients on hydroxychloroquine for rheumatoid arthritis, incidence of diabetes was reduced by 77% though causal mechanisms are",0.8061550974946783
predictions_K5_gpt-oss-20b.json,"The Massachusetts health care plan is ""wildly unpopular"" among state residents.",FALSE,FALSE,0.3573061799484806,"Massachusetts health care reform: Boston Medical Center HealthNet, Fallon Community Health Plan, Harvard Pilgrim Health Care, Health New England, Minuteman Health, Neighborhood Health Plan (a new plan following the co-op model introduced with PPACA), Network Health, and Tufts Health Plan. The primary features of each plan are illustrated in this table based on the data provided at the Summary of Benefits & Coverage located within the Plan Information section of the Individuals and Families portal. The source to the below list of available plans is via the Massachusetts Health Connector. By comparison, Commonwealth Care insurance had either zero or $250 deductibles (depending on which",0.9999979375379864
predictions_K5_gpt-oss-20b.json,Want to quit smoking ? Try acupuncture or hypnosis.,TRUE,FALSE,0.02993292050279893,"Smoking cessation: smoking has been restricted in many public areas. Many different strategies can be used for smoking cessation, including abruptly quitting without assistance (""cold turkey""), cutting down then quitting, behavioral counseling, and medications such as bupropion, cytisine, nicotine replacement therapy, or varenicline. Most smokers who try to quit do so without assistance, though only 3% to 6% of quit attempts without assistance are successful long-term. Behavioral counseling and Medications each increase the rate of successfully quitting smoking, and a combination of behavioral counseling with a medication such as bupropion is more effective than either intervention alone. A meta-analysis from 2018, conducted",0.9999999999999907
predictions_K5_gpt-oss-20b.json,Pokémon Go developer Niantic is working on a Harry Potter version of the hugely popular augmented-reality game.,TRUE,TRUE,0.9999009797110862,"Harry Potter: Wizards Unite: and encountering iconic characters and legendary beasts from the ""Harry Potter"" universe. Niantic has revealed the game will draw inspiration from previous AR games ""Pokémon Go"" and ""Ingress"". With Niantic's purchase of Escher Reality, the game is expected to implement new technology to allow for persistent worlds within AR. On November 14, 2018, it was confirmed that the game will be released in 2019. ""Wizards Unite"" gameplay has been described as similar to that of ""Pokémon Go"", with players able to view the gameplay world through a smartphone. The game will allow players to fight against mythical beasts from both",0.9999049692751864
predictions_K5_gpt-oss-20b.json,Another Potential Benefit of Cutting Calories: Better Memory,TRUE,TRUE,0.999891969360286,"Memory: ""American Journal of Geriatric Psychiatry"" found that people can improve cognitive function and brain efficiency through simple lifestyle changes such as incorporating memory exercises, healthy eating, physical fitness and stress reduction into their daily lives. This study examined 17 subjects, (average age 53) with normal memory performance. Eight subjects were asked to follow a ""brain healthy"" diet, relaxation, physical, and mental exercise (brain teasers and verbal memory training techniques). After 14 days, they showed greater word fluency (not memory) compared to their baseline performance. No long-term follow-up was conducted; it is therefore unclear if this intervention has lasting effects on",0.9999818892054531
predictions_K5_gpt-oss-20b.json,Maraschino cherries are produced using a toxic dye that has been banned for human consumption.,FALSE,FALSE,9.506337460771881e-05,"Maraschino cherry: Maraschino cherry A maraschino cherry ( or ) is a preserved, sweetened cherry, typically made from light-colored sweet cherries such as the Royal Ann, Rainier, or Gold varieties. In their modern form, the cherries are first preserved in a brine solution usually containing sulfur dioxide and calcium chloride to bleach the fruit, then soaked in a suspension of food coloring (common red food dye is FD&C Red 40), sugar syrup, and other components. Maraschino cherries are an ingredient in many cocktails, giving them the nickname ""cocktail cherries"". As a garnish, they often are used to decorate frozen yogurt, baked ham,",0.9999049050711754
predictions_K5_gpt-oss-20b.json,"South Dakota launched a campaign against methamphetamine addiction with the tagline ""Meth. We're On It.",TRUE,TRUE,0.9948741532795714,"Methamphetamine in the United States: is said to be particularly rampant in the American western states, where the substance is in high demand. States like Montana, South Dakota, Idaho, Colorado and Arizona have all launched extensive efforts – both private and public – to fight the meth menace."" Since 1989, five U.S. federal laws and dozens of state laws have been imposed in an attempt to curb the production of methamphetamine. Methamphetamine can be produced in home laboratories using pseudoephedrine or ephedrine, which, at the time, were the active ingredients in over-the-counter drugs such as Sudafed and Contac. Preventive legal strategies of the past 17",0.9897604354164953
predictions_K5_gpt-oss-20b.json,Man who gouged out ex’s eyes committed to mental facility.,TRUE,FALSE,0.2500567818196296,"The Exorcist III: Killer's true mutilations were kept a secret by the Richmond police's homicide department. Kinderman visits the head of the psychiatric ward, Dr. Temple, who relates the history of a man in Cell 11, that he was found wandering aimlessly seventeen years ago with amnesia. The man was locked up, catatonic until recently when he became violent and claimed to be the Gemini Killer. Kinderman sees that the patient resembles his dead friend Father Damien Karras. The patient expresses ignorance of Father Karras, but boasts of killing Father Dyer. The next morning, a nurse and Dr. Temple are found dead. Kinderman",0.5
predictions_K5_gpt-oss-20b.json,"Rick Scott Says his tax and fee cuts will save households ""$540 over two years.",FALSE,TRUE,0.7499896268970866,"Robert Byrd: approval by Congress of 35 billion to 40 billion of the 48 billion in proposed budget cuts while having more difficulty in passing his tax-cut package, asserting Democratic opposition and some Republicans having misgivings about the approach as the reason Congress would block the plan and furthering that he would be surprised if a one-year-cut in rates lasted more than year. Byrd opined that it was time for ""some tax reform"" that would see loopholes closed for the rich dropped to bring in revenues and expressed belief in the likelihood of the administration dismantling existing energy programs: ""Energy programs are",0.840285723425609
predictions_K5_gpt-oss-20b.json,Clark County ranks first in nation in syphilis rates.,TRUE,TRUE,0.9498914522966515,"Clark County, Idaho: Clark County, Idaho Clark County is a rural county in the U.S. state of Idaho; its county seat and largest city is Dubois. As of the 2010 Census, the county had a population of 982, making it the least populous county in the state (trading places with Camas County). Establishment of stage coach stops along the route between Salt Lake City and the Montana mine were established at Beaver Canyon ( named after Beaver Creek (Camas Creek) ) and Dry Creek (now Dubois) in 1864. Originally part of Alturas County, both locations were transferred to Oneida County in 1877. They",0.8999809614784567
predictions_K5_gpt-oss-20b.json,Thailand extends ban on incoming passenger flights.,TRUE,FALSE,0.22745673597728874,"Thai Airways International Flight 261: Thai Airways International Flight 261 Thai Airways International Flight 261 (TG261/THA261) was a scheduled domestic passenger flight from Bangkok's Don Mueang International Airport, Thailand to Surat Thani International Airport in Surat Thani, Thailand. The flight was operated by Thai Airways International, the flag carrier of Thailand. On 11 December 1998, the aircraft, an Airbus A310-204 registered in Thailand as HS-TIA, stalled and crashed in a rice paddy on its landing attempt at Surat Thani Airport. A total of 101 people were killed in the crash. Thailand's Aircraft Accident Investigation Committee (AAIC) opened an investigation into the accident. The investigation revealed",0.6363679093245573
predictions_K5_gpt-oss-20b.json,Judge weighs whether NC schools conspired to depress wages.,TRUE,FALSE,0.33333352999923804,"Charlotte-Mecklenburg Schools: aid from universities and other organizations, and $12.1 million in athletic scholarships. In May 2005, Wake County Superior Court Judge Howard Manning Jr. issued a ruling in which he accused CMS of ""academic genocide"" against at-risk, low-income students in low-scoring high schools. Since the debut of its new student assignment plan in 2002, and the end of its court-ordered busing program, CMS has seen an increase in concentrations of poverty, with schools that have student-poverty rates of at least 75 percent at twice the number they were before. In the same year, Judge Manning also threatened to close 4 of",0.5
predictions_K5_gpt-oss-20b.json,"The Obama administration ... would impose on every Catholic institution, every Jewish institution, every Protestant institution the Obamacare standard of what you have to buy as insurance.",FALSE,TRUE,0.6103477286547543,"Contraceptive mandate: require contraceptive coverage for students at institutions controlled by religious organizations which self insure. The Catholic Health Association (CHA) accepted this compromise. Although initially more supportive, Sister Carol Keehan, CEO of the CHA, registered opposition in a five-page letter to the U.S. Department of Health and Human Services. The vice president of Catholic identity and mission at Mount St. Mary's University, Stuart Swetland, said, ""It shows [Obama] and the administration are listening to our concerns"", but reserved the right to ""examine the details"". However, the United States Conference of Catholic Bishops continued to oppose the regulation, saying that the regulation",0.9877487881185982
predictions_K5_gpt-oss-20b.json,THC will be removed from drug-test screenings “starting on August 30th.”,FALSE,TRUE,0.7499999801744509,"Cannabis drug testing: days up to 10 days according to Redwood Laboratories; heavy users can produce positive tests for 1–3 months after ceasing cannabis use. The length of time varies greatly according to metabolism, quantity, and frequency of use. Marijuana use can be detected up to 3–5 days after exposure for infrequent users; for heavy users: 1–15 days; for chronic users and/or users with high body fat: 1–30 days Under the typical 50 ng/mL cutoff for THC in the United States, an occasional or on-off user would be very unlikely to test positive beyond 3–4 days since the last use, and a chronic",0.8258857960179214
predictions_K5_gpt-oss-20b.json,Post-war Liberians are demanding better mental health care.,TRUE,TRUE,0.7498699272175018,"Mental health in Southeast Africa: June 23, 2011 to the Kenyan National Commission of Human Rights, stating, ""Currently there is a very big gap existing between the mental health needs of Kenyans and the existing mental health services at all levels of the health care services delivery system."" Although there is a lack of attention to mental health in the healthcare systems, it is a major issue in Southeast African countries. Efforts have been made in some countries to allocate funding to mental health initiatives. Uganda's policies are a prime example of a successful effort to improve mental health in Southeast Africa. In 2006–2007, after",0.9999883397979584
predictions_K5_gpt-oss-20b.json,Some Cubans choose dose of private medicine despite price.,TRUE,TRUE,0.9918483156920612,"Healthcare in Cuba: supervise and evaluate the neighborhood and clinical health work of the family medicine offices. While preventive medical care, diagnostic tests and medication for hospitalized patients are free, some aspects of healthcare are paid for by the patient. Items which are paid by patients who can afford it are: drugs prescribed on an outpatient basis, hearing, dental, and orthopedic processes, wheelchairs and crutches. When a patient can obtain these items at state stores, prices tend to be low as these items are subsidized by the state. For patients on a low-income, these items are free of charge. Like the rest of",0.9097568525209836
predictions_K5_gpt-oss-20b.json,"In Africa, a child dies every minute because of (malaria).",TRUE,TRUE,0.9999049692751864,"Imagine No Malaria: od deaths caused by Malaria in African countries. Bishop Thomas Bickerton is the chairperson of the executive committee for Imagine No Malaria. He stated, ""Today there's a 3-year-old who's going to be bitten by a tiny bug, and, in 48 hours, she is going to die. She's the reason I do what I do. To make the world a healthy place for every child has everything to do with what Mr. Wesley intended us to do."" Imagine No Malaria is a fundraising and advocacy campaign to support a comprehensive, integrated anti-malaria strategy in Africa. This program is focused on delivering",0.9999049692751864
predictions_K5_gpt-oss-20b.json,Consuming tainted lettuce caused more deaths in 2018 than homicides perpetrated by undocumented immigrants. ,FALSE,FALSE,0.00011136596505002003,"2018 Romaine lettuce E. coli O157:H7 outbreak: code for a strain of ""E. coli ""that is noteworthy for seeming to have genes from a different but related species, ""Shigella"", producing an unusual toxin, though not one especially lethal to human beings. List of foodborne illness outbreaks in the United States 2018 Romaine lettuce E. coli O157:H7 outbreak In 2018, a strain of ""Escherichia coli"" bacteria caused the reported illness of 210 people across 36 states in the US, carried on Romaine lettuce from Yuma, Arizona. This strain produces shiga toxin, which is thought to have been transferred to the species from a strain of ""Shigella"" by a",0.9999758980843024
predictions_K5_gpt-oss-20b.json,The Baseball Diet Is Proving To Be A Heavy Favorite For Shedding Pounds In 2015,FALSE,FALSE,0.19992724563540798,"South Beach Diet: foods such as lean meats and vegetables, and has a concept of ""good"" (mostly monounsaturated) fats. It makes no restriction on calorie intake, includes an exercise program, and is based around taking three main meals and two snacks per day. The first stage of the diet aims for rapid weight loss (13 lbs in two weeks). According to the UK's National Health Service (NHS), the severity of the first stage of the diet may result in the loss of some vitamins, minerals and fiber. The NHS reports that dietary restrictions during stage one may cause side effects including ""bad breath,",0.5999478778148685
predictions_K5_gpt-oss-20b.json,"Using the ""African method"" of sitting over a steaming cooking pot can help you avoid contracting COVID-19.",FALSE,TRUE,0.9443159392649417,"Vaginal steaming: Vaginal steaming Vaginal steaming, sometimes shortened to V-steaming, and also known as yoni steaming, is an alternative health treatment whereby a woman squats or sits over steaming water containing herbs such as mugwort, rosemary, wormwood, and basil. It has been practiced in Africa (Mozambique, South Africa), Asia (Indonesia, Thailand), and Central America (among the Q'eqchi' people). It has become a fad for women in the Western world. It is described in spas as an ancient Korean treatment for reproductive organ ailments and is claimed to have other benefits. There is no empirical evidence supporting any of these claims. According to",0.9999848858642152
predictions_K5_gpt-oss-20b.json,Facebook post says Joe Biden has said 150 million Americans died from guns and another 120 million from COVID-19,TRUE,FALSE,4.067559759001202e-05,"Gun politics in the United States: gun homicides per capita. A U.S. male aged 15–24 is 70 times more likely to be killed with a gun than their counterpart in the eight (G-8) largest industrialized nations in the world (United Kingdom, France, Germany, Japan, Canada, Italy, Russia). In 2015, there were 33,636 deaths due to firearms, and some claim as many as 372 mass shootings, in the U.S, while guns were used to kill about 50 people in the U.K. However, using the FBI definition of a ""mass shooting"" there were only 4 in the U.S. in 2015. More people are typically killed with guns in",0.9999395947159839
predictions_K5_gpt-oss-20b.json,"Every day, ""about 100 people will be arrested for possession of marijuana in Georgia.",FALSE,FALSE,0.00010809980924179611,"Cannabis in Georgia (country): over 100 people are drug tested by Georgian police daily. Following the 2006 strengthening of the drug laws, Georgia collected $11.3 million in drug-related fines in the first year. Beginning in 2013 there were calls from various advocacy groups and opposition politicians to decriminalize cannabis, but the government remained opposed. In October 2015, the Constitutional Court of Georgia ruled that the norm of the country's Constitution about imprisonment for personal use of cannabis was ""too strict"" and needed to be relaxed. In December 2016, the Court further declared that imprisonment for use of small amounts of cannabis, as well as",0.9999822012349711
predictions_K5_gpt-oss-20b.json,"Routine ""recess"" a hit at White House obesity summit.",TRUE,FALSE,0.00011746640847946804,"Recess (song): 2014, alongside remixes from Flux Pavilion, Milo and Otis, Valentino Khan and Ape Drums. Recess (song) ""Recess"" is a song by American record producers Skrillex and Kill the Noise, featuring vocals from Fatman Scoop and Passion Pit frontman Michael Angelakos. It was released on March 14, 2014 as part of Skrillex's debut studio album ""Recess"" (2014). It entered the UK Singles Chart at number 57 after being added to BBC Radio 1's rotation. On May 15, 2014, the song was confirmed as the album's second single. Soon after, a teaser video for the single was released on Skrillex's YouTube channel",0.9999940847115002
predictions_K5_gpt-oss-20b.json,"Planned Parenthood is ""not actually doing women’s health issues.",FALSE,FALSE,0.013208317337908209,"Social policy of Donald Trump: for abortion-related procedures). In March 2016, Trump said that Planned Parenthood should not be funded ""as long as you have the abortion going on,"" but acknowledged that ""Planned Parenthood has done very good work for many, many -- for millions of women."" Planned Parenthood said in a statement that ""Trump presidency would be a disaster for women"" and criticized Trump's claim that ""he'd be great for women while in the same breath pledging to block them from accessing care at Planned Parenthood."" In an interview later that month, Trump acknowledged that there must be ""some form"" of punishment for women",0.8357816774368214
predictions_K5_gpt-oss-20b.json,We've caught Iran cheating on the interim (nuclear) deal.,FALSE,FALSE,0.49980343616731054,"Nuclear program of Iran: the P5+1 agreed to a six-month interim deal that involves the freezing of key parts of the Iranian nuclear program in exchange for a decrease in sanctions, to provide time to negotiate a permanent agreement. Iran will stop enriching uranium beyond 5%, and will stop development of their Arak plant. The UN will be granted greater access for inspections. In exchange, Iran will receive relief from sanctions of approximately US$7 billion (£4.3 billion) and no additional sanctions will be imposed. President Obama called the agreement an ""important first step."" Following further negotiation of implementation details, a summary of which was",0.9999996426128632
predictions_K5_gpt-oss-20b.json,The Claim: Aspirin Can Reduce the Risk of Alzheimer’s Disease,FALSE,FALSE,0.3492072819905549,"Sanjay Asthana: from Alzheimer's disease, spurring Ashtana to study the disease. Asthana has participated in clinical trials of therapeutic interventions, including those testing the effects of soy isoflavones,vitamin E, and ramipril, finding that vitamin E may slow cognitive decline. Other recent work has focused on the possibility that insulin resistance may increase the risk of developing Alzheimer's disease or the progression of the disease Sanjay Asthana Sanjay Asthana is Chief of the Division of Geriatrics and Gerontology at the University of Wisconsin School of Medicine and Public Health, and holds the Duncan G. and Lottie H. Ballantine Endowed Chair in Geriatrics. Since",0.6397493285836733
predictions_K5_gpt-oss-20b.json,"North Korea to launch medical tourism, targeting visitors from China.",TRUE,FALSE,4.3531969930939744e-05,"Tourism in North Korea: own vehicles to Luo, a small North Korean northeast border region where they are free to explore, mingle, and photograph. This is seen as a first step toward expanded tourism and development in that region. , North Korea has been open to tourists during the winter. The Masikryong Ski Resort outside Wonsan City in Kangwon Province opened in early 2014. While tourists have historically been restricted to Pyongyang, some tours have recently been able to expand to other parts of the country such as Rajin (and the market there) and Chongjin. Tourists can take the plane to Pyongyang from Beijing,",0.999994410112921
predictions_K5_gpt-oss-20b.json,"Here in Florida, I’ve slashed government by 10 percent. That's $7 billion.",FALSE,FALSE,0.03228697836089403,"Political positions of Jeb Bush: for Tax Analysts, concluded that tax cuts in Florida totaled $13 billion during the eight-year Bush era; Sullivan's figure is not adjusted for inflation and excludes the estate tax (because it required no legislative action to go into effect). The tax cuts resulted in tax savings by 2006 of 140 per person, per year. Bush vetoed $2 billion from state budgets (Florida has a line-item veto). According to a National Association of State Budget Officers report, state spending in Florida was cut by an average of 1.39 percent each year that Bush was in office as governor, with most cuts",0.8689659246570499
predictions_K5_gpt-oss-20b.json,"Muslim nurses now have the ""option of participating in medical operations without washing their hands.",FALSE,FALSE,0.00010799474637182095,"Nursing in Islam: as well, likely by tending the patients’ spiritual needs. Nursing in Islam In Islam, nurses provide healthcare services to patients, families and communities as a manifestation of love for Allah and Muhammad. The nursing profession is not new to Islam. Islamic traditions include sympathy for and responsibility toward those in need.This perspective had emerged during the development of Islam as a religion, culture, and civilization. In Islamic traditions, caring is the manifestation of love for Allah and Muhammad. Caring in Islam, however, is more than the act of empathy; instead, it consists of being responsible for, sensitive to, and concerned",0.9999829498982303
predictions_K5_gpt-oss-20b.json,U.S. 'gag rule' linked to 40% jump in abortions in parts of Africa.,TRUE,FALSE,0.00010818234426048137,"Sex education: Africa has focused on stemming the growing AIDS epidemic. Most governments in the region have established AIDS education programs in partnership with the World Health Organization and international NGOs. These programs were undercut significantly by the Global Gag Rule, an initiative put in place by President Ronald Reagan, suspended by President Bill Clinton, and re-instated by President George W. Bush. The Global Gag Rule ""...required nongovernmental organizations to agree as a condition of their receipt of Federal funds that such organizations would neither perform nor actively promote abortion as a method of family planning in other nations..."" The Global Gag",0.9999822944841905
predictions_K5_gpt-oss-20b.json,Sometimes I was the only 'no' vote on the entire board.,TRUE,TRUE,0.8749079451776484,"John C. Truesdale: a profit. In 1977, the Board had held in ""Shopping Kart Food Market"", 228 NLRB 1311 (1977) that elections should only be set aside only when egregious misstatements of fact occurred during election campaigning. Walther voted with other Republican-appointed Board members to uphold the election, arguing that the Board's duty to quickly certify elections was more important than its duty to assure fair elections. The ""General Knit"" decision overturned ""Shopping Kart Food Market"" and restored the Board's old rule as handed down in ""Hollywood Ceramics."" Truesdale provided the critical third vote in the case. Carter nominated Truesdale for a full",0.7813724790853851
predictions_K5_gpt-oss-20b.json,Trial Shows Cystic Fibrosis Drug Helped Ease Breathing,TRUE,TRUE,0.9843005134672843,Gene therapy: immune response) removed using CRISPR-Cas9. A 2016 Cochrane systematic review looking at data from four trials on topical cystic fibrosis transmembrane conductance regulator (CFTR) gene therapy does not support its clinical use as a mist inhaled into the lungs to treat cystic fibrosis patients with lung infections. One of the four trials did find weak evidence that liposome-based CFTR gene transfer therapy may lead to a small respiratory improvement for people with CF. This weak evidence is not enough to make a clinical recommendation for routine CFTR gene therapy. In February Kite Pharma announced results from a clinical trial of,0.9998011872598469
predictions_K5_gpt-oss-20b.json,"Fish Oil Pills During Pregnancy Might Mean Stronger, Healthier Kids",TRUE,TRUE,0.9999973075179506,"Fish oil: for memory or concentration in later life"". Diets supplemented with cod liver oil have shown beneficial effects on psoriasis. Some studies reported better psychomotor development at 30 months of age in infants whose mothers received fish oil supplements for the first four months of lactation. In addition, five-year-old children whose mothers received modest algae based docosahexaenoic acid supplementation for the first 4 months of breastfeeding performed better on a test of sustained attention. This suggests that docosahexaenoic acid intake during early infancy confers long-term benefits on specific aspects of neurodevelopment. In addition, provision of fish oil during pregnancy may reduce",0.9999644663937242
predictions_K5_gpt-oss-20b.json,Sanofi to cut U.S. insulin costs for some patients to $99 per month.,TRUE,FALSE,0.24991262287909433,"Insulin (medication): system. The wholesale cost in the developing world is about US$2.39 to $10.61 per 1,000 iu (34.7 mg) of regular insulin and $2.23 to $10.35 per 1,000 iu of NPH insulin. In the United Kingdom 1,000 iu of regular or NPH insulin costs the NHS £7.48, while this amount of insulin glargine costs £30.68. Insulin is used to treat a number of diseases including diabetes and its acute complications such as diabetic ketoacidosis and hyperosmolar hyperglycemic states. It is also used along with glucose to treat high blood potassium levels. Insulin was formerly used in a psychiatric treatment called insulin",0.999988742753232
predictions_K5_gpt-oss-20b.json,"New Breast Reconstruction Technique Provides Better Outcomes, Less Discomfort for Women Recovering From Breast Cancer",FALSE,FALSE,0.37486944480219303,"Breast cancer management: to address identity and emotional aspects of the disease. Reconstruction can take place at the same time as cancer-removing surgery, or months to years later. Some women decide not to have reconstruction or opt for a prosthesis instead. Cryoablation is an experimental therapy available for women with small or early-stage breast cancer. The treatment freezes, than defrosts tumors using small needles so that only the harmful tissue is damaged and ultimately dies. This technique may provide an alternative to more invasive surgeries, potentially limiting side effects. Radiation therapy is an adjuvant treatment for most women who have undergone lumpectomy and",0.9999932351708687
predictions_K5_gpt-oss-20b.json,U.S. President Donald Trump golfed several times and held a number of rallies after learning about the threat of the coronavirus. ,TRUE,FALSE,0.0002740683364408361,"Coronavirus: 2013, a case of contamination from human to human in France was confirmed by the French Ministry of Social Affairs and Health. In addition, cases of person-to-person transmission have been reported by the Ministry of Health in Tunisia. Two confirmed cases seem to have caught the disease from their late father, who became ill after a visit to Qatar and Saudi Arabia. By Oct. 30 2013, there were 124 cases and 52 deaths in Saudi Arabia. After the Dutch Erasmus Medical Centre sequenced the virus, the virus was given a new name, Human Corona Virus-Erasmus Medical Centre (HCoV-EMC). The final",0.9997261231455529
predictions_K5_gpt-oss-20b.json,I'm all ears: fossils reveal human ancestors' hearing abilities.,TRUE,TRUE,0.9999837449215068,"Homo heidelbergensis: (Spain) of 28 human skeletons suggest that ""H. heidelbergensis"" might have been the first species of the genus ""Homo"" to bury its dead. The morphology of the outer and middle ear suggests they had an auditory sensitivity similar to modern humans. They were probably able to differentiate between many different sounds. Dental wear analysis suggests they were as likely to be right-handed as modern people. Steven Mithen believes that ""H. heidelbergensis"", like its descendant ""H. neanderthalensis"", acquired a pre-linguistic system of communication. No forms of art have been uncovered, although red ochre, a mineral that can be used to mix",0.9999837248098823
predictions_K5_gpt-oss-20b.json,"NASA twins study explores space, the final genetic frontier.",TRUE,TRUE,0.9998850298093661,"International Space Station United States National Laboratory: that old age does, this researcher is interested in determining the earliest point at which T-cells become different in space. Using a machine to analyze genes, one researcher is testing whether astronauts experience genetic changes in their DNA that would cause them to have weakened immune systems when in space. The findings in this experiment are important because it will determine if astronauts would be able to conduct experiments in space for extended periods of time. For example, scientists are using microgravity’s unique ability to accelerate bone deterioration to study rodent bone loss in space. The experiment involves studying how",0.999991639565545
predictions_K5_gpt-oss-20b.json,"Ohio committee rejects medical marijuana for anxiety, autism.",TRUE,TRUE,0.6072337060910761,"Cannabis in Ohio: back to Ohio for use in accordance with Ohio law. The twenty-one qualifying conditions are: AIDS/HIV, Alzheimer's disease, amyotrophic lateral sclerosis (ALS), cancer, chronic traumatic encephalopathy (CTE), Crohn's disease, epilepsy (or other seizure disorder), fibromyalgia, glaucoma, hepatitis C, inflammatory bowel disease, multiple sclerosis, ""pain that is either chronic and severe or intractable,"" Parkinson's disease, post-traumatic stress disorder, sickle cell anemia, spinal cord disease or injury, Tourette's syndrome, traumatic brain injury, ulcerative colitis, and ""any other disease or condition added by the state medical board."" Smoking and the home cultivation of marijuana remain prohibited under the law, which only permits marijuana",0.993030883395613
predictions_K5_gpt-oss-20b.json,“Boil some orange peels wit cayenne pepper in it stand over the pot breathe in the steam so all that mucus can release from yo nasal… MUCUS is the problem its where THE VIRUS LIVES!!!”,FALSE,TRUE,0.9998917080692387,"Saline (medicine): and loosening influence on the mucus to make it easier to wash out and clear the nasal passages for both babies and adults. In this case ""home-made"" saline may be used: this is made by dissolving approximately half a teaspoon of table salt into 240ml (approx. 8 ounces) of clean tap water. In very rare instances, amoeba ""Naegleria fowleri"" infection can occur if amoeba enters the body through the nose, therefore water used for nasal irrigation should be sterile. Note that clean tap water is not necessarily a sterile liquid. Eye drops are saline-containing drops used on the eye. Depending",0.9999849686019716
predictions_K5_gpt-oss-20b.json,Wrist replacement surgery is a last resort for those who wish to save hand’s range of motion,FALSE,FALSE,0.0031961465447001266,"Joint replacement of the hand: one solid bone. This surgery stops all movement at that joint and therefore eliminates the pain. The benefit of fusion is pain relief and the downside is elimination of motion at the fused joint, which can hinder function. Arthritic joint replacements are usually the most effective surgical option in more youthful and active patients. Younger patients may not be candidates for joint replacement because of the increased stress demand on the joints which accompany higher activity levels. This increased stress demand can quickly wear out an artificial joint. For those with a hand deformity, the surgical procedure varies slightly. Instead",0.9509884195549079
predictions_K5_gpt-oss-20b.json,"Walter ""Blackie"" Wetzel, a former leader of the Blackfeet Nation, designed the Indian head logo for the Washington D.C. ""Redskins"" NFL team.",TRUE,TRUE,0.8253587373814097,"Cleveland Indians name and logo controversy: Redskins as disparaging to Native Americans. In 1996, the Cleveland Institute of Art opened an exhibit featuring the work of Hachivi Edgar Heap of Birds, a half-Arapaho, half-Cheyenne associate professor of art at the University of Oklahoma. Among the pieces he designed for the exhibition was a 25-by-12 foot billboard featuring an image based upon Chief Wahoo and the text ""Smile for Racism"". Amidst controversy, the school initially announced that the piece would not be funded or shown. Heap of Birds announced his intent not to attend the opening, and alleged that the school was afraid of losing donations from",0.771410082333409
predictions_K5_gpt-oss-20b.json,A medical examiner's conclusion that Health and Human Services drug pricing adviser Daniel Best died of multiple blunt force injuries contradicts the official ruling that he committed suicide.,FALSE,TRUE,0.7499005936298626,"Chris Benoit double-murder and suicide: before death or was a decomposition product. Decomposition also made it difficult to estimate pre-death levels of hydrocodone and alprazolam, found in ""therapeutic levels"" in her body. In any case, her medical examiner saw no evidence that she was sedated, as her son had been when he was killed. Daniel Christopher Benoit (February 25, 2000June 23, 2007) was Chris' third child and second son, having older paternal half-siblings named David and Megan via Chris's first wife, Martina. He was Nancy's only child, as she had no children with her ex-husbands Jim Daus and Kevin Sullivan. Daniel was suffocated and killed",0.7000291257365477
predictions_K5_gpt-oss-20b.json,Another dolphin dies at Arizona aquatic facility.,TRUE,TRUE,0.8414100405657805,"Dolphin Research Center: ""Sun-Sentinel"" alleged that the Dolphin Research Center failed to report the birth and death of a dolphin calf to the National Marine Fisheries Service in 2001, nor did it report the birth of a calf in 2002. The National Marine Fisheries Service is required to keep a record of captive marine mammal births, deaths, and transfers in the United States. After Hurricane Andrew struck the Florida Keys in 1992, the DRC dolphin ""Annessa"" escaped or was washed out of her sea pen. Opponents of dolphin captivity including Ric O'Barry allege that Annessa is an example of a captive-born dolphin successfully",0.9727514142113785
predictions_K5_gpt-oss-20b.json,FDA advisory panel rejects J&J drug for acute coronary syndrome.,TRUE,FALSE,0.00010837365738190756,"Management of acute coronary syndrome: favorable action on hemodynamic parameters and cardiac oxygen consumption. However, in patients presenting without ST elevation, morphine has been shown to have adverse events potential, and its use is considered acceptable only after inadequate pain relief by medication specific against angina. Non-steroidal anti-inflammatory drugs are contraindicated for both categories of patients. All patients with acute coronary syndrome must immediately receive antiplatelet therapy, including aspirin and generally a second oral antiplatelet agent. Bleeding is the most important side-effect of antiplatelets. Aspirin inhibits platelet aggregation and formation of blood clots. It is effective across the entire spectrum of acute coronary syndromes, and",0.9999822173066008
predictions_K5_gpt-oss-20b.json,Gene-editing Chinese scientist kept much of his work secret.,TRUE,TRUE,0.5001155569582189,"He Jiankui: condemning He Jiankui and his team for intentionally flouting international ethical norms by doing such irresponsible work, and criticizing that He's ""project was largely carried out in secret, the medical necessity for inactivation of CCR5 in these infants is utterly unconvincing, the informed consent process appears highly questionable, and the possibility of damaging off-target effects has not been satisfactorily explored"". NIH claims no support for the use of gene-editing technologies in human embryos. Chinese Academy of Medical Sciences published an announcement on journal Lancet, stating that they ""are opposed to any clinical operation of human embryo genome editing for reproductive",0.9999833069938875
predictions_K10_gpt-oss-20b.json,A mother revealed to her child in a letter after her death that she had just one eye because she had donated the other to him.,FALSE,TRUE,0.9999950274958989,"Portrait of the Artist's Mother at the Age of 63: After her death her grieving son wrote ""This my pious Mother bore and brought up eighteen children; she often had the plague and many other severe and strange illnesses, and she suffered great poverty, scorn, contempt, mocking words, terrors, and great adversities. Yet she bore no malice. She feared Death much, but she said that to come before God she feared not. Also she died hard, and I marked that she saw something dreadful, for she asked for the holy-water, although, for a long time, she had not spoken. Immediately afterwards her eyes closed over. I saw also how Death",0.9999989262450732
predictions_K10_gpt-oss-20b.json,Roche's schizophrenia drug misses goal in two late-stage trials.,TRUE,TRUE,0.8238743057996032,"Pimavanserin: and the results showed that pimavanserin potentiated the antipsychotic effects of subtherapeutic doses of risperidone and improved the tolerability of haloperidol treatment by reducing the incidence of extrapyramidal symptoms. The drug met expectations for a Phase III clinical trial for the treatment of Parkinson's disease psychosis, and has completed Phase II trials for adjunctive treatment of schizophrenia alongside an antipsychotic medication. On September 2, 2014, the United States Food and Drug Administration granted Breakthrough Therapy status to Acadia's New Drug Application for pimavanserin. It was approved by the FDA to treat hallucinations and delusions associated with psychosis experienced by some",0.8959716999051174
predictions_K10_gpt-oss-20b.json,New Chemo Drug May Benefit Some Breast Cancer Patients,TRUE,TRUE,0.9999681590684039,"Breast cancer chemotherapy: Breast cancer chemotherapy Breast cancer chemotherapy refers to the use of cytotoxic drugs (chemotherapy) in the treatment of breast cancer. There are three major types of chemotherapy. Multiple chemotherapeutic agents may be used in combination to treat patients with breast cancer. Determining the appropriate regimen to use depends on many factors; such as, the character of the tumor, lymph node status, and the age and health of the patient. The following is a list of some of the commonly used adjuvant chemotherapy for breast cancer: Since chemotherapy affects the production of white blood cells, a granulocyte colony-stimulating factor (G-CSF) is",0.9999687023591591
predictions_K10_gpt-oss-20b.json,Jury finding upends Bayer's Roundup defense strategy: experts.,TRUE,TRUE,0.9996645061492615,"Roundup (herbicide): million in damages after a jury in San Francisco found that Monsanto had failed to adequately warn consumers of cancer risks posed by the herbicide, a decision the company plans on appealing. Johnson had routinely used two different glyphosate formulations in his work as a groundskeeper, RoundUp and another Monsanto product called Ranger Pro. The jury's verdict addressed the question of whether Monsanto knowingly failed to warn consumers that RoundUp could be harmful, but not whether RoundUp causes cancer. Court documents from the case show the company's efforts to influence scientific research via ghostwriting. After the IARC classified glyphosate as",0.99774600729478
predictions_K10_gpt-oss-20b.json,The mayonnaise oozing from a chicken sandwich turned out to be pus from a tumor in the chicken.,FALSE,TRUE,0.7499999883305833,"Mayonnaise: of 0.925, restricts the growth of yeasts, a few bacteria and molds. Yeasts of the genus Saccharomyces, ""Lactobacillus fructivorans,"" and ""Zygosaccharomyces bailii"" are the species responsible for the spoilage of mayonnaise. The characteristics of spoilage caused by ""Z. bailli"" are product separation and a ""yeasty"" odor. A study suggests that adding encapsulated cells of ""Bifidobacterium bifidum"" and ""B. infantis"" prolongs the life of mayonnaise up to 12 weeks without microorganism spoilage. Mayonnaise, both commercially processed and home-made, has been associated with illnesses from ""Salmonella"" globally. The source of the ""Salmonella"" has been confirmed to be raw eggs. Several outbreaks with",0.9996419287683135
predictions_K10_gpt-oss-20b.json,"Lawmakers consider spending, saving $128.5 million surplus.",TRUE,TRUE,0.9998422654182092,"Mitch Daniels: for a savings of $190 million, resulting in a budget of $23 billion. Annual spending growth for future budgets was cut to 2.8% from the 5.9% that had been standard for many years. Increase in revenues, coupled with the spending reductions, led to a $300 million budget surplus. Indiana is not permitted to take loans, as borrowing was prohibited in its constitution following the 1837 state bankruptcy. The state, therefore, had financed its deficit spending by reallocating $760 million in revenue that belonged to local government and school districts over the course of many years. The funds were gradually and",0.9999396320860752
predictions_K10_gpt-oss-20b.json,Public warned of possible measles exposure in Pennsylvania.,TRUE,TRUE,0.8608478969453415,"Measles: initiated in Ohio when two unvaccinated Amish men returned to the United States from missionary work in the Philippines, harboring asymptomatic measles. Their return to a community with low vaccination rates led to an outbreak that rose to include a total of 383 outbreak-related cases across nine counties. Of the 383 cases, 340 (89%) occurred in unvaccinated individuals. From January 4 to April 2, 2015, there were 159 cases of measles reported to the CDC. Of those 159 cases, 111 (70%) were determined to have come from an earlier exposure in late December 2014. This outbreak was believed to have",0.7218941839597874
predictions_K10_gpt-oss-20b.json,"“While California is dying … Gavin (Newsom) is vacationing in Stevensville, MT!”",FALSE,FALSE,0.25001382648152853,"Gavin Newsom: Show"" on Current TV, and wrote the 2013 book ""Citizenville"". Gavin Christopher Newsom was born in San Francisco, California, to Tessa Thomas (née Menzies) and William Alfred Newsom III, a state appeals court justice and attorney for Getty Oil. He is a fourth-generation San Franciscan. His father is of mostly Irish descent; one of Newsom's maternal great-grandfathers, Scotsman Thomas Addis, was a pioneer scientist in the field of nephrology and a professor of medicine at Stanford University. Newsom is the second cousin, twice removed, of musician Joanna Newsom. Newsom's parents separated when he was two, and divorced in 1972. At",0.9999824129025124
predictions_K10_gpt-oss-20b.json,Britain backs GSK's gene therapy for 'bubble boy' syndrome.,TRUE,TRUE,0.7500472467475571,"Gene therapy: infection, autoimmune diseases, and cancer. Follow up trials with gene therapy on another six children with Wiskott-Aldrich syndrome were also reported as promising. In October researchers reported that two children born with adenosine deaminase severe combined immunodeficiency disease (ADA-SCID) had been treated with genetically engineered stem cells 18 months previously and that their immune systems were showing signs of full recovery. Another three children were making progress. In 2014 a further 18 children with ADA-SCID were cured by gene therapy. ADA-SCID children have no functioning immune system and are sometimes known as ""bubble children."" Also in October researchers reported that",0.9999849255607597
predictions_K10_gpt-oss-20b.json,Queen Elizabeth II wore a Burmese Ruby Tiara as a slight against U.S. President Donald Trump.,FALSE,FALSE,0.3388519211875311,"Tiara: It consists of numerous interlocking diamond circles. Pearl drops can be attached inside the circles or emeralds. Queen Mary had a tiara made for the Delhi Durbar held in 1911 in India. It is now on loan for wearing by the Duchess of Cornwall, wife of Charles, Prince of Wales. Queen Elizabeth II commissioned a ruby and diamond tiara. A gift of aquamarines she received as a present from the people of Brazil were added to diamonds to make a new tiara. Other queens, empresses, and princesses regularly wear tiaras at formal evening occasions. The Swedish Royal Family have a",0.7428113172582481
predictions_K10_gpt-oss-20b.json,South Korea court strikes down abortion law in landmark ruling.,TRUE,FALSE,0.2680840608931417,"Abortion in Canada: decision. The Ontario Court of Appeal set aside the acquittal and ordered a re-trial. Morgentaler, in turn, appealed to the Supreme Court of Canada. In a landmark decision, the Court declared in 1988 the entirety of the country's abortion law to be unconstitutional. The court noted that ""[f]orcing a woman, by threat of criminal sanction, to carry a fetus to term unless she meets certain criteria unrelated to her own priorities and aspirations"" and that the law ""asserts that the woman's capacity to reproduce is to be subject, not to her own control, but to that of the state"" were",0.9999887259993319
predictions_K10_gpt-oss-20b.json,Scientists debate cause of dolphin deaths.,TRUE,FALSE,0.49261070805630497,"Flora and fauna of Odisha: impact dolphin behavior and cause several accidental dolphin deaths each year. CDA conducts an annual census of dolphin deaths. They report 15 deaths in 2003–04, 11 in 2004–05, 8 in 2005–06 and 5 in 2006–07. 40% of the 2006–07 deaths were by mechanised boats. Since 1984, the Whale and Dolphin Conservation Society has been conducting a science-based community education project to conserve the Irrawaddy dolphins and Chilika Lake. They have determined the primary cause of mortality for this population of dolphins is floating gill nets and hook line fisheries and the secondary cause is boat strikes from increasing unmanaged tourism",0.9954817273661017
predictions_K10_gpt-oss-20b.json,Evacuation plan 'out the window' when fire hit California town.,TRUE,FALSE,0.4719909093518435,"Ferguson Fire: Trailer Court. On July 20, the fire jumped the Merced River, creating two spot fires north of the river in the Stanislaus National Forest near Miller Gulch and Ned Gulch. The spot fires burned an estimated total of . New mandatory evacuations were put in place for Rancheria Government Housing, Old El Portal, Foresta and the Yosemite View Lodge. A new evacuation center was opened at Yosemite Valley Elementary School in Yosemite National Park. The fire continued to burn in Ned's Gulch overnight and into July 21. Air and ground crews made concerted efforts only to make minimal impact on",0.7410994702346175
predictions_K10_gpt-oss-20b.json,"People can fly with dogs, pot-bellied pigs, turkeys, monkeys, and miniature horses if they claim that their pets are emotional support animals.",TRUE,TRUE,0.62606621006994,"Emotional support animal: support animals to one animal per ticketed passenger. The main controversies are the behavior of some animals, harms to other people, the problem of widespread fraud, and the open scientific question about whether emotional support animals provide significant benefit. An emotional support animal may cause problems that a trained assistance dog may not. For instance, due to the lack of training, an emotional support animal may bark at and smell other people, whereas service dogs are trained not to do so. People with a different type of invisible disability – allergy to animal dander – have suffered from allergic attacks",0.9999777992261862
predictions_K10_gpt-oss-20b.json,"Gabon president fires VP, forests minister over hardwood scandal.",TRUE,FALSE,0.007105185602545347,"2016 Gabonese presidential election: The Parliament building was set on fire later in the day. The following day, Ping claimed that the presidential guard had bombed his party's headquarters, killing two people. By 2 September at least five people had been killed in the capital and 1,000 more has been arrested. The United Nations expressed ""deep concern"" about the violence. Along with France and the United States, it called for de-escalation on both sides of the dispute and pressed for more transparent detail on the vote outcome. Although he had previously criticized the Constitutional Court for allegedly favoring the government, Ping appealed the results",0.9858199337690807
predictions_K10_gpt-oss-20b.json,Prince Harry joins Elton John to launch HIV campaign targeting men.,TRUE,TRUE,0.8388335876356862,"Prince Harry, Duke of Sussex: aid children orphaned by HIV/AIDS. He has granted his patronage to organisations including WellChild, Dolen Cymru, and MapAction. Sport has been a way that Harry has helped charities and other organisations. This has included training as a Rugby Development Officer for the Rugby Football Union in 2004 and coaching students in schools to encourage them to learn the sport. Like his brother and father, he has participated in polo matches to raise money for charitable causes. On 6 January 2009, the Queen granted Harry and William their own royal household. Previously, William and Harry's affairs had been handled by their",0.7365525089770476
predictions_K10_gpt-oss-20b.json,"Suicide kills one person every 40 seconds, says WHO.",TRUE,TRUE,0.7276646949185542,"RUOK? Day: departments, corporate leaders, teachers, universities, students and community groups. Its activities also align with the Australian Government's LIFE Framework. In a 12-month period, it is estimated that 65,000 Australians make a suicide attempt, with an average of 2,320 people dying by suicide every year. In fact, around 45 per cent of Australians will experience mental illness in their lifetime, while 20 per cent are affected every year. Gavin Larkin experienced the suicide of his father in 1995 resulting in the eventual co-creation with Janina Nearn of """"R U OK?"""" in 2009. The R U OK? tagline was brought about from",0.9986118623116309
predictions_K10_gpt-oss-20b.json,Photographs show a boy having his arm crushed under a truck as a punishment for stealing bread.,FALSE,FALSE,0.30061343056530637,"Warsaw Ghetto boy: own experiences and the memory of a lost childhood friend. In these works, the boy's extended arms are often depicted with a crucifixion theme or with the boy seen as a part of an imagined monument. Both NARA and IPN describe the image as in the public domain. However in the 1990s Corbis Corporation acquired the photograph from Bettmann Archive and licenced three versions of it, charging commercial rates for its usage. , Getty Images, which acquired Corbis license rights in 2016, continues to offer it for sale, providing a copy of it with a copyright claim watermark as a",0.9974005273345126
predictions_K10_gpt-oss-20b.json,"Hospitals plan for 'COVID cabanas,' conference rooms to house patients.",TRUE,TRUE,0.8775301749891955,"Mobile hospital: These trailers have several doors to connect to other units or corridors via a special connector. The special connector can be a tent, inflatable structure, or open gangway connection. For efficient use of space; technical rooms, receptionist desk, cabinets, and closets can be installed. Each hospital, apart from the medical departments, needs electrical and mechanical facilities, repair and maintenance units, safety and health section, administrative offices, communication servicing, equipment management, toilets, bathrooms, laundries, kitchens, food supply and distribution, staff and doctors dormitories, production, and distribution. Electrical energy, water purification and storage units, warehouses, merge command rooms, and other services This",0.974184834116134
predictions_K10_gpt-oss-20b.json," A forwarded email that blames President Obama   for delays in the rescue of Richard Phillips, the captain of the ship   named the Maersk Alabama, which was taken over by pirates off the coast   of the African country of Somalia. It claims that Obama delayed the   deployment of Navy Seals by 36 hours and limited the rules of engagement   so the rescuers could not act unless Captain Phillips’ life was imminent   danger.      ",FALSE,FALSE,0.2499831393577936,"Richard Phillips (merchant mariner): of the port of Mombasa. On Saturday, April 11, ""Maersk Alabama"" arrived in Mombasa, still under U.S. military escort. Captain Larry Aasheim then assumed command. Aasheim had previously been captain of the "" Maersk Alabama"" until Richard Phillips relieved him eight days prior to the pirate attack. An 18-man marine security team was on board. The U.S. Federal Bureau of Investigation secured the ship as a crime scene. On April 9, a standoff began between the ""Bainbridge"" and the pirates in the ""Maersk Alabama""s lifeboat, where they continued to hold Phillips hostage. Three days later, on Sunday, April 12, U.S.",0.9999702408456265
predictions_K10_gpt-oss-20b.json,Strobe lighting provides a flicker of hope in the fight against Alzheimer’s,FALSE,FALSE,0.10812977849396944,"Alzheimer's disease: been reported. Stimulation-oriented treatments include art, music and pet therapies, exercise, and any other kind of recreational activities. Stimulation has modest support for improving behaviour, mood, and, to a lesser extent, function. Nevertheless, as important as these effects are, the main support for the use of stimulation therapies is the change in the person's routine. The efficacy of non-invasive brain stimulation and invasive brain stimulation in AD remains uncertain. Since Alzheimer's has no cure and it gradually renders people incapable of tending for their own needs, caregiving is essentially the treatment and must be carefully managed over the course of",0.9336684173233816
predictions_K10_gpt-oss-20b.json,"Heparin recalled in France, Italy, Denmark: report.",TRUE,FALSE,0.16676499784210155,"2008 Chinese heparin adulteration: 2008 Chinese heparin adulteration In March 2008, major recalls of heparin, a substance widely used as an injectable anticoagulant, were announced by the U.S. Food and Drug Administration (FDA) due to contamination of the raw heparin stock imported from China. The raw material for the recalled heparin batches was processed in China from pig's intestines by the American pharmaceutical firm Scientific Protein Laboratories. The U.S. Food and Drug Administration was quoted as stating that at least 81 deaths were believed to be linked to a raw heparin ingredient imported from the People's Republic of China, and that they had also",0.9999012378769114
predictions_K10_gpt-oss-20b.json,"Page 92 of the House health care bill ""says specifically that people can't purchase private health insurance after a date certain.",FALSE,FALSE,0.06308095274676227,"Keep Your Health Plan Act of 2013: able to use HealthCare.gov to purchase insurance from the federal government. ""This summary is based largely on the summary provided by the Congressional Research Service, a public domain source."" The Keep Your Health Plan Act of 2013 would permit a health insurance issuer that has in effect health insurance coverage in the individual market as of January 1, 2013, to continue offering such coverage for sale during 2014 outside of a health care exchange established under the Patient Protection and Affordable Care Act. The bill would treat such coverage as a grandfathered health plan for purposes of an individual meeting",0.6884729356946612
predictions_K10_gpt-oss-20b.json,A few drops of Visine brand eye drops taken internally will induce uncontrollable diarrhea.,FALSE,FALSE,0.2462683013775312,"Eye drop: other anticholinergics, when taken recreationally, tropicamide acts as a deliriant. According to one reporter, when injected intravenously, as is most often the case, the drug often ""brings on suicidal feelings."" Syringe designed saline drops (e.g. Wallace Cameron Ultra Saline Minipod) are distributed in modern needle-exchange programmes as they can be used efficiently either by injection or ophthalmic (if the drug is potent in small doses) route of administer which is compared to intravenous use; By demonstration, the elimination of latanoprost acid from plasma is rapid (half-life 17 minutes) after either ophthalmic or intravenous administration. Steroid and antibiotic eye drops may",0.9946786742810984
predictions_K10_gpt-oss-20b.json,FDA Approves Bayer's Kyleena™ (Levonorgestrel-Releasing Intrauterine System) 19.5 mg for Prevention of Pregnancy for up to Five Years,TRUE,FALSE,0.36411942002559555,"Levonorgestrel: in these formulations. At very low daily dose of 30 µg, levonorgestrel is used in some progestogen-only pill formulations. Levonorgestrel is the active ingredient in a number of intrauterine devices including Mirena and Skyla. It is also the active ingredient in the birth control implants Norplant and Jadelle. Levonorgestrel is used in emergency contraceptive pills (ECPs), both in a combined Yuzpe regimen which includes estrogen, and as a levonorgestrel-only method. The levonorgestrel-only method uses levonorgestrel 1.5 mg (as a single dose or as two 0.75 mg doses 12 hours apart) taken within 3 days of unprotected sex, with one study",0.999994443122901
predictions_K10_gpt-oss-20b.json,New York hospital sends some 'borderline' COVID-19 patients home with oxygen monitors.,TRUE,TRUE,0.6084077790982352,"Polysomnography: return the device to the health care provider. The provider would retrieve data from the device and could make assumptions based on the information given. For example, series of drastic blood oxygen desaturations during night periods may indicate some form of respiratory event (apnea). The equipment monitors, at a minimum, oxygen saturation. More sophisticated home study devices have most of the monitoring capability of their sleep lab technician run counterparts, and can be complex and time-consuming to set up for self-monitoring. After the test is completed a ""scorer"" analyzes the data by reviewing the study in 30-second ""epochs"". The score",0.9927229287770253
predictions_K10_gpt-oss-20b.json,Fitness experts separate folklore from fact.,TRUE,FALSE,0.23885539008159476,"Fitness culture: Fitness culture Fitness culture is a sociocultural phenomenon which refers to the culture surrounding physical exercises. It is usually associated with ""gym culture"", as doing physical exercises in locations such as gyms, wellness centres and health clubs is a popular activity. An international survey found that more than 27% of world total adult population attends fitness centres, and that 61% of regular exercisers are currently doing ""gym-type"" activities. In ancient Greece and Rome, a public place devoted to athletes training, called ""gymnasion"" (plural: gymnasia) for Greeks and ""palaestra"" (plural: palaestrae) for Romans existed in cities. Fitness was regarded as a",0.9479494333456179
predictions_K10_gpt-oss-20b.json,Women in the United States are 50 percent more likely to die from pregnancy or childbirth-related causes compared to their mothers.,TRUE,TRUE,0.9998925424788472,"Maternal death: women die from pregnancy or childbirth related causes. According to the United Nations Population Fund (UNFPA) 2017 report, this is equivalent to ""about one woman every two minutes and for every woman who dies, 20 or 30 encounter complications with serious or long-lasting consequences. Most of these deaths and injuries are entirely preventable."" UNFPA estimated that 303,000 women died of pregnancy or childbirth related causes in 2015. These causes range from severe bleeding to obstructed labour, all of which have highly effective interventions . As women have gained access to family planning and skilled birth attendance with backup emergency obstetric",0.9999824830977051
predictions_K10_gpt-oss-20b.json,Expert Panel Reaffirms Need for Colon Cancer Screen Beginning at Age 50,TRUE,TRUE,0.9999762913933233,"Colorectal cancer: then followed by medical imaging to determine if the disease has spread. Screening is effective for preventing and decreasing deaths from colorectal cancer. Screening, by one of a number of methods, is recommended starting from the age of 50 to 75. During colonoscopy, small polyps may be removed if found. If a large polyp or tumor is found, a biopsy may be performed to check if it is cancerous. Aspirin and other non-steroidal anti-inflammatory drugs decrease the risk. Their general use is not recommended for this purpose, however, due to side effects. Treatments used for colorectal cancer may include some",0.9999762908904618
predictions_K10_gpt-oss-20b.json,"To reverse damage of sitting, take a brisk, hour-long walk",TRUE,TRUE,0.9999949207619883,"Treadmill desk: aerobic exercise, but rather to keep the user's metabolism over the basal metabolic rate. According to a study by James Levine at the Mayo Clinic, users can burn an estimated 100-130 calories per hour at speeds slower than 2 miles per hour. According to a 2007 Mayo Clinic study of office workers with obesity, ""If sitting computer-time were replaced by walking-and-working, energy expenditure could increase by 100 cal/h. Thus, if obese individuals were to replace time spent sitting at the computer with walking computer time by 2–3s of 20–30 kg/year could occur."" However, when Levine and associates actually conducted a",0.9999953660799661
predictions_K10_gpt-oss-20b.json,"The most likely triggering cause of (microcephaly)"" is the ""DTaP shot, a vaccine that had been recently mandated by the Brazilian government to be injected into pregnant women.",FALSE,FALSE,0.00596638647705611,"Vaccine court: case brought to the vaccine court by the family of Hannah Poling, a girl who developed autistic-like symptoms after receiving a series of vaccines in a single day. The vaccines given were DTaP, Hib, MMR, varicella, and inactivated polio. Poling was diagnosed months later with encephalopathy (brain disease) caused by a mitochondrial enzyme deficit, a mitochondrial disorder; it is not unusual for children with such deficits to develop neurologic signs between their first and second years. There is little scientific research in the area: no scientific studies show whether childhood vaccines can cause or contribute to mitochondrial disease, and there",0.9880842212826932
predictions_K10_gpt-oss-20b.json,2 Aussie wildfires merge into inferno; man seriously burned.,TRUE,FALSE,0.2500006060554459,"Porongurup, Western Australia: and spread into private property to the north-east of the village centre. One private residence and a number of farm sheds and buildings were destroyed and other buildings seriously damaged in the fire. Fire crews, including aerial support from six water bomber planes, battled the blaze and by Tuesday morning it was effectively under control. By Wednesday morning (14 February) the fire had burnt through around 95% of the national park and several farms and wineries showed the scars of the fire. It was reportedly the most devastating fire in the region since the 1960s. Less than a week after",0.9687586691529166
predictions_K10_gpt-oss-20b.json,"Lamont fills top public health, insurance agency jobs.",TRUE,FALSE,0.19580417515671092,"James G. Haughton: trained at Unity as an obstetrician and gynecologist. After medical school, Haughton initially entered private practice in obstetrics and later became a medical administrative officer for the United States Navy. His career in public health began in New York City in 1965. In 1967, President Richard Nixon appointed Haughton to Department of Health, Education and Welfare task force overseeing Medicaid. Following his time at New York, Haughton became executive director of the Health and Hospital Governing Commission in Chicago, Illinois in 1971. In this position, he was the highest-paid public official in Illinois with compensation of $60,000 a year. In",0.6858705478225149
predictions_K10_gpt-oss-20b.json,"Leticia Van de Putte ""voted to give illegal immigrants in this country free health care--not emergency health care but total free health care.",FALSE,FALSE,0.22923692948283797,"Leticia Van de Putte: her voice to be recognized over the male colleagues in the room?"" Her question was immediately met with cheers and applause by the spectators in the gallery. The applause delayed the legislative session past the midnight deadline, effectively ending the legislative session without a vote on the bill. This bill was ultimately passed in a special session ordered by then Governor Rick Perry. On January 8, 2013, Van de Putte was elected President Pro Tempore of the Texas Senate's 83rd Regular Session. Coinciding with her announcement to run for Mayor of San Antonio, Van de Putte resigned from the Senate",0.7622829543827352
predictions_K10_gpt-oss-20b.json,Immigration authorities are taking rosaries away from immigrants at the border.,TRUE,FALSE,0.0037172503602357475,"Border Angels: recently deported from the United States to Mexico. In April 2016, 20 deported women graduated from a hair stylist course supported by Border Angels at the Desayunador Salesiano ""Padre Chava"" food hall for indigents in Tijuana, B.C., Mexico. In his autobiography, Morones writes that Border Angels ""came into existence in 1986, but did not have a name until 2001,"" when the name was coined by Univision TV host Don Francisco. [Source: ] During an interview with Morones on his TV show ""Sabado Gigante,"" Francisco called him a ""border angel,"" which led Morones to adopt the name for his organization. Over",0.9925946287951856
predictions_K10_gpt-oss-20b.json,5 convicted in meningitis outbreak case; 1 acquitted.,TRUE,FALSE,0.007027007236550156,"New England Compounding Center meningitis outbreak: against six individuals, including Cadden and Chin. The RICO count alleged 68 overt acts—including 25 counts of second-degree murder in seven states against Cadden and Chin. If convicted, Cadden and Chin faced life in prison. Cadden was ultimately convicted of racketeering charges but acquitted of second-degree murder charges in March 2017. He was sentenced to 9 years in prison. In October 2017, Chin was convicted of racketeering and mail fraud but acquitted of second-degree murder as well. On December 20, 2016, director of sales, Robert A. Ronzio, pled guilty to unrelated conspiracy charges of defrauding the FDA, actions that were",0.9859719015897708
predictions_K10_gpt-oss-20b.json,"“The flu killed 80,000 Americans last year according to the CDC.”",FALSE,FALSE,0.018529950958651058,"Pandemic H1N1/09 virus: virus in the US. This is sometimes compared to the 36,000 people per year who die from the ""common flu"", mostly in winter, although this number is an estimate. The death rate of H1N1 in the US can be calculated as less than 0.02% from November 2009 figures from the CDC, and has been explicitly calculated as 0.026% in England. Existing vaccines against seasonal flu provide no protection. Vaccines were released in North America in late October. Production may be 3 billion doses per year rather than the earlier estimate of 5 billion. On May 22, 2009, World Health Organization",0.9985852287677597
predictions_K10_gpt-oss-20b.json,Some grocery store receipts contain chemicals linked to infertility and hormone-related cancers.,TRUE,FALSE,0.02047416485899031,"Toxic Substances Control Act of 1976: and female fertility can be compromised from exposure to toxic chemicals. For example, farm workers including a large number of seasonal migrant workers are exposed to variety of occupational risks and hazards. Communities near agricultural farms may be at higher risk for exposure to pesticides. Farm workers are exposed to pesticide-related illness from the use of chemicals that can have delayed health effect such as cancer and reproductive dysfunction. Among the chemicals farmers get exposed, Dibromochloropropane (DBCP), a soil fumigant used to control nematodes can lead to ""testicular toxicity and human reproductive dysfunction."" Other health problems from their exposure to",0.9999977526219731
predictions_K10_gpt-oss-20b.json,Over a dozen arrests in SC following 4th Poor People’s Rally.,TRUE,TRUE,0.9998973953101087,"Poor People's Campaign: A National Call for a Moral Revival: than 2,000 people were arrested nationwide. Protesters stopped traffic and petitioned state legislatives. and performed more acts of direct action. Rev. Barber has stated, “We have these mythologies about the civil rights movement, about what it took to bring about change in America, but none of that happened overnight. You need to have a long-term vision. This right here, this is only our foundation.” The new movement aims to address the issues that Dr. Martin Luther King Jr. spoke against in his original campaign. Poor People's Campaign: A National Call for a Moral Revival Poor People's Campaign: A National Call",0.9999833253197935
predictions_K10_gpt-oss-20b.json,"The Black Panther Party created the Women, Infants, and Children (WIC) program that provides supplemental food assistance to single mothers and their children.",FALSE,FALSE,0.11118896916076317,"Black Panther Party: programs"" a priority within its branches. The most famous of their programs was the Free Breakfast for Children Program, initially run out of an Oakland church. The Free Breakfast For Children program was especially significant because it served as a space for educating youth about the current condition of the Black community, and the actions that the Party was taking to address that condition. ""While the children ate their meal[s], members [of the Party] taught them liberation lessons consisting of Party messages and Black history."" Through this program, the Party was able to influence young minds, and strengthen their ties",0.9999885703412674
predictions_K10_gpt-oss-20b.json,"A photograph shows a dead man whose unwitting co-workers arranged a ""funny selfie,"" believing he was just sleeping.",FALSE,FALSE,0.49993342448186223,"4bia: ""cramped"" for 100 days and is oddly only able to be contacted at night. After sending the mysterious stranger her photo, Pin asks for one in return and is sent the same photo. When she questions him, he says he is in the picture next to her. A ghostly face is slightly visible next to Pin's smiling face. As she researches recent deaths, Pin discovers that the son of Princess Sophia of Virnistan died and was buried with a cellphone so he can communicate with Princess Sophia—his mother, or to connect to someone else whenever he feels lonely. Pin then",0.999999842236937
predictions_K10_gpt-oss-20b.json,A photo shows Democratic U.S. Rep. Maxine Waters and House Speaker Nancy Pelosi posing and smiling in front of a Trump 2020 sign.,FALSE,FALSE,0.0088712314994949,"Maxine Waters: giving a euology at Dick Gregory's funeral, she said that she was ""cleaning out the White House"" and that ""when I get through with Donald Trump, he's going to wish he had been impeached."" In October 2017, she said the U.S. Congress had enough evidence against Trump to 'be moving on impeachment', in reference to Russian collusion allegations during the 2016 Presidential election, and that Trump ""has openly obstructed justice in front of our face."" Waters texted an allegation on Twitter regarding the Trump White House, ""Trump has made it clear—it is now the White Supremacists' House"", linking President Trump",0.9823085863353489
predictions_K10_gpt-oss-20b.json,"Illegal tobacco sales, price driven too high, has been connected to at least several cases of funding terrorism against us in multi-year investigations over the last decade and a half.",TRUE,TRUE,0.9999956939937202,"Illicit cigarette trade: This is known as ""the forbidden-fruit effect,"" among other references. The U.S. government foiled funding operations by Al-Qaeda in New York in 1999 and Hezbollah in North Carolina in 2002. It has been reported that smuggling one truckload of cigarettes within the United States can lead to a profit of US$2 million. Laws specifically pertaining to cigarette smuggling in the United States have included the Contraband Cigarette Trafficking Act of 1978, which makes cigarette smuggling a felony punishable by up to five years in prison. One of the most notable places of cigarette smuggling in the United States is New",0.9999958429800275
predictions_K10_gpt-oss-20b.json,"John Holdren, director of the White House Office of Science and Technology Policy, ""has proposed forcing abortions and putting sterilants in the drinking water to control population.",FALSE,FALSE,0.47852267854288044,"Larry Bucshon: back to their main goal of conducting basic science research."" During a September 17, 2014 hearing of the Committee on Science, Space and Technology, Bucshon was questioning John Holdren, Director of the White House Office of Science and Technology Policy. When Holdren encouraged Bucshon to read the scientific literature on global warming, Bucshon replied ""Of all the climatologists whose careers depend on the climate changing to keep themselves publishing articles -- yes, I could read that, but I don't believe it."" Bucshon has a ""D"" rating from NORML for his voting history regarding cannabis-related causes. Bucshon opposes veterans having access",0.916129924884233
predictions_K10_gpt-oss-20b.json,Merck wins UK okay for Keytruda in lung cancer after price cut.,TRUE,TRUE,0.999971982940763,"Checkpoint inhibitor: Squibb) were published in 2010. It was approved in 2014. Nivolumab is approved to treat melanoma, lung cancer, kidney cancer, bladder cancer, head and neck cancer, and Hodgkin's lymphoma. Pembrolizumab (brand name Keytruda) is another PD1 inhibitor that was approved by the FDA in 2014 and was the second checkpoint inhibitor approved in the United States. Keytruda is approved to treat melanoma and lung cancer and is produced by Merck. Spartalizumab (PDR001) is a PD-1 inhibitor currently being developed by Novartis to treat both solid tumors and lymphomas In May 2016, PD-L1 inhibitor atezolizumab was approved for treating bladder cancer.",0.9999966296702717
predictions_K10_gpt-oss-20b.json,In the last six years of Cianci’s administration violent crime was down in the United States. It was down in the region. It was down in Rhode Island. But it was up in Providence.,TRUE,FALSE,9.268135592521872e-05,"Politics of Rhode Island: and convicted felon Buddy Cianci attempt to return to politics. The race was seen by many as a referendum on Cianci's legacy, with supporters pointing to the improved infrastructure, city parks, arts scene, and other gains associated with the city's ""Renaissance"" during Cianci's time as Mayor, while detractors pointed to Cianci's history of violent, criminal behavior and frank, less-than-remorseful admissions to using ""public power for personal reasons."" In a rare move into municipal politics, President Obama publicly endorsed Cianci's little-known Democratic challenger, Jorge Elorza, as did Sen. Sheldon Whitehouse, who, as a U.S. Attorney, oversaw the investigation that led to",0.9999850731256233
predictions_K10_gpt-oss-20b.json,"The FDA has updated its warnings for — and recommended limitations on — prescribing a class of antibiotics called fluoroquinolones, citing potentially irreversible side-effects including tendon damage and rupture.",TRUE,TRUE,0.9999924428967993,"Levofloxacin: The FDA wrote: ""An FDA safety review has shown that fluoroquinolones when used systemically (i.e. tablets, capsules, and injectable) are associated with disabling and potentially permanent serious side effects that can occur together. These side effects can involve the tendons, muscles, joints, nerves, and central nervous system."" Such injuries, including tendon rupture, has been observed up to 6 months after cessation of treatment; the elderly, transplant patients, and those with a current or historical corticosteroid use are at elevated risk. A detailed overview of risk factors for fluoroquinolone-associated tendon rupture has been published; advanced age, concurrent treatment with corticosteroids, and",0.9999924416744144
predictions_K10_gpt-oss-20b.json,The WHO coronavirus test “was a bad test.”,FALSE,TRUE,0.786872806400219,"Middle East respiratory syndrome: pneumonia and acute renal failure. After routine diagnostics failed to identify the causative agent, Zaki contacted Ron Fouchier, a leading virologist at the Erasmus Medical Center (EMC) in Rotterdam, the Netherlands, for advice. Fouchier sequenced the virus from a sample sent by Zaki. Fouchier used a broad-spectrum ""pan-coronavirus"" real-time polymerase chain reaction (RT-PCR) method to test for distinguishing features of a number of known coronaviruses (such as OC43, 229R, NL63, and SARS-CoV), as well as for RNA-dependent RNA polymerase (RdRp), a gene conserved in all coronaviruses known to infect humans. While the screens for known coronaviruses were all negative, the",0.9999904333677229
predictions_K10_gpt-oss-20b.json,On mandatory ultrasounds before abortions.,TRUE,TRUE,0.9999817768448735,"Types of abortion restrictions in the United States: allowed to have the procedure. Mandatory transvaginal ultrasounds have been particularly controversial. In Texas, for instance, even if previous ultrasounds had indicated severe congenital defects, a woman seeking an abortion was required under a 2012 law to have another ultrasound done, ""administered by her abortion doctor, and [she had to] listen to a state-mandated description of the fetus she was about to abort"", though state-issued guidelines later did away with that ultrasound if the fetus had an ""irreversible medical condition"". On November 12, 2013, the U.S. Supreme Court declined to hear an appeal by the state of Oklahoma to the",0.9999816294628643
predictions_K10_gpt-oss-20b.json,Tougher vaccine rules move forward in California.,TRUE,TRUE,0.738815566082116,"Vaccination policy: and California) do not provide exemptions based on religious or philosophical beliefs. A few other countries also follow this practice. Compulsory vaccination greatly reduces infection rates for associated diseases. Beginning in the nineteenth century, these policies stirred resistance from a variety of groups, collectively called anti-vaccinationists, who objected on ethical, political, medical safety, religious, and other grounds. Common objections included government intervention in personal matters or that proposed vaccinations were not sufficiently safe. Many modern vaccination policies allow exemptions for people with compromised immune systems, allergies to vaccination components, or strongly held objections. In 1904 in the city of Rio",0.7525743551780879
predictions_K10_gpt-oss-20b.json,"Facebook post Says ""there is no"" COVID-19 virus.",FALSE,TRUE,0.6729701092781815,"Lloviu virus: in tissue culture or living animals, but its genome has been determined in its entirety with exception of the 3' and 5' UTRs. Like all mononegaviruses, LLOV virions contain a non-infectious, linear nonsegmented, single-stranded RNA genome of negative polarity that most likely possesses inverse-complementary 3' and 5' termini, does not possess a 5' cap, is not polyadenylated, and is not covalently linked to a protein. The LLOV genome is probably approximately 19 kb long and contains seven genes in the order 3'-UTR-""NP""-""VP35""-""VP40""-""GP""-""VP30""-""VP24""-""L""-5'-UTR. In contrast to ebolaviruses and marburgviruses, which synthesize seven mRNAs to express the seven structural proteins, LLOV seems",0.7641109204150381
predictions_K10_gpt-oss-20b.json,French breast implant boss arrested.,TRUE,TRUE,0.5001072668686787,"Poly Implant Prothèse: in Marseille, France. Those charged are the company founder Mr Mas, who was booed in the court, his deputy Claude Couty, the quality director Hannelore Font, technical director Loic Gossart and products chief Thierry Brinon. They face up to five years in prison. The trial was expected to last until 17 May. On 10 December 2013, Jean-Claude Mas was sent to prison for four years, and was fined 75,000 euros (£63,000) by a court in Marseille, France. British Association of Aesthetic Plastic Surgeons (BAAPS) says that poor postmarketing surveillance is the root of the crisis, and proposes significantly more stringent",0.9999781752130343
predictions_K10_gpt-oss-20b.json,Oregon 2nd-grader diagnosed with meningococcal meningitis.,TRUE,TRUE,0.7501269864356931,"Meningococcal disease: puncture, as delay in treatment worsens the prognosis. Symptoms of meningococcemia are, at least initially, similar to those of influenza. Typically, the first symptoms include fever, nausea, myalgia, headache, arthralgia, chills, diarrhea, stiff neck, and malaise. Later symptoms include septic shock, purpura, hypotension, cyanosis, petechiae, seizures, anxiety, and multiple organ dysfunction syndrome. Acute respiratory distress syndrome and altered mental status may also occur. The petichial rash appear with the 'star-like' shape. Meningococcal sepsis has a greater mortality rate than meningococcal meningitis, but the risk of neurologic sequelae is much lower. The most important form of prevention is a vaccine against",0.9999977903357998
predictions_K10_gpt-oss-20b.json,The real Hillary Clinton has been dead since 1998 and was replaced with a clone.,FALSE,FALSE,0.1565541695793507,"Juanita Broaddrick: by Nick Lulli, with the title ""You'd Better Put Some Ice On That: How I Survived Being Raped By Bill Clinton"". Juanita Broaddrick Juanita Broaddrick is an American former nursing home administrator. In 1999, she alleged that U.S. President Bill Clinton raped her in April 1978 when he was the attorney general of Arkansas. Clinton's attorney, David Kendall, denied the allegations on his client's behalf. Clinton declined to comment further on the issue. Rumors circulated about Broaddrick's allegations for many years, but she refused to speak to the media. In a sworn statement in 1997 with the placeholder name ""Jane",0.9807517335459551
predictions_K10_gpt-oss-20b.json,"After Massachusetts passed a mandatory health insurance law ""their mortality rate went down...it saved lives.",TRUE,TRUE,0.9998916863329812,"Health insurance mandate: required individuals, and not employers, to buy insurance, as an alternative to Clinton's plan. Hillary Clinton's plan in 2008 also included an individual mandate. An individual health-insurance mandate was initially enacted on a state level: the 2005 Massachusetts health care reform law. In 2006, Republican Mitt Romney, then governor of Massachusetts, signed an individual mandate into law with strong bipartisan support. In 2007, a Senate bill featuring a federal mandate, authored by Bob Bennett (R-UT) and Ron Wyden (D-OR), attracted substantial bipartisan support. , more than 97 percent of Massachusetts residents were insured, which made it the state with the",0.9999831381792318
predictions_K10_gpt-oss-20b.json,"Humira Provides Effective, Non-Steroid Alternative for Eye Inflammation",TRUE,TRUE,0.9988866471913643,"Rimexolone: Rimexolone Rimexolone is a glucocorticoid steroid used to treat inflammation in the eye. It is marketed as a 1% eye drop suspension under the trade name Vexol by Alcon Laboratories, but was discontinued in the US and other countries. Rimexolone is used to treat inflammation after eye surgery, to treat anterior uveitis, conjunctivitis and keratitis. The substance is contraindicated in herpes simplex and most other viral eye infections, as well as mycobacterial, fungal and amoebal eye infections because it only reduces the inflammation but does not act against such microorganisms. The most common adverse effects are blurred vision, tearing and",0.9999972661415456
predictions_K10_gpt-oss-20b.json,"Menopause 'hot flash' medicine could cut symptom by three quarters, trial shows",FALSE,TRUE,0.750122664455848,"Hot flash: Hot flash Hot flashes (American English) or hot flushes (British English) are a form of flushing due to reduced levels of estradiol. Hot flashes are a symptom which may have several other causes, but which is often caused by the changing hormone levels that are characteristic of menopause. They are typically experienced as a feeling of intense heat with sweating and rapid heartbeat, and may typically last from 2 to 30 minutes for each occurrence. Hot flashes, a common symptom of menopause and perimenopause, are typically experienced as a feeling of intense heat with sweating and rapid heartbeat, and may",0.9999911267489933
predictions_K10_gpt-oss-20b.json,"In February and March 2018, hundreds of Canadian doctors signed a petition asking for the cancellation of pay deals from which they would personally benefit.",TRUE,FALSE,0.004158223156955046,"Healthcare in Canada: supply of doctors to guarantee its members' incomes. In 2008, the Ontario Medical Association and the Ontario government agreed to a four-year contract with a 12.25% doctors' pay raise, which was expected to cost Ontarians an extra $1 billion. Ontario's then-premier Dalton McGuinty said, ""One of the things that we've got to do, of course, is ensure that we're competitive ... to attract and keep doctors here in Ontario..."". In December 2008, the Society of Obstetricians and Gynaecologists of Canada reported a critical shortage of obstetricians and gynecologists. The report stated that 1,370 obstetricians were practising in Canada and that",0.9918823319725834
predictions_K10_gpt-oss-20b.json,Blood test may identify gestational diabetes risk in first trimester,TRUE,TRUE,0.5000452669901583,"Gestational diabetes: OGTT if the tests are outside normal limits. If there is a high suspicion, a woman may be tested earlier. In the United States, most obstetricians prefer universal screening with a screening glucose challenge test. In the United Kingdom, obstetric units often rely on risk factors and a random blood glucose test. The American Diabetes Association and the Society of Obstetricians and Gynaecologists of Canada recommend routine screening unless the woman is low risk (this means the woman must be younger than 25 years and have a body mass index less than 27, with no personal, ethnic or family risk",0.9999906377482334
predictions_K10_gpt-oss-20b.json,An habitual alcohol abuser lost his penis to frostbite after a drunken sexual encounter with a snowman.,FALSE,FALSE,0.014860383522044619,"Dennis Nilsen: served as a private. In this deployment, Nilsen began to increase his intake of alcohol. He described himself and his colleagues as a ""hard-working, boozy lot""; his colleagues recalled he often drank to excess in order to ease his shyness. On one occasion, Nilsen and a German youth drank themselves into a stupor. When Nilsen awoke, he found himself on the floor of the German youth's flat. No sexual activity had occurred, but this incident fuelled Nilsen's fantasies: he began to develop sexual fantasies which initially involved his sexual partner — invariably a young, slender male — being completely passive.",0.9703565509732099
predictions_K10_gpt-oss-20b.json,"Ebola is real, Congo president tells skeptical population.",TRUE,TRUE,0.9999917218582641,"Ebola virus epidemic in Sierra Leone: severe shortages of protective supplies, with some nurses having to wear street clothes. David Tam-Baryoh, a radio journalist, was held for 11 days when he and a talk show guest, an opposition party spokesperson, criticised how President Ernest Bai Koroma handled the Ebola outbreak in a live broadcast on 1 November 2014. The weekly show ""Monologue"" was taken off-air mid-show from the independently run Citizen FM. He was arrested on 3 November and sent to the Pademba Road jail, after an executive order was signed by the president. On 14 November Sierra Leone's Deputy Information Minister Theo Nicol gave a",0.9999818560673457
predictions_K10_gpt-oss-20b.json,A video investigation showed that Planned Parenthood lies about providing prenatal care.,FALSE,FALSE,0.4865724717872066,"Planned Parenthood 2015 undercover videos controversy: motivated attacks. The CMP alleges that the videos show Planned Parenthood officials offering to make adjustments in the techniques used in abortions in order to acquire more intact fetal tissues and organs. Federal law prohibits changing from one abortion procedure to another procedure in order to obtain human tissue for medical research, as well as for delivering intact fetuses. Planned Parenthood spokespeople have responded to CMP's allegations by stating that the organization follows ""all lawsperiod,"" and that accusations made in CMP's videos ""are false"". In the sixth video, Holly O'Donnell, a pro-life former StemExpress technician, says that she was told",0.7016906667754823
predictions_K10_gpt-oss-20b.json,Wyeth Wins U.S. OK to Sell Pristiq for Depression.,TRUE,FALSE,0.2905236870228961,"Peter Rost (doctor): consultant. Rost worked at medical advertising agencies prior to working for pharmaceutical companies. Rost started working at Wyeth in approximately 1992; seven years after joining Wyeth, he was promoted to head of Wyeth-Lederle Nordiska, Wyeth's Scandinavian subsidiary. Rost has said that he doubled sales during his tenure. He became concerned about Wyeth's accounting practices and informed upper management of his concerns. Shortly thereafter, he was transferred from Sweden to New Jersey, a move he characterized as a retaliatory demotion. He filed a lawsuit against Wyeth, which was settled out of court for undisclosed terms. Rost left Wyeth for Pharmacia in",0.999987026764855
predictions_K10_gpt-oss-20b.json,Jury clears J&J of liability in New Jersey talc cancer case.,TRUE,FALSE,0.49106700764996986,"Dr. X killings: Examiners revoked Jascalevich's license to practice medicine in the State of New Jersey, finding by a vote of 11–0 that Jascalevich was guilty of """"gross malpractice or gross negligence and failure of good moral character"""". Jascalevich had voluntarily surrendered his license in 1976 after being indicted in the criminal case for which he was later acquitted. The state found fraudulently prepared operation records in one case, and in another that he had made a diagnosis of cancer that ""he knew or should have known"" was false. Both patients had been admitted to Christ Hospital and had been from Jersey City,",0.9656025640489729
predictions_K10_gpt-oss-20b.json,More women are victims of domestic violence on Super Bowl Sunday than on any other day of the year.,FALSE,FALSE,0.03620448311670152,"National Coalition Against Domestic Violence: working to end violence against women and their children. The activities conducted were as varied and diverse as the orgram sponsors but had common themes: The Day of Unity soon became an entire week devoted to a range of activities conducted at the local, state, and national level. Each year, the Day of Unity is celebrated the first Monday of Domestic Violence Awareness Month. National Coalition Against Domestic Violence creates public service announcements to help increase awareness of domestic violence and help women affected by it to call the National Domestic Violence Hotline at 1-800-799-SAFE (7233). National Coalition Against Domestic",0.9974216916947994
predictions_K10_gpt-oss-20b.json,"Donald Trump Says 25 percent of U.S. Muslims ""agreed that violence against Americans here in the United States is justified as a part of the global jihad.",FALSE,FALSE,0.00010923413764007504,"Islam in the United States: had no sympathy for Al Qaeda. A 2015 Brookings poll found that 14% Americans believe most Muslims support ISIS and another 44% believe Muslims partially support ISIS. A 2016 poll found that on average; Americans believed that 17% of the US population was Muslim and that this number would rise to 23% by 2020. A 2018 poll by The Institute for Social Policy and Understanding found that 86% of Americans report wanting to, “live in a country where no one is targeted for their religious identity.” 95% of American Jews and 78% of white Evangelicals agreed. The study also found",0.9999828759022902
predictions_K10_gpt-oss-20b.json,"In 2019, California education authorities formulated a policy that, if implemented, would force parents to allow their children to be taught that ""there are 15 genders.",FALSE,TRUE,0.7324392238756382,"School Success and Opportunity Act: School Success and Opportunity Act The School Success and Opportunity Act (Assembly Bill 1266), is a California state law which extends gender identity and gender expression discrimination protection to transgender and gender-nonconforming K-12 students in public schools. The bill ""requires that a pupil be permitted to participate in sex-segregated school programs, activities, including athletic teams and competitions, and use facilities consistent with his or her gender identity, irrespective of the gender listed on the pupil's records."" The bill was introduced by Assemblyman Tom Ammiano. It passed the California State Legislature in July 2013 and was signed into law by Governor",0.7655718795413476
predictions_K10_gpt-oss-20b.json,Trading tires: How the West fuels a waste crisis in Asia.,TRUE,FALSE,0.4999976044484402,"Waste tires: be used as fuel energy. Waste Tires used as fuel are either shredded or whole, depending on the combustion device being used. The type of fuel produced from Waste Tires is known as Tire-derived fuel (TDF). The region in the Mexico-United States border has failed to manage the stockpiles of waste tires. Some neglectful regions between the U.S. and Mexico border have given up on managing the stockpiles. The lack of waste tire management on the border will lead to health, fire, and environmental hazards in the area. In 2003, A program was set up and signed and included objectives",0.9999800323435252
predictions_K10_gpt-oss-20b.json,A video shows the fluff of poplar trees burning across a field in Spain. ,TRUE,TRUE,0.8284716447049929,"Davie Poplar: damaged by Hurricane Fran. A fire was set and a small device was detonated at the base of Davie Poplar on November 2, 2017, producing a small fire ball and scorching the side of the tree. The explosion caused minor injuries to Dr. Daniel Reichart who tried to stomp out the fire. Davie Poplar Davie Poplar is a large tulip poplar tree located in McCorkle Place on the campus of the University of North Carolina at Chapel Hill. Named in honor of Revolutionary War general and university founder William Richardson Davie, the tree is approximately 300 to 375 years old.",0.9970170084073445
predictions_K10_gpt-oss-20b.json,US biologists eye unusual deaths of Alaska ice seals.,TRUE,TRUE,0.7499997530892348,"Mass mortality event: An analysis of such events from 1940 to 2012 found that these events have become more common for birds, fish and marine invertebrates, but have declined for amphibians and reptiles and not changed for mammals. Harbour Seals (1988) In 1988, the death of 20,000 harbour seals in the North Sea was found to be due to phocine distemper virus. Ten years later two bacteria were implicated in the death of 1600 New Zealand sea lions. On Marion Island in 2007, some 250–300 adult male Subantarctic fur seal died in a two-week period. It was suggested but not proven that this",0.9999980631449251
predictions_K10_gpt-oss-20b.json,Biogen's secret campaign to bring its Alzheimer's drug back from the ashes.,TRUE,FALSE,7.835425222568455e-05,"Beta-secretase 1: the Amyloid hypothesis) may help slow or stop Alzheimers disease. Several companies are in the early stages of development and testing of this potential class of treatment. In March 2008 phase I results were reported for CoMentis Inc's candidate CTS-21166. In April 2012 Merck & Co., Inc reported phase I results for its candidate verubecestat (MK-8931). Merck began a Phase II/III trial of MK-8931 in December, 2012 estimated to be completed in July 2019. In February 2017, Merck halted its late-stage trial of verubecestat for mild to moderate Alzheimer's disease after it was reported as having ""virtually no chance"" of",0.9999875488505594
predictions_K10_gpt-oss-20b.json,Officials worry about Nebraska children’s health care fund.,TRUE,FALSE,0.16263710600418446,"Ben Nelson: reimbursement scheme was derided by the measure's opponents as the ""Cornhusker Kickback"". Among those denouncing the provision was Dave Heineman, Nebraska's Republican governor. To these criticisms, Nelson responded that he had been attempting to eliminate an unfunded federal mandate upon the states, and that the Nebraska item was a ""placeholder"", intended from the start to be replaced by a revision that would provide reimbursement for the increased Medicaid costs of all states. Pro-life organizations also responded negatively to Nelson's vote. Nebraska Right to Life decried the anti-abortion language in the health-care bill as ""bogus"", and in April 2010 declared that",0.9999645815642424
predictions_K10_gpt-oss-20b.json,"Regarding the surgery that saved Jimmy Kimmel's son, ""Medicaid has stopped providing this kind of service.",FALSE,FALSE,2.9261890026458376e-05,"Brian Kilmeade: may have been the lowest-rated in history, but that’s not stopping Hollywood elites like comedian Jimmy Kimmel from pushing their politics on the rest of the country.” This prompted Kimmel to call Kilmeade a ""phony little creep."" Kimmel, who has often referenced his son's congenital heart defect in his comments regarding health care, said of Kilmeade: “Oh, he’s such a fan ""—"" I think he’s been on the show. He follows me on Twitter; he asked me to write a blurb for his book, which I did; he calls my agent looking for projects. He’s dying to be a member",0.9999956915546224
predictions_K10_gpt-oss-20b.json,The snakehead fish can survive on land. ,TRUE,TRUE,0.7499669998054979,"Snakehead (fish): Snakehead (fish) The snakeheads are members of the freshwater perciform fish family Channidae, native to parts of Africa and Asia. These elongated, predatory fish are distinguished by their long dorsal fins, large mouths, and shiny teeth. They breathe air with gills, which allows them to migrate short distances over land. They have suprabranchial organs which develop when they grow older, which are primitive forms of labyrinth organs. The two extant genera are ""Channa"" in Asia and ""Parachanna"" in Africa, consisting of about 40 species. They are valuable as a food source and have become notorious as an intentionally released invasive",0.9999779635362022
predictions_K10_gpt-oss-20b.json,WWE wrestler Ric Flair was declared brain dead on 16 May 2019. ,FALSE,FALSE,0.0634138725258256,"Ric Flair: Ric Flair Richard Morgan Fliehr (born February 25, 1949), better known as Ric Flair, is an American professional wrestling manager and retired professional wrestler signed to WWE under its Legends program. Described by many sources as the greatest professional wrestler of all time and the best American performer of the 1980s, Flair had a career that spanned 40 years. He is noted for his tenures with Jim Crockett Promotions (JCP), World Championship Wrestling (WCW), the World Wrestling Federation (WWF, later WWE) and Total Nonstop Action Wrestling (TNA). Since the mid-1970s, he has used the moniker ""The Nature Boy"". A major",0.9755931655403016
predictions_K10_gpt-oss-20b.json,China reports one more H7N9 bird flu death.,TRUE,TRUE,0.9999745383125199,"Influenza A virus subtype H7N9: deaths. On April 24, a case was confirmed by the Taiwanese Government, marking the first case outside of China. On April 25, the National Health and Family Planning Commission said that a total of 109 H7N9 cases had been reported within mainland China, including 23 deaths. However, Anne Kelso, director of the WHO Collaborating Centre for Reference and Research on Influenza, VIDRL, Australia, reported that researchers had seen a ""dramatic slowdown"" in human cases in Shanghai after the city's live poultry markets were closed on April 6. On the following day, cases in mainland China rose to 118. On April",0.9999963195895818
predictions_K10_gpt-oss-20b.json,"Johns Hopkins Hospital issued a ""cancer update"" detailing how cancer spreads and recommending methods for treating the disease.",FALSE,FALSE,0.08770352852573265,"University of Maryland Marlene and Stewart Greenebaum Comprehensive Cancer Center: pilot studies and Phase I, II and III clinical trials. In addition to basic and clinical cancer research, cancer center activities include teaching and a strong focus on aggressive treatment for cancer patients in the 40-bed inpatient unit, dedicated Bone Marrow/Stem Cell Transplantation unit, and outpatient facility, which opened in 2005. The center has multidisciplinary clinical programs for all major cancers (breast, brain, cutaneous, head and neck, gastrointestinal, genitourinary, gynecological, hematologic malignancies, and thoracic cancer). The University of Maryland's cancer center began as the intramural program of the National Cancer Institute (NCI) of the NIH. In 1965, the NCI created",0.8244719698456211
predictions_K10_gpt-oss-20b.json,Claims of virgin births in U.S. near 1 percent: study.,TRUE,TRUE,0.749982552154087,"United States: 15 per 1,000 women aged 15–44 remain higher than those of most Western nations. In 2013, the average age at first birth was 26 and 40.6% of births were to unmarried women. The total fertility rate (TFR) in 2016 was 1.82 births per 1000 woman. Adoption in the United States is common and relatively easy from a legal point of view (compared to other Western countries). In 2001, with over 127,000 adoptions, the U.S. accounted for nearly half of the total number of adoptions worldwide. Same-sex marriage is legal nationwide, owing to the Supreme Court's 2015 decision in ""Obergefell v.",0.7725783003275375
predictions_K10_gpt-oss-20b.json,Mobile clinics seen as way to cut U.S. health bill.,TRUE,FALSE,0.2186607680752489,"Telehealth: their own homes as opposed to a care facility. Mobile health includes any health information, such as education, monitoring and care, that is present on and supported by mobile communication devices such as cell phones or tablet computers. This might include an application, or text messaging services like appointment reminders or public health warning systems. Telehealth is a modern form of health care delivery. Telehealth breaks away from traditional health care delivery by using modern telecommunication systems including wireless communication methods. Traditional health is legislated through policy to ensure the safety of medical practitioners and patients. Consequently, since telehealth is",0.9999936110020309
predictions_K10_gpt-oss-20b.json,Chance the Rapper giving $1M to boost mental health services.,TRUE,FALSE,0.24995028554356408,"Chance the Rapper: Ricketts in November 2017, and Bennett planned to relaunch the website later in 2018. In October 2018, Bennett endorsed Amara Enyia in the 2019 Chicago mayoral election. Mixtapes Collaborative albums BET Awards BET Hip Hop Awards Grammy Awards iHeartRadio Music Awards MOBO Awards MTV Video Music Awards MTV Video Music Awards Japan NAACP Image Awards Soul Train Music Awards Teen Choice Awards Chance the Rapper Chancelor Jonathan Bennett (born April 16, 1993), known professionally as Chance the Rapper, is an American rapper, singer, songwriter, record producer, actor, and philanthropist from the West Chatham neighborhood of Chicago, Illinois. In 2013, he",0.9999964264049793
predictions_K10_gpt-oss-20b.json,Britain gives scientist go-ahead to genetically modify human embryos.,TRUE,TRUE,0.9999059804029391,"Human Fertilisation and Embryology Authority: the development of embryos"", ""increasing knowledge about serious disease"", and ""enabling any such knowledge to be applied in developing treatments for serious disease"". This allows researchers to carry out embryonic stem cell research and therapeutic cloning providing that an HFEA Licence Committee considers the use of embryos necessary or desirable for one of these purposes of research. The Human Reproductive Cloning Act 2001 was introduced to explicitly prohibit reproductive cloning in the UK. In 2004, the Human Fertilisation and Embryology Authority (Disclosure of Donor Information) Regulations 2004/1511, enabled donor-conceived children to access the identity of their sperm, egg or embryo",0.9999069491101024
predictions_K10_gpt-oss-20b.json,"Donald Trump Jr. tweeted, ""Do you know what's deplorable? Being impeached!"" to the Clintons in September 2016.",TRUE,TRUE,0.6746374146782456,"Basket of deplorables: 71st Alfred E. Smith Memorial Foundation Dinner, Clinton joked about the phrase, telling the guests ""I just want to put you all in a basket of adorables"". Clinton's campaign pointed to a series of polls that showed that some of Trump's supporters held negative views toward Latinos, African Americans, and Muslims. Clinton's campaign used the incident to try to force Trump's campaign members to denounce its extreme supporters. For example, after Mike Pence refused to call David Duke ""deplorable,"" Clinton's running mate Tim Kaine accused Pence of enabling racism and xenophobia. Donald Trump criticized Clinton's remark as insulting his supporters.",0.9702762418196353
predictions_K10_gpt-oss-20b.json,New drugs show rare promise against advanced breast cancer.,TRUE,TRUE,0.792946279499369,"Treatment of lung cancer: EML4-ALK fusion oncogene, and is approved by the FDA. EML4-ALK is found in some relatively young, never or light smokers with adenocarcinoma. Advances in cytotoxic drugs, pharmacogenetics and targeted drug design show promise. A number of targeted agents are at the early stages of clinical research, such as cyclo-oxygenase-2 inhibitors, the apoptosis promoter exisulind, proteasome inhibitors, bexarotene, the epidermal growth factor receptor inhibitor cetuximab, and vaccines. Sorafenib (marketed as Nexavar for use in renal and liver cancer) showed promise in a clinical trial matching targeted treatment to the cancer's genetic profile. Future areas of research include ras proto-oncogene inhibition, phosphoinositide",0.8633506776361091
predictions_K10_gpt-oss-20b.json,House protects pizza as a vegetable.,TRUE,TRUE,0.9999866337594228,"Pizza saver: of stuck cheese and bread. Some pizzerias have eliminated the use of plastic pizza savers by returning to the old method of simply baking a bread ball into the center of their pizzas. Pizza saver A pizza saver or package saver (sometimes referred to as pizza table, pizza Ottoman, or pizza nipple) is an object used to prevent the top of a food container, such as a pizza box or cake box, from collapsing in at the center and touching the food inside. A pizza saver is made of plastic and has three (sometimes four) legs. They are often white,",0.9999787346002031
predictions_K10_gpt-oss-20b.json,"Ken Paxton Says Barack Obama ""acknowledged over 20 times"" that his administration’s Deferred Action for Parents of Americans ""immigration edict was a violation of law and the separation of powers.",FALSE,FALSE,0.26128579162973486,"Deferred Action for Parents of Americans: United States"" proceeds. The Obama Administration appealed the order for a preliminary injunction and asked the United States Court of Appeals for the Fifth Circuit in New Orleans to stay the district court's injunction pending appeal. On May 26, 2015, the administration's motion for a stay was denied by a three member motions panel with one dissent, meaning that the government could not implement DAPA until the Fifth Circuit ruled on the appeal of the injunction order itself. That ruling came on November 9, 2015, with a three-member panel of the Fifth Circuit affirming the district court's preliminary injunction, with",0.7603281318863285
predictions_K10_gpt-oss-20b.json,Tuberculosis infection found at University of Mississippi.,TRUE,FALSE,0.4531982103598406,"Mississippi State Hospital: its current location, the former property of a state penal colony, the Rankin Farm. MSH became overcrowded. It held people with severe mental illness, as well as people suffering from alcoholism, depression, menopause, and other ailments that have been resolved with modern medicine in later generations. In the 1930s, the facility consisted of acres of farmland, including cultivated acres. MSH was a self-sufficient facility, with its own bakery, dairy, laundry, post office, tuberculosis hospital, and water wells. Hunter Cole, author of ""The Legs Murder Scandal"", said that in the 1930s, MSH appeared ""more like an estate than a prison"" due",0.758812497149898
predictions_K10_gpt-oss-20b.json,"‘Critical moment’ for firms amid retirements, opioid crisis.",TRUE,TRUE,0.7499153853700856,"Opioid epidemic: stifle high-risk prescribing practices (such as prescribing high doses of opioids or prescribing opioids long-term). These new laws fell primarily into 1 of the following 4 categories: In July 2016, governors from 45 U.S. states and three territories entered into a formal ""Compact to Fight Opioid Addiction"". They agreed that collective action would be needed to end the opioid crisis, and they would coordinate their responses across all levels of government and the private sector, including opioid manufacturers and doctors. In March 2017, several states issues responses to the opioid crisis. The governor of Maryland declared a state of emergency",0.9999987060722313
predictions_K10_gpt-oss-20b.json,Eating more fish could prevent Parkinson's disease,FALSE,TRUE,0.7546783382747841,"Dietary management of Parkinson's disease: include taking carbidopa (Sinemet), sugary drinks to calm the stomach, and avoidance of orange and grapefruit juices due to high acidity. Some PD medications are known to cause the subject to become thirsty, and methods to reduce thirst include drinking plenty of water as well as limiting caffeine uptake because it may interfere with medication or increase thirst. Dietary management of Parkinson's disease Parkinson's disease is the 2nd most prevalent neurological disorder within the United States and Europe, affecting around 1% of the population over the age of 60. While the link connecting the onset of Parkinson’s disease to environmental",0.9513342470204832
predictions_K10_gpt-oss-20b.json,Eleven states have banned the use of electronic cigarettes inside cars.,FALSE,FALSE,0.3123650063986556,"Frank Artiles: session, Artiles sponsored legislation that made electronic cigarettes illegal for minors to use. Though the bill initially contained a provision that Artiles hoped would result in a statewide ban on e-cigarettes, an amendment sponsored by fellow Republican State Representative Bill Hager stripped the provision from the bill that ""would have prevented local governments from creating their own rules on e-cigarettes and tobacco products."" Following a unanimous vote in support of the bill, Artiles remarked, ""At the end of the day, the state of Florida has acted before the federal government in protecting our children from contaminating their lungs with vaporizing",0.9999989731185127
predictions_K10_gpt-oss-20b.json,A video shows two people waving guns at protesters in front of their home. ,TRUE,TRUE,0.693041639568086,"Ferguson unrest: and rubber bullets at lines of protesters and reporters. At least seven protesters were arrested on the evening of August 12 and 13 after police told protesters to ""'go home"" or face arrest. CNN cameras filmed an officer addressing a group of protesters by saying ""Bring it, you fucking animals, bring it."" On the night of August 12, a peaceful protester was shot in the head non-fatally by police. The gunshot survivor, Mya Aaten-White, complained that police had failed to interview her in connection with the shooting. Police had attempted to interview Aaten-White alone, but she refused to speak with",0.8994316383391001
predictions_K10_gpt-oss-20b.json,Canadians worried by plan to let Americans import drugs.,TRUE,TRUE,0.863493951123523,"Canada–United States trade relations: of US$10.5 billion cost to businesses in delays and uncertain travel time have affected trade. One ongoing and complex trade issue involves the importation of cheaper prescription drugs from Canada to the United States. Due to the Canadian government's price controls as part of their Single-payer medical system, prices for prescription drugs can be a fraction of the price paid by consumers in the unregulated U.S. market. While laws in the United States have been passed at the national level against such sales, specific state and local governments have passed their own legislation to allow the trade to continue. American",0.9999921029204073
predictions_K10_gpt-oss-20b.json,Robotic surgeries costlier but safer: study,TRUE,TRUE,0.5936934740299075,"Robot-assisted surgery: smoother, feedback-controlled motions than could be achieved by a human hand. The main object of such smart instruments is to reduce or eliminate the tissue trauma traditionally associated with open surgery without requiring more than a few minutes' training on the part of surgeons. This approach seeks to improve open surgeries, particularly cardio-thoracic, that have so far not benefited from minimally-invasive techniques. Robotic surgery has been criticized for its expense, by one estimate costing $1,500 to $2000 more per patient. Major advances aided by surgical robots have been remote surgery, minimally invasive surgery and unmanned surgery. Due to robotic use,",0.9999902915617875
predictions_K10_gpt-oss-20b.json,"On Syria, ""a lot of the allies signed on. At the last minute, Obama backed off.",FALSE,FALSE,0.4982933032959597,"Nikki Haley: former president Barack Obama's initial stance on Assad. On April 5, speaking to the U.N. Security Council a day after the Khan Shaykhun chemical attack, Haley said Russia, Assad, and Iran ""have no interest in peace"" and attacks similar to this would continue occurring should nothing be done in response. A day later, the U.S. launched 59 Tomahawk cruise missiles toward the Shayrat Air Base in Syria. Haley called the strike a ""very measured step"" and warned that the U.S. was prepared ""to do more"" despite wishing it would not be required. On April 12, after Russia blocked a draft",0.9999422192819668
predictions_K10_gpt-oss-20b.json,Testosterone gel linked to heart problems.,TRUE,TRUE,0.5139410174604678,"Testosterone and the cardiovascular system: of coronary artery disease. Further research is required to determine the full extent to which testosterone replacement therapy in aging men plays a role in the risk and/or advantage of cardiovascular occurrences. Testosterone and the cardiovascular system The predominant androgen in men, testosterone, has shown to substantially decline throughout the aging process. The decline in both serum and total testosterone with age have been linked to several disease states in men. In particular, cardiac failure and ischemic heart disease have been linked to this natural biochemical decline in testosterone. Previously, the higher cardiovascular risk in men has been attributed in",0.7695481534390369
predictions_K10_gpt-oss-20b.json,"Waste not, want not: P&G venture aims to squeeze new life out of Italy's dirty diapers.",TRUE,TRUE,0.6179335773558131,"Waste Italia: Quality Service Industry). Waste Italia Corporate Social Responsibility implementation is carried out an organic way with the other companies of the Gruppo Waste Italia (formerly known as Kinexia), in order to integrate environmental activities with those on renewable energy. Waste Italia Waste Italia S.p.A. is a leading company in Italy in the environmental field that deals with collection, treatment and disposal of non-hazardous waste. Waste Italia was founded in 2000 by the acquisition by some Italian businessmen, including Pietro Colucci, of the American company Waste Management Inc.. In 2014 Waste Italia joined Kinexia SpA, through the reverse merger that led",0.8955257801876618
predictions_K10_gpt-oss-20b.json,Missouri faces vaccination hesitancy amid measles case.,TRUE,FALSE,0.24987789932745713,"Epidemiology of measles: schedule or discourage vaccination, among them Bob Sears and Jay Gordon for reducing vaccination rates and thus weakening herd immunity, and creating a situation in which an outbreak was more likely. California passed a mandatory vaccination law in June 2015. In Spring 2015, a death of an immune-suppressed woman in Washington State caused by measles was diagnosed after autopsy. This was the first U.S. measles death since 2003. In spring 2017, a measles outbreak occurred in Minnesota. As of June 16, 78 cases of measles had been confirmed in the state, 71 were unvaccinated and 65 were Somali-Americans. The outbreak",0.999991646218605
predictions_K10_gpt-oss-20b.json,"Southeast Asian nations, among worst ocean polluters, aim to curb plastic debris.",TRUE,TRUE,0.999971495675084,"Marine debris: worlds ocean currents. On 11 April 2013 in order to create awareness, artist Maria Cristina Finucci founded The Garbage patch state at UNESCO –Paris in front of Director General Irina Bokova. First of a series of events under the patronage of UNESCO and of Italian Ministry of the Environment. Forty-eight plastics manufacturers from 25 countries, are members of the Global Plastic Associations for solutions on Marine Litter, have made the pledge to help prevent marine debris and to encourage recycling. Marine debris is a problem created by all of us, not only those in coastal regions. Ocean debris can come",0.9999924365309499
predictions_K10_gpt-oss-20b.json,Senators: Double funding for universal flu vaccine research.,TRUE,TRUE,0.9998920162169095,"Influenza research: H5N1 contained, limiting its speed and extent of mutation, and buying time for new flu vaccine manufacturing methods and factories to come on line so that when the next flu pandemic happens the death toll can be minimized. See Prospects for universal flu vaccines The US government on May 4, 2006 awarded five-year contracts for ""more than $1 billion to five drug manufacturers developing technology for speedier mass production of vaccines in the event of a pandemic"" from the $3.8 billion pandemic preparedness bill passed in 2005. ""The federal government says its goal is to be able to distribute a",0.9999831353800379
predictions_K10_gpt-oss-20b.json,Jury awards more than $70M to woman in baby powder lawsuit.,TRUE,TRUE,0.9999947129841361,"Johnson & Johnson: them to make consumers more confident that products were safer for children. In December 2018, with 11,700 people suing Johnson & Johnson over cancers allegedly caused by baby powder, the company was forced to release internal documents. The documents showed that the company had known about asbestos contamination since at least as early as 1971 and had spent decades finding ways to conceal the evidence from the public. On December 19, the company lost its request to reverse a jury verdict that ruled in favor of the accusers, which required the company to pay $4.14 billion in punitive damages and",0.9999947231908763
predictions_K10_gpt-oss-20b.json,"Students at Emory University were offered ""emergency counseling"" after pro-Trump graffiti appeared overnight in campus ""safe spaces.",FALSE,TRUE,0.8306299787726054,"Chalkening: DePaul University banned the use of chalk on campus sidewalks after the College Republicans organized a chalking event where students wrote pro-Trump messages. Chalkening The Chalkening was a protest that occurred on university campuses across the United States in March and April 2016 in support of the presidential candidacy of Donald Trump. Those who promoted it included Students for Trump and the Trump campaign. This protest mainly took the form of chalk writing in public areas on campus with slogans such as ""Trump 2016"". This mass, chalk-based protest happened alongside an outpouring of media criticism of an incident at Emory",0.9924470397280284
predictions_K10_gpt-oss-20b.json,Massachusetts lawmakers weigh ‘Medicare for all’ bill.,TRUE,TRUE,0.9998925560949334,"Massachusetts health care reform: to operate an expanded Medicaid program. Under the existing waiver, the state was receiving $385 million in federal funds to reimburse hospitals for services provided to the uninsured. The free care pool had to be restructured so that individuals, rather than institutions, received the funding. Then-U.S. Senator Edward Kennedy (D-MA) made a special effort to broker a compromise between the Republican Governor and the Democratic State Legislature. In Fall 2005, the House and Senate each passed health care insurance reform bills. The legislature made a number of changes to Governor Romney's original proposal, including expanding MassHealth (Medicaid and SCHIP) coverage",0.9999824847925818
predictions_K10_gpt-oss-20b.json,"Dr. Leon Eisenberg, the ‘father’ of ADHD, said just before his death that ADHD ‘is a prime example of a fictitious disease.’",TRUE,TRUE,0.9400582466206415,"Leon Eisenberg: Leon Eisenberg Leon Eisenberg, (August 8, 1922 – September 15, 2009) was an American child psychiatrist, social psychiatrist and medical educator who ""transformed child psychiatry by advocating research into developmental problems"" He is credited with a number of ""firsts"" in medicine and psychiatry - in child psychiatry, autism, and the controversies around autism, randomized clinical trials (RCTs), social medicine, global health, affirmative action, and evidence-based psychiatry. Having retired in 1967 from Johns Hopkins Hospital Department of Child and adolescent psychiatry (he was the chairman of the department after Leo Kanner) and from Harvard Medical School in 1988, he continued as",0.8180246746885891
predictions_K10_gpt-oss-20b.json,China to ban smoking at indoor public places.,TRUE,TRUE,0.9999781717447149,"Smoking in China: in public and working places in the beginning of 2010; smoking may be prohibited in some places and violators may be fined up to 3000 yuan. Yang Tingzhong from Zhejiang University undertook campaigns and project sponsored by Bloomberg Global Initiative to ban smoking in university campuses at a nationwide scale. According to Medical News Today, seven provincial capitals in China are taking steps to ban smoking in workplaces and public places. The seven cities are Tianjin, Chongqing, Shenyang, Harbin, Nanchang, Lanzhou and Shenzhen. Although there are already some smoking bans in places in these cities, government officials have realized that",0.9999781811179649
predictions_K10_gpt-oss-20b.json,This Blood Test Could Help Predict If A Pregnancy Is At Risk For Premature Labor,TRUE,TRUE,0.9999965813106658,"Fetal fibronectin: A negative result means that there is little possibility of preterm labor within the next 7 to 10 days, and the test can be repeated weekly for women who remain at high risk. A negative fetal fibronectin says that a patient has less than 5% chance of giving birth in the next two weeks. A positive result is a less reliable indicator that a woman will go into preterm labor. A systematic review of the medical literature found that fetal fibronectin is a good predictor of spontaneous preterm birth before cervical dilation. The test may be run on patients between",0.9999972751871444
predictions_K10_gpt-oss-20b.json,VA will provide in-home care for Iraq veteran.,TRUE,TRUE,0.9999410113425754,"National Coalition for Homeless Veterans: problem but do not need to be hospitalized for an extended period of time. In addition to these programs, the NYSVA gives over 17 billion dollars a year to disabled veterans in need, which becomes the primary source of income for many veterans and enables them to combat homelessness. Three of the smaller programs available for homeless veterans are Inpatient and Outpatient Health Care, Readjustment Counseling Centers, and Outreach. Inpatient and Outpatient Health Care is simply the VA centers providing health services for veterans in-house. The Outpatient portion is provided by hospitals and clinics that can provide veterans out of",0.999994433846345
predictions_K10_gpt-oss-20b.json,"Chondroitin of little help for arthritis, study says",TRUE,TRUE,0.6873244470912747,"Chondroitin sulfate: of 2015 the largest trial conducted with the product was the Glucosamine and Chondroitin Arthritis Intervention Trial (GAIT), a double-blind, randomized, multicenter clinical trial sponsored by the US National Institutes of Health in 1583 people with knee osteoarthritis, which was published in the New England Journal of Medicine in 2006. Subjects were randomly assigned to one of five orally administered treatments: two 250 mg capsules of glucosamine hydrochloride three times daily, two 200 mg capsules of chondroitin sulphate three times daily, two capsules of 250 mg of glucosamine hydrochloride plus 200 mg of chondroitin sulphate three times daily, 200 mg",0.9789293832725081
predictions_K10_gpt-oss-20b.json,French foie gras makers worry as bird flu spreads in Europe.,TRUE,TRUE,0.9999903444675365,"Foie gras: producing 72% of world foie gras production of which 97% was from ducks. In 2015, it was reported that in France, sales of foie gras may be waning and an OpinionWay poll found that 47% of the French population supported a ban on force-feeding. In 2016, it was reported that France produces an estimated 75% of the world's foie gras and southwestern France produces approximately 70% of that total. In 2016, it can retail for upwards of $65 a pound. In late 2015, there were several outbreaks of the highly contagious H5N1 bird flu in France, which escalated during 2016.",0.9999923473447034
predictions_K10_gpt-oss-20b.json,"Half of all adults have a pre-existing condition"" that could affect their health care coverage.",TRUE,FALSE,7.455494621787717e-05,"Pre-existing Condition Insurance Plan: Pre-existing Condition Insurance Plan The Pre-existing Condition Insurance Plan (PCIP) is a form of health insurance coverage offered to uninsured Americans who have been unable to obtain coverage because of a pre-existing condition. It will provide coverage to as many as 350,000 people and fill the gap until the Affordable Care Act goes into effect in 2014. The plan has been funded by congress through the Department of Health and Human Services to monitor and distribute. States are either individually run or administered by HHS with 23 states and the District of Columbia. The plan is open through an Association",0.9999268306617176
predictions_K10_gpt-oss-20b.json,"An increase in documented cases of people ""scromiting"" (screaming while vomiting) is linked to chronic heavy marijuana use.",TRUE,TRUE,0.9999998779729019,"Medical cannabis: onset cannabis use over decades is associated with a decline in IQ by age 38, with no effects found in those who initiated cannabis use later, or in those who ceased use earlier in adulthood. There has been a limited amount of studies that have looked at the effects of smoking cannabis on the respiratory system. Chronic heavy marijuana smoking is associated with coughing, production of sputum, wheezing, coughing, and other symptoms of chronic bronchitis. Regular cannabis use has not been shown to cause significant abnormalities in lung function. Cannabis smoke contains thousands of organic and inorganic chemical compounds. This",0.9998998305751652
predictions_K10_gpt-oss-20b.json, Pro-life activists say Girl Scout cookie sales benefit Planned Parenthood and have called for a boycott.  ,FALSE,TRUE,0.9139600676199782,"Girl Scout Cookies: 25,000 boxes of cookies, breaking the record. Each Girl Scout council operates its own cookie sale. Approximately 70% of the proceeds stay in the local Girl Scout council to support Girl Scouting in that area, including a portion, approximately 15%, that goes directly to the group selling the cookies. The profits are divided by a formula, with local troops receiving about 10-15% of the retail price, the council more than 50%, and the manufacturer the remainder. In 1992 Girl Scouts sold 175 million boxes of cookies nationwide. Revenues at all levels are used to pay for events and activities for",0.9727081351019844
predictions_K10_gpt-oss-20b.json,Authorities in Kenya warned of a new outbreak of HPV that spreads through kissing and is deadlier than HIV/Aids.,FALSE,FALSE,0.21363653841672214,"Human papillomavirus infection: the developed world. Warts can be removed by freezing. HPV is the most common sexually transmitted infection globally. Most people are infected at some point in their lives. In 2012, about 528,000 new cases and 266,000 deaths occurred from cervical cancer worldwide. Around 85% of these occurred in the developing world. In the United States, about 27,000 cases of cancer due to HPV occur each year. About 1% of sexually active adults have genital warts. While cases of warts have been described since the time of ancient Greece, their viral nature was not discovered until 1907. Over 170 types of",0.9999957708670856
predictions_K10_gpt-oss-20b.json,FDA launching major anti-tobacco campaign aimed at youth.,TRUE,TRUE,0.9999776455204683,"Truth (anti-tobacco campaign): concept of uniting youth in a movement against tobacco companies promoted through grassroots advocacy and a youth-driven advertising campaign. In March 1998, student delegates at a meeting sponsored by Florida's Office of Tobacco Control voted to change the theme of the campaign to ""truth, a generation united against tobacco."" In April 1998, Florida launched a $25 million advertising campaign that included 33 television commercials, seven billboards, eight print ads and four posters. With a target audience of youth aged 12–17, the Florida ""truth"" campaign modeled their approach after commercial marketing to teens, and used messages that ""attacked the [tobacco] industry",0.9999820940229602
predictions_K10_gpt-oss-20b.json,There's a promising new HIV vaccine candidate in the pipeline,TRUE,TRUE,0.9999866109693564,"HIV/AIDS in China: an effective vaccine that can offer long-term protection against the wide spectrum of HIV variants that exist. Despite the fact that there are now more than 30 vaccine candidates in clinical trials (in the world), and three of these are in advance stage testing (phase IIb and phase III), many obstacles still lie in the way of the development of a truly effective HIV preventive vaccine. The genetic diversity of HIV presents an enormous challenge for researchers. And, because the virus has the ability to evade neutralizing antibodies produced by natural immunity, the standard vaccine strategy of mimicking natural infection",0.9999862981167792
predictions_K10_gpt-oss-20b.json,"In the Illinois Legislature, Barack Obama ""voted 'present,' instead of yes or no"" on seven votes involving abortion rights.",TRUE,FALSE,0.12637137243325228,"Alan Keyes: your respect for God's will, and I think that that's what I'm doing in Illinois"". Keyes, who opposes abortion in all cases ""except as an inadvertent result of efforts to save the mother's life"", said in a September 7, 2004 news conference that Jesus Christ would not vote for Obama because of votes that Obama—then a member of the Illinois Senate Judiciary committee and a lecturer in constitutional law at the University of Chicago Law School—cast in 2001 against a package of three anti-abortion bills that Obama argued were too broad and unconstitutional. The legislation, which provided ""that a live",0.993869075841474
predictions_K10_gpt-oss-20b.json,"Hillary Clinton threw a tantrum, and a water glass, after NBC's ""Commander-in-Chief"" Forum in September 2016.",FALSE,TRUE,0.6990610032440538,"Radio and Television Correspondents' Association: Clinton"""". In 1996, speaker Don Imus made coarse jokes about President Bill Clinton and Hillary Clinton, which White House Press Secretary Mike McCurry termed ""tasteless"". During the 2004 dinner, President George W. Bush mocked himself in a slideshow including images of him searching under furniture in the Oval Office for Iraqi weapons of mass destruction, which liberal commentator David Corn termed a ""callous and arrogant display"". In 2007, President George W. Bush attended the event for the third time, and JibJab premiered its latest satiric animation, ""What We Call The News"" On Tuesday, June 16, 2009, president Barack Obama and",0.9999951504699023
predictions_K10_gpt-oss-20b.json,"The Baucus health care bill ""could be used to ban guns in home self-defense.",FALSE,FALSE,0.29693396878293954,"Amanda Curtis: law. During a rally sponsored by Mayors Against Illegal Guns outside of the Montana State Capitol in August 2013, Curtis urged Montana's senior U.S. Senator Max Baucus to rethink his opposition to expanded background checks. She spoke about how gun violence has affected her own family and called for more action to be taken. During the 2013 session, Curtis was the primary sponsor for six bills that were not enacted. She was the primary sponsor of two bills that were passed and signed into law, HB 92 to remove public defender from certain court definitions, and HB 164, to revise",0.9998652945606157
predictions_K10_gpt-oss-20b.json,"As a student at Occidental College in Los Angeles from 1979 to 1981, ""there were days where folks couldn't go outside. … because of all the pollution in the air.",TRUE,TRUE,0.9822882914367543,"Indoor air pollution in developing nations: felt needs, cultural significance of food, and religious and cultural beliefs. Evidence of one successful government intervention was revealed by China who, between 1980 and 1995, disseminated 172 million improved cookstoves. This effort proved more successful due to the inclusion of local users, particularly women, who were involved in the design and fieldwork process. Children up to five years of age spend 90% of their time at home. Globally, 50% of pneumonia deaths among children under five years of age are due to particulate matter inhaled from indoor air pollution. Many homes around the world used solid fuels for cooking.",0.932001439827098
predictions_K10_gpt-oss-20b.json,Ed Garvey Says he has exposed plans by Wisconsin Gov. Scott Walker to push legislation that would allow the state to declare financial martial law and take over municipal governments.,FALSE,FALSE,0.19065035065667202,"2011 Wisconsin protests: repair bill, said board president Gary Williams, ""whatever we proposed will be consistent with the governor's repair bill."" Boycotts were implemented by opponents of Governor Walker's budget repair bill and other reforms by boycotting businesses whose executives had made political contributions to Walker. Boycotters said they wanted the companies to take a public position on Walker's bill, but some of the boycotted businesses did not do so. M&I Bank, one of the boycotted businesses, issued a statement that its employees contributed to both candidates in the last election. One labor union consortium consisting of the state's largest police and fire",0.9892166029212455
predictions_K10_gpt-oss-20b.json,Cancer risk seen with J&J foot gel: FDA.,TRUE,FALSE,0.444469019042231,"Johnson & Johnson: still went ahead and made the product available. In February 2016, J&J was ordered to pay $72 million in damages to the family of Jacqueline Fox, a 62-year-old woman who died of ovarian cancer in 2015: the company said it would appeal. By March 2017, over 1,000 U.S. women had sued J&J for covering up the possible cancer risk from its Baby Powder product; the company says that 70 percent of its Baby Powder is used by adults. In August 2017, a California jury ordered Johnson & Johnson to pay $417 million to a woman who claimed she developed ovarian",0.9565502277164093
predictions_K10_gpt-oss-20b.json,"“The NFL agreed to give the domestic terror group, BLM, 250 million dollars.”",FALSE,FALSE,0.34751116493093176,"Miles Austin: He signed a $3.168 million contract in June 2010 and his extension was worth $54 million, which brought the total value of his contract to $57 million. The team paid a very high first year salary ($17 million), by taking advantage that the NFL collective bargaining agreement wasn't renewed, and in the final year of the agreement there was no salary cap system in place. Even though the NFL initially approved the contract, in 2013 commissioner Roger Goodell would penalize the Cowboys by taking $10 million from the team's original $120.6 million salary cap space. With 10 catches in each",0.9709091882510378
predictions_K10_gpt-oss-20b.json,China heads into Lunar New Year on shutdown as virus spreads to Europe.,TRUE,FALSE,0.2498730707621599,"2009 flu pandemic by country: within two weeks were to be quarantined. On 2 May, the Chinese government suspended flights from Tijuana to Shanghai. Meanwhile, the Civil Aviation Administration of China assigned a charter to transport stranded Chinese visitors home. The first suspected case was reported on 10 May 2009. On 29 April the Food and Health Bureau of Hong Kong advised Hong Kong residents not to travel to Mexico unless absolutely necessary. The first case was a Mexican who arrived from Shanghai. The Bureau escalated the alert level from ""alert"" to ""serious"", which activated health protection measures in all ports of entry of Hong",0.9999940446622199
predictions_K10_gpt-oss-20b.json,"World must prepare for inevitable next flu pandemic, WHO says.",TRUE,TRUE,0.9999781456794302,"Bioterrorism: York Times"" report, the Gates Foundation predicted that a modern outbreak similar to the Spanish Influenza pandemic (which killed between 50 million and 100 million people) could end up killing more than 360 million people worldwide, even considering widespread availability of vaccines and other healthcare tools. The report cited increased globalization, rapid international air travel, and urbanization as increased reasons for concern. In a March 9, 2017 interview with CNBC, former U.S. Senator Joe Lieberman, who was co-chair of the bipartisan Blue Ribbon Study Panel on Biodefense, said a worldwide pandemic could end the lives of more people than a",0.9999779846446409
predictions_K10_gpt-oss-20b.json,"300,000 Floridians have lost their health insurance"" as a result of Obamacare.",FALSE,FALSE,2.2264934456764564e-05,"Patient Protection and Affordable Care Act: passed it by reconciliation on March 25, and Obama signed it on March 30. The law has caused a significant reduction in the number and percentage of people without health insurance. The CDC reported that the percentage of people without health insurance fell from 16.0% in 2010 to 8.9% from January to June 2016. The uninsured rate dropped in every congressional district in the U.S. from 2013 to 2015. The Congressional Budget Office reported in March 2016 that there were approximately 12 million people covered by the exchanges (10 million of whom received subsidies to help pay for insurance) and",0.9999781819634488
predictions_K10_gpt-oss-20b.json,Gene therapy shown to destroy leukemia tumors,TRUE,FALSE,0.4025382768567385,"Chemotherapy: a gene are produced by cancer cells. This overcomes the effect of drugs that reduce the expression of genes involved in replication. With more copies of the gene, the drug can not prevent all expression of the gene and therefore the cell can restore its proliferative ability. Cancer cells can also cause defects in the cellular pathways of apoptosis (programmed cell death). As most chemotherapy drugs kill cancer cells in this manner, defective apoptosis allows survival of these cells, making them resistant. Many chemotherapy drugs also cause DNA damage, which can be repaired by enzymes in the cell that carry",0.9733123936529922
predictions_K10_gpt-oss-20b.json,"Of the top five cities for staged automobile accidents, three are in Florida. … We rank No. 1 in the country in staged auto accidents.",TRUE,TRUE,0.874865948921642,"Transportation in South Florida: 2011, all four of the most dangerous metropolitan areas or pedestrians in the United States were in Florida, with Miami-Fort Lauderdale coming in fourth, having a Pedestrian Danger Index five times greater than the New York City metropolitan area based on 2008–2012 data. Additionally, many motorists are acquitted or receive minor punishments for crimes such as DUI vehicular manslaughter and other reckless driving incidents. In 2009, the city commission approved the new Miami 21 zoning policy that was considered a landmark example of New Urbanism, winning then-Mayor Miami Diaz the 2009 American Architectural Foundation's Keystone Award for taking on Miami",0.9999979355577764
predictions_K10_gpt-oss-20b.json,Today’s marijuana is 300 percent to 800 percent more potent than the pot of yesteryear.,TRUE,FALSE,0.0001241968371973863,"Cannabis (drug): high as 20%. The average THC level in coffee shops in the Netherlands is about 18–19%. The price or street value of cannabis varies widely depending on geographic area and potency. In the United States, cannabis is overall the number four value crop, and is number one or two in many states including California, New York and Florida, averaging . Some believe it generates an estimated $36 billion market. Some have argued that this estimate is methodologically flawed, and makes unrealistic assumptions about the level of marijuana consumption. Other estimates claiming to correct for this flaw claim that the market",0.9999982696065401
predictions_K10_gpt-oss-20b.json,Pedestrian finds baby alive in bag along Indiana roadway.,TRUE,TRUE,0.6033858239323616,"Purvi Patel: a paper bag and placed it in a dumpster behind a Target store"". ""Because '[i]t was a warm night and based on the size of the umbilical cord[,]' Dr. McGuire 'thought that [they] could find a baby that was far enough along that could still be alive' and left the hospital to search for it"". ""Officers searched dumpsters in that area and finally found the plastic bag containing Patel's baby at 12:06 a.m."" The prosecution alleged that the miscarriage had been caused by an abortifacient per her documented text messages exchanged with her friend, even though doctors found no trace",0.9333134410125694
predictions_K10_gpt-oss-20b.json,"Flashing night-lights may help lessen jet lag, circadian problems",TRUE,TRUE,0.9999010512980394,"Circadian rhythm: NTSB cites this as contributing to many accidents and has conducted several research studies in order to find methods of combating fatigue in pilots. Disruption to rhythms usually has a negative effect. Many travelers have experienced the condition known as jet lag, with its associated symptoms of fatigue, disorientation, and insomnia. A number of other disorders, for example bipolar disorder and some sleep disorders such as delayed sleep phase disorder (DSPD), are associated with irregular or pathological functioning of circadian rhythms. Disruption to rhythms in the longer term is believed to have significant adverse health consequences on peripheral organs outside",0.9999050962568533
predictions_K10_gpt-oss-20b.json,"Cavs’ Love discloses bouts with panic attacks, mental health.",TRUE,TRUE,0.9640466054883156,"Virginia Cavaliers women's lacrosse: charged with second-degree murder. He was sentenced to prison in 2012 and is scheduled to be released in 2029. In September 2010, Love's family created the One Love Foundation, which aims to raise awareness about relationship violence. Reference: Reference: Reference: The Cavaliers have appeared in 31 NCAA tournaments. Their postseason record is 36-28. Virginia Cavaliers women's lacrosse The Virginia Cavaliers women's lacrosse team is a NCAA Division I college lacrosse team representing the University of Virginia as part of the Atlantic Coast Conference. They play their home games at Klöckner Stadium in Charlottesville, Virginia. In its over 40-year history, Virginia",0.9999216868361225
predictions_K10_gpt-oss-20b.json,"Tests show King Tut died from malaria, study says.",TRUE,TRUE,0.6250198106004039,"Tutankhamun: in his system, leading to the belief that malaria and Köhler disease II combined led to his death. In June 2010, German scientists said they believed there was evidence that he had died of sickle cell disease. Other experts, however, rejected the hypothesis of homozygous sickle cell disease based on survival beyond the age of 5 and the location of the osteonecrosis, which is characteristic of Freiberg-Kohler syndrome rather than sickle-cell disease. Research conducted in 2005 by archaeologists, radiologists, and geneticists, who performed CT scans on the mummy, found that he was not killed by a blow to the head,",0.9999915241829566
predictions_K10_gpt-oss-20b.json,NH to apply for Medicaid waiver on mental health treatment.,TRUE,TRUE,0.7498932314999964,"Mental health reform in North Carolina: stakeholders to create a more responsive system of community care."" The vision of this policy is ""Responsible Change to Achieve Easy Access, Better Quality and Personal Outcomes."" The appeal of the 1915 (b)(c) Waiver Program is that annual Medicaid expenditures can be more accurately budgeted and managed based on a formula. Under the Waiver, the State would determine a per member per month amount (known as capitation) to be paid to the public authority designated by the NC Department of Health and Human Services (DHHS) Division of Medical Assistance (DMA), the State's Medicaid Agency. The capitation would be based on",0.9999022191590318
predictions_K10_gpt-oss-20b.json,"Steve Scalise Says Ady Barkan asked Joe Biden, “Do we agree that we can redirect some of the funding for police?”",FALSE,FALSE,2.19835674528462e-05,"Louise Haigh: concerned that forcing police to find more to pay for police pensions out of their general budget leaves less money for the police to protect the public. Haig stated, “Forcing the police at the last minute to bear the huge cost of pension changes demonstrates the utter failure of ministers to grasp the crisis in policing caused by their cuts. They have played fast and loose with public safety and the police are right to step up and take action.” (Police chiefs are suing the government over changes to pension funding) Haig also feels it is wrong that the police",0.9999967567792468
predictions_K10_gpt-oss-20b.json,"Taiwan's carrot-and-stick approach to virus fight wins praise, but strains showing.",TRUE,TRUE,0.9697362921144816,"Carrot yellow-leaf virus: other carrots in the patch. Using pesticides to kill aphids or nets to trap them will also limit the spread of the virus to other patches. For classifying the Carrot yellow-leaf virus, the Baltimore system and the International Committee of Taxonomy of Viruses system classifies this virus as closteroviridae, or a closterovirus. The +ssRNA genome is 15.5 to 19.3 kb, contains a 3’ terminus, and does not have a poly(A) tract. The 5’ terminus commonly has a methylated nucleotide cap. The virus genome is 1250-2200 nm in length and 10-13 nm in diameter. In order to replicate, the carrot yellow",0.9990042366145697
predictions_K10_gpt-oss-20b.json, Doors frontman Jim Morrison has been found alive in Paris more than 45 years after he supposedly died there. ,FALSE,FALSE,5.181559304977623e-06,"Jim Morrison: Jim Morrison James Douglas ""Jim"" Morrison (December 8, 1943 – July 3, 1971) was an American singer, songwriter and poet, best remembered as the lead vocalist of the rock band The Doors. Due to his poetic lyrics, distinctive voice, wild personality, performances, and the dramatic circumstances surrounding his life and early death, Morrison is regarded by music critics and fans as one of the most iconic and influential frontmen in rock music history. Since his death, his fame has endured as one of popular culture's most rebellious and oft-displayed icons, representing the generation gap and youth counterculture. Morrison co-founded the",0.9999948262283201
predictions_K10_gpt-oss-20b.json,Michigan native set to become state’s new state veterinarian.,TRUE,FALSE,0.00010776178190212726,"Michigan State University: veterinary science since its founding, the College of Veterinary Medicine was not formally established as a four-year, degree-granting program until 1910. In 2011, the Michigan State University College of Veterinary Medicine was ranked No. 9 in the nation. The college has over of office, teaching, and research space, as well as a veterinary teaching hospital. In recent years, MSU's music program has grown substantially. Music major enrollment increased more than 97% between 1991 and 2004. In early 2007, this growth led the university board of trustees to spin the music program off into its own college unit: The MSU College",0.9999824520512468
predictions_K10_gpt-oss-20b.json,"Choose Omega-3s from fish over flax for cancer prevention, study finds",FALSE,FALSE,0.06390843756203227,"Dietary supplement: affect the risk of death, cancer or heart disease. Furthermore, studies of fish oil supplements have failed to support claims of preventing heart attacks or strokes. In 2017, the American Heart Association issued a science advisory stating that it could not recommend use of omega-3 fish oil supplements for primary prevention of cardiovascular disease or stroke, although it reaffirmed supplementation for people who have a history of coronary heart disease. Dietary supplements can be manufactured using intact sources or extracts from plants, animals, algae, fungi or lichens, including such examples as ginkgo biloba, curcumin, cranberry, St. John’s wort, ginseng, resveratrol,",0.7988064457848103
predictions_K10_gpt-oss-20b.json,Study: Stroke deaths higher where fried fish aplenty,TRUE,TRUE,0.8503220238298678,"Fish as food: consume fish that have been farmed. A 1999 metastudy combined data from five studies from western countries. The metastudy reported mortality ratios, where lower numbers indicated fewer deaths, for pescetarians to be 0.82, vegetarians to be 0.84, occasional meat eaters to be 0.84. Regular meat eaters and vegans shared the highest mortality ratio of 1.00. However, the ""lower mortality was due largely to the relatively low prevalence of smoking in these [vegetarian] cohorts"". Religious rites and rituals regarding food also tend to classify the birds of the air and the fish of the sea separately from land-bound mammals. Sea-bound mammals",0.9990564173108031
predictions_K10_gpt-oss-20b.json,Blue-green algae (known scientifically as cyanobacteria) are capable of poisoning dogs and other pets. ,TRUE,TRUE,0.7489871862430412,"Florida Bay: the bay bottom leads to anoxia and in turn, algal blooms. Blue-green algae causes numerous severe health consequences for the marine ecosystem as well surrounding human populations. Blooms result in reduced dissolved oxygen concentrations, alterations in aquatic food webs, algal scum lining the shores, the production of compounds that cause distasteful drinking water and fish flesh, and the production of toxins severe enough to poison aquatic as well as terrestrial organisms. Blooms have been reported throughout the continental United States, and resulting cyanotoxins have been associated with human and animal illness and death in at least 43 states. Most cyanobacteria",0.9999523269692993
predictions_K10_gpt-oss-20b.json,Stem Cell Research: The Quest Resumes,TRUE,TRUE,0.9999951313623789,"MIRA procedure: stem cells for breast reconstruction after mastectomy as long as there is no evidence of cancer. In the year 2002 the UCLA under direction of Dr. Marc H. Hedrick M.D. started research on possible applications of Adult stem cells generating positive results. Opting for research on Adult stem cells rather than Embryonic stem cells resulted amidst the stem cell controversy that involve diverse ethical concerns and religious groups, most prominently the Catholic Church. Embryonic stem cells till this day are frowned upon many for the implication of the destruction of human embryos, yet the progress of adult stem cells has",0.9919961595319055
predictions_K10_gpt-oss-20b.json,Judge blocks NY ban on flavored vaping products.,TRUE,TRUE,0.8541826526472518,"Scott Gottlieb: cigars, declaring, “I will not allow a generation of children to become addicted to nicotine through e-cigarettes,” FDA Commissioner Scott Gottlieb announced “most flavored e-cigarette liquids would be banned from stores unless they have stringent age-verification measures in place. Fruity and creamy flavors that appeal to children will disappear from open convenience store shelves. Users will have to enter specialized vaping shops or tobacco stores to get flavors other than mint, menthol and tobacco. Other stores can sell additional flavors but only if they have separate, age-controlled rooms dedicated to their sale. Web sales, too, will require more extensive age-checking",0.9994069903268534
predictions_K10_gpt-oss-20b.json,Wisconsin woman to celebrate 100th birthday.,TRUE,FALSE,0.42907471629120125,"Kathy Evers: to mobilize women voters. Kathy Evers Kathleen F. ""Kathy"" Evers (born 1950) is the First Lady-designate of Wisconsin, serving alongside her husband, Governor-elect of Wisconsin Tony Evers. Evers grew up in Plymouth, Wisconsin. Evers met her future husband in kindergarten; their first date was the junior prom. They have lived in Wisconsin for nearly their entire lives. Evers has three children and seven grandchildren. Evers is a retired educator. Upon her husband's inauguration on January 7, 2019, Evers will begin serving in the role of First Lady of Wisconsin. During the 2018 election, Evers led a ""Women for Tony"" task",0.9085441799576212
predictions_K10_gpt-oss-20b.json,Eating watermelon could lower your blood pressure,FALSE,TRUE,0.9999999993750355,"Prehypertension: fruits and vegetables (aim for half of your meal including non-starchy vegetables, like leafy greens, beans, carrots, cucumbers, tomatoes, etc.), whole grains, low in refined grains (e.g., white breads and baked goods made from white flour), low in saturated fats ( e.g., fatty cuts of meat or fried foods) and low in sodium (homemade or minimally processed) have been demonstrated through randomized controlled studies to significantly lower blood pressure. These types of diet changes alone can lower blood pressure greater than any single drug therapy. The effects of both diet and sodium reduction work together, meaning the more you improve",0.9999999996531403
predictions_K10_gpt-oss-20b.json,"President Barack Obama ""said over 20 times he did not have the legal authority"" to act as he did on immigration.",TRUE,FALSE,0.4013569961723479,"United States v. Texas: as much of our immigration system as I can on my own, without Congress.” Over the next eight months the Obama Administration went through sixty iterations of different possible executive actions. Finally, on November 20, 2014, President Obama delivered a primetime televised address to the nation announcing DAPA. The Office of Legal Counsel advised that the program was constitutional, finding it was similar to President George H. W. Bush’s 1990 ""Family Fairness"" program. Homeland Security Secretary Jeh Johnson then released two memorandums directing the U.S. Immigration and Customs Enforcement to make aliens without criminal histories the lowest priority for removal,",0.7800364823625
predictions_K10_gpt-oss-20b.json,FDA approves irritable bowel drug.,TRUE,TRUE,0.5538304374553954,"Alosetron: the approval of a supplemental New Drug Application (sNDA) that allows restricted marketing of Lotronex (alosetron hydrochloride), to treat only women with severe diarrhea-predominant irritable bowel syndrome (IBS). The strict prescribing guidelines initially introduced in 2002 were relaxed slightly in 2016, enabling electronic prescriptions among other benefits. It is not known whether alosetron has been filed for registration in the EU. GSK sold ""Lotronex"" to the Californian corporation Prometheus in late 2007. Since 2015, generic versions of alosetron have been available in the US, sold by a number of different companies including Actavis Pharma Company, Prometheus Laboratories and Sebela Pharmaceuticals",0.9820620629749701
predictions_K10_gpt-oss-20b.json,Certain diabetes drugs found to double bone fracture risk in women,TRUE,TRUE,0.9999885673882484,"Bone: called ""postmenopausal osteoporosis"", but may develop in men and premenopausal women in the presence of particular hormonal disorders and other chronic diseases or as a result of smoking and medications, specifically glucocorticoids. Osteoporosis usually has no symptoms until a fracture occurs. For this reason, DEXA scans are often done in people with one or more risk factors, who have developed osteoporosis and are at risk of fracture. Osteoporosis treatment includes advice to stop smoking, decrease alcohol consumption, exercise regularly, and have a healthy diet. Calcium and trace mineral supplements may also be advised, as may Vitamin D. When medication is",0.9999934832548032
predictions_K10_gpt-oss-20b.json,“The CDC may have to stop calling COVID-19 an ‘epidemic’ due to a remarkably low death rate.”,FALSE,TRUE,0.9331544921331908,"Marburg virus disease: or alopecia. Importantly, MARV is known to be able to persist in some survivors and to either reactivate and cause a secondary bout of MVD or to be transmitted via sperm, causing secondary cases of infection and disease. Of the 252 people who contracted Marburg during the 2004–2005 outbreak of a particularly virulent serotype in Angola, 227 died, for a case fatality rate of 90%. Although all age groups are susceptible to infection, children are rarely infected. In the 1998–2000 Congo epidemic, only 8% of the cases were children less than 5 years old. MVD was first documented in 1967,",0.9701877417217145
predictions_K10_gpt-oss-20b.json,President Obama was arrested in Japan in connection with the seizure of massive amounts of cocaine on his yacht.,FALSE,TRUE,0.7467615354249424,"Akbar Pray: of his subordinates were indicted under the federal drug kingpin statute. He was arrested in Boca Raton, Florida by federal authorities, accused of leading an organized cocaine and marijuana trafficking enterprise. Federal officials estimated that his organization distributed 341 kilos of cocaine and 354 kilos of marijuana in less than two years, grossing more than $4.5 million annually. Pray allegedly traveled throughout the United States, making deals and arranging for transportation of narcotics. He also traveled to Colombia and the West Indies to purchase his supply of cocaine. His seven-month trial consisted of the testimony of 126 ""document"" witnesses, being",0.9995223100025475
predictions_K10_gpt-oss-20b.json,Medicare 5-year cancer bill tops $21.1 bln: study.,TRUE,FALSE,5.5317056502674505e-06,"Carolyn Maloney: would be expanded to cover care for a variety of cancers of the lung, trachea, stomach, colon, rectum, liver, bladder, kidney, thyroid and breast. In 2015 when roughly 33,000 responders and survivors were battling an assortment of ailments, Maloney led the effort to extend the bill permanently. After a prolonged and very public push, a total of $8.5 billion in funding was included in the Omnibus Spending bill that was passed in Dec. of 2015 and extended the life of the monitoring and health insurance coverage for 75 years. In the 111th Congress, Maloney introduced ""The Breastfeeding Promotion Act"" to",0.9999946324134263
predictions_K10_gpt-oss-20b.json,Rhode Island law aims to prevent suicides at public colleges.,TRUE,TRUE,0.8084621039347298,"2015–2017 youth suicides in Hong Kong: Enhancing support from social workers (e.g. ensuring there is at least one social worker and one counsellor in each school); (3) Enhancing School-based Educational Psychology Service (Chinese: 校本教育心理服務); (4) Reform of education system, e.g. abolish Territory-wide System Assessment.<ref name=""https://www.hkptu.org/31136"">HKPTU. (8th Nov, 2016). 教協會評《防止學生自殺委員會最終報告》不投入資源 不改善人手 不檢討制度 空談防止學童自殺</ref> In 2017, the Civil Alliance for Student Suicide Prevention publicised a survey that indicated public support for capping the number of hours spent studying each day to 7 hours. Lai Pak-yin, the spokesperson from the Civil Alliance for Student Suicide Prevention argues that excessive studying can have a harmful effect on family relationships. Therefore,",0.7151534267856934
predictions_K10_gpt-oss-20b.json,"In Iran in 1979, the extremists hijacked the broad-based popular revolution against the Shah and established a brutal theocracy.",TRUE,TRUE,0.7499798655631099,"History of Islam: constitutional monarchy to a populist theocratic Islamic republic under the rule of Ayatollah Ruhollah Khomeini, a Shi'i Muslim cleric and ""marja"". Following the Revolution, and a new constitution was approved and a referendum established the government, electing Ruhollah Khomeini as Supreme Leader. During the following two years, liberals, leftists, and Islamic groups fought each other, and the Islamics captured power. The development of the two opposite fringes, the Safavid conversion of Iran to Shia Islam the Twelver Shia version and its reinforcement by the Iranian Revolution and the Salafi in Saudi Arabia, coupled with the Iran–Saudi Arabia relations resulted in",0.9999012260985374
predictions_K10_gpt-oss-20b.json,Folic acid tied to better grades in Swedish teens,TRUE,TRUE,0.7765199506247203,"Folate: country. These data indicate that since the addition of folic acid in grain-based foods as mandated by the FDA, the rate of neural tube defects dropped by 25% in the United States. Before folic acid fortification, about 4,100 pregnancies were affected by a neural tube defect each year in the United States. After fortification, this number declined to around 3,000. When the U.S. Food and Drug Administration set the folic acid fortification regulation in 1996, the projected increase in folic acid intake was 100 µg/d. Mandatory fortification began 1 January 1998. The U.S. National Center for Health Statistics conducts biannual",0.9969398883556074
predictions_K10_gpt-oss-20b.json,Older emphysema drug linked to heart deaths.,TRUE,TRUE,0.9083404474982079,"Heart failure: with the exception of mineralocorticoid antagonists such as spironolactone. Mineralocorticoid antagonists in those under 75 years old appear to decrease the risk of death. A recent Cochrane review found that in small studies, the use of diuretics appeared to have improved mortality in individuals with heart failure. However, the extent to which these results can be extrapolated to a general population is unclear due to the small number of participants in the cited studies. Anemia is an independent factor in mortality in people with chronic heart failure. The treatment of anemia significantly improves quality of life for those with heart",0.9989461845805547
predictions_K10_gpt-oss-20b.json,We reduced abortion. We increased adoptions by 135 percent.,FALSE,TRUE,0.9999938672208135,"Unintended pregnancy: of 5 to 6 abortions per 1,000 women. US birth rates declined in the 1970s. Factors that are likely to have led to this decline include: The introduction of the birth control pill in 1960, and its subsequent rapid increase in popularity; the completion of legalization of contraceptives in the 1960s and early 1970s; the introduction of federal funding for family planning in the 1960s and Title X in 1970; increased career and educational gains for women and its consequence of increased opportunity costs; and the legalization of abortion, which was completed in 1973. The decline in the birth rate",0.9999900456951607
predictions_K10_gpt-oss-20b.json,"After discovering a doomsday asteroid was approaching Earth, world leaders created the COVID-19 pandemic in an effort to distract the world population and force everyone to spend time with their families during Earth's final days. ",FALSE,TRUE,0.8131955054248401,"Birth of an Age: John and Cohen speaking prophecies about the plagues, quickly gain the world's attention. They become despised, being recognized as the harbingers of destruction, and they are blamed for the plagues. Three asteroids are discovered, one of which is on a collision course with Earth. The UN launches a series of nuclear missiles at the asteroid in order to deflect or destroy the asteroid. The other two asteroids shift trajectories to a collision course with Earth. The first asteroid passes through Earth's atmosphere almost parallel to the ground, but close enough to cause incredible amounts of damage due to the force",0.9721270571911422
predictions_K10_gpt-oss-20b.json,Brain-dead Canadian woman kept on life support to save fetus.,TRUE,FALSE,0.4998898816768233,"Maternal somatic support after brain death: Maternal somatic support after brain death Maternal somatic support after brain death occurs when a brain dead patient is pregnant and her body is kept alive to deliver a fetus. It occurs very rarely internationally. Even among brain dead patients, in a U.S. study of 252 brain dead patients from 1990–96, only 5 (2.8%) cases involved pregnant women between 15 and 45 years of age. In the 28-year period between 1982 and 2010, there were ""30 [reported] cases of maternal brain death (19 case reports and 1 case series)."" In 12 of those cases, a viable child was delivered via",0.9999725972379525
predictions_K10_gpt-oss-20b.json,A woman sought medical help to remove a deer tongue she had used for self-pleasuring purposes.,TRUE,FALSE,0.16416430274018226,"Bessie Dunlop of Lynn: """"scored abune the breath"""", that is being slashed with a knife above the mouth as a form of torture used on witches and that other tortures may have been used. She does not seem to have benefited financially from the help that she gave people although gifts of food are noted such as """"a peck of meal and some cheese"""". Bessie had various clients from the aristocracy and merchant class, none of whom came to her assistance at her trial. The Laird of Stanely's wife, daughter of Lady Johnstone sought Bessie’s assistance when her daughter became ill and Bessie prepared",0.9114202527612378
predictions_K10_gpt-oss-20b.json,Trump backs Fla. plan to import lower-cost meds from abroad.,TRUE,TRUE,0.5873187910872005,"Political positions of Donald Trump: drug market. In the same document, Trump acknowledged that mental health care in the U.S. is often inadequate but offered no immediate solution to the problem, instead stating that ""there are promising reforms being developed in Congress."" Trump also emphasized the removal of market entry barriers for drug providers and improved access to imported medication corresponding to safety standards. Explaining how he would address the problem of ensuring the people that would lose their insurance coverage if Obamacare were repealed, Trump said, ""We have to come up, and we can come up with many different plans. In fact, plans you",0.7708917092071729
predictions_K10_gpt-oss-20b.json,"Debbie Wasserman Schultz Says Gov. Rick Scott ""cut nearly $1 million from mosquito control and closed down the state’s mosquito research lab a few years ago.",FALSE,TRUE,0.9618663012158309,"Genetically modified organism: Florida Keys Mosquito Control District has achieved only 30–60% population reduction with traps and pesticide spraying. In 2016 FDA approved a genetically modified mosquito intervention for Key West, Florida. UK firm Oxitec proposed the release of millions of modified male (non-biting) mosquitoes to compete with wild males for mates. The males are engineered so that their offspring die before maturing, helping to eradicate mosquito-borne disease. Final approval was to be based on a local referendum to be held in November. Andrea Crisanti, a molecular biologist at Imperial College in London is working on ways to stop the A. gambiae mosquito",0.9606721549263852
predictions_K10_gpt-oss-20b.json,Airlines rush to boost demand as coronavirus shreds playbook for crisis management.,TRUE,FALSE,0.13608060379138612,"Coronaviridae: fact multidomain proteins themselves, thus further increasing the complexity of protein functions and interactions. Structural studies suggest that several nsps, following their release from larger precursor molecules, form dimers or even multimers. The various pp1a/pp1ab precursors and processing products are thought to assemble into large, membrane-associated complexes that, in a temporally coordinated manner, catalyze the reactions involved in RNA replication and transcription and, it is presumed, serve yet other functions in the viral life cycle. Coronaviruses also exhibit ribosomal frameshifting and polymerase stuttering as part of their complex replicative cycle. In common with the genomes of all other RNA viruses,",0.7889470642973773
predictions_K10_gpt-oss-20b.json,  A photo shows a weasel riding on the back of a woodpecker in flight.   ,TRUE,TRUE,0.5000612319146044,"Ivory-billed woodpecker: dorsal surfaces of the wings are also consistent with ivory-billed but not pileated woodpecker. Avian artist Julie Zickefoose analyzed the 2006 video and commented on the ""rared-back pose, long but fluffy and squared-off crest, and extremely long, erect head and neck"" and an unusual short flight that does not seem to be consistent with a pileated woodpecker. A size comparison was carried out using part of the tree in which the bird in the 2006 video was perched. Two forks made it possible to scale frames from the video relative to a photo of a pileated woodpecker specimen that was",0.9999915987186668
predictions_K10_gpt-oss-20b.json,"During wartime, the Seal of the President of the United States is modified so that the eagle's head faces the opposite direction.",FALSE,FALSE,0.280019051084397,"Seal of the President of the United States: that the seal had never had an official definition, meaning there was also no explanation for the eagle facing to its left instead of the typical heraldic custom of having such figures face to their right (""dexter""), which is considered the honorable side. Therefore, he recommended changing the direction the eagle faced, and provided an illustration along with a suggested blazon to be used in an official description. Truman agreed with most of these suggestions, additionally liking that the eagle would now face towards the olive branches (which he felt was symbolic of a nation on the march and dedicated",0.9999849948947742
predictions_K10_gpt-oss-20b.json,New study: The flu vaccine is 'significantly associated' with an increased risk of coronavirus,FALSE,TRUE,0.5837835832910091,"Influenza vaccine: risks are mild and temporary when compared to the risks and severe health effects of the annual influenza epidemic. Flu vaccination may lead to side effects such as runny nose and sore throat, which can last for up to several days. Although Guillain–Barré syndrome had been feared as a complication of vaccination, the CDC states that most studies on modern influenza vaccines have seen no link with Guillain–Barré. Infection with influenza virus itself increases both the risk of death (up to 1 in 10,000) and increases the risk of developing Guillain–Barré syndrome to a far higher level than the highest",0.9146788761285402
predictions_K10_gpt-oss-20b.json,UK Supreme Court hears attempt to change Northern Ireland abortion law.,TRUE,TRUE,0.954706469385481,"Northern Ireland law: the Institute of Professional Legal Studies at Queen's University Belfast and the Graduate School for Professional Legal Education at Ulster University. The 1967 Abortion Act does not apply in Northern Ireland. This situation led the Northern Ireland Human Rights Commission to take judicial proceedings which led to a decision in 2015 that Northern Ireland's abortion regime violated Article 8 of the European Convention on Human Rights as it failed to allow for termination in cases of fatal foetal abnormality or when pregnancy was due to a sexual offence. As to the mens rea for murder, see section 8 of the",0.9999995278924898
predictions_K10_gpt-oss-20b.json,A Texas girl required surgery after she swallowed part of a fidget spinner while cleaning it.,TRUE,FALSE,0.4971481991816859,"Neodymium magnet toys: rulemaking brought forth by Zen Magnets LLC of Colorado. The new magnet safety rule requests that CPSC promulgate a mandatory safety standard that includes the following: The swallowing of small magnets such as neodymium magnetic spheres can result in intestinal injury requiring surgery. The magnets attract each other through the walls of the stomach and intestine, perforating the bowel. The Centers for Disease Control reported 33 cases requiring surgery and one death. The magnets have been swallowed by both toddlers and teens (who were using the magnets to pretend to have tongue piercings). Defenders of the toy say that the",0.9795036649352055
predictions_K10_gpt-oss-20b.json,"Releasing inmates, screening staff: U.S. jails and prisons rush to limit virus risks.",TRUE,TRUE,0.5001051984597316,"Infectious diseases within American prisons: within prisons is a concern because they pose a potential public health risk. When prisoners are released, they may continue the same behaviors, thereby increasing the chances of the disease spreading to outside communities. The ""Western Journal of Medicine"" estimates the prevalence and predictors of HCV infection among inmates of California by conducting a system wide survey. Findings concluded that HCV infection appears most common in men and women entering prison, displaying prevalence of anti-HCV positive highest among white males and Latina women. Limited testing for hepatitis C virus (HCV) in three North Carolina jails have shown a prevalence rate",0.9999786111956518
predictions_K10_gpt-oss-20b.json,Five minutes in the green can boost self esteem.,TRUE,TRUE,0.9999814225323836,"Green exercise: improved self-esteem and mood, however the greatest improvements were experienced from environments where water was present. Similarly all cohorts of participants experienced improvements in self-esteem and mood, however those suffering from mental illness experienced the greatest increases in self-esteem. Vulnerable groups The outcomes of the meta-analysis by Barton and Pretty indicated that green exercise may have therapeutic applications. This has led to the idea of Green Care. Green Care comprises all types of therapeutic green exercise activities including social and therapeutic horticulture, animal assisted interventions, ecoptherapy, facilitated green exercise, wilderness therapy and care farming. There has been extensive research into",0.999982314018624
predictions_K10_gpt-oss-20b.json,Dutch teen author Noa Pothoven was voluntarily euthanized.,FALSE,FALSE,0.01354859553992859,"Voluntary euthanasia: most famous author Hugo Claus, suffering from Alzheimer's disease, was among those that asked for euthanasia. He died in March 2008, assisted by an Antwerp doctor. A key turning point in the debate over voluntary euthanasia (and physician assisted dying), at least in the United States, was the public furor over the Karen Ann Quinlan case. The Quinlan case paved the way for legal protection of voluntary passive euthanasia. In 1977, California legalized living wills and other states soon followed suit. In 1980 the Hemlock Society USA was founded in Santa Monica by Derek Humphry. It was the first group",0.999615197598937
predictions_K10_gpt-oss-20b.json,Human virus linked to mountain gorilla deaths.,TRUE,TRUE,0.9999946461181303,"Ebola virus disease: such books admitted that they lacked medical credentials and were not technically qualified to give medical advice. The World Health Organization and the United Nations stated that such misinformation had contributed to the spread of the disease. Ebola has a high mortality rate among primates. Frequent outbreaks of Ebola may have resulted in the deaths of 5,000 gorillas. Outbreaks of Ebola may have been responsible for an 88% decline in tracking indices of observed chimpanzee populations in the 420 km Lossi Sanctuary between 2002 and 2003. Transmission among chimpanzees through meat consumption constitutes a significant risk factor, whereas contact between",0.9999947495896598
predictions_K10_gpt-oss-20b.json,"Hilary Rosen Says Chris Christie ""vetoed Planned Parenthood funding five times over the course of his governorship.",TRUE,TRUE,0.9746266843542516,"Governorship of Chris Christie: over New Jersey's state budget for the 2012 fiscal year starting July 1, 2011, began in February 2011. Governor Christie vetoed 14 bills on February 21, 2011, which were intended to promote economic growth and job creation and were passed by the New Jersey State Assembly earlier in the month. Christie justified his vetoes by stating that the bills failed to pay for themselves, while Assembly Democrats replied that the bills would not have cost money immediately, and that their funding could have been addressed at a later date. Christie followed up by announcing that his own budget would be",0.8997088341378661
predictions_K10_gpt-oss-20b.json,Program Cut Catheter-Associated Urinary Tract Infections,TRUE,TRUE,0.9999009634427442,"Catheter-associated urinary tract infection: Catheter-associated urinary tract infection Catheter-associated urinary tract Infection, or CAUTI, is a urinary tract infection associated with urinary catheter use. A number of combined practices such as improved hand hygiene, enhanced barrier protection and reduced catheter use when managing incontinence appear to reduce CAUTI. Urinary catheters should be inserted using aseptic technique and sterile equipment (including sterile gloves, drape, sponges, antiseptic and sterile solution), particularly in an acute care setting. Although catheter use should be minimized in all patients, particularly those at higher risk of CAUTI and mortality (e.g. the elderly or those with impaired immunity), a meta analysis suggests",0.9999012415499597
predictions_K10_gpt-oss-20b.json,New Mexico land boss concerned about border wall work.,TRUE,TRUE,0.705202323358173,"Executive Order 13767: states on the U.S.–Mexico border, are strongly opposed to the construction of a wall, citing its massive cost and logistical difficulties, and saying that the wall would not be effective. Tony Estrada, a member of the Coalition and the longtime sheriff of the border county of Santa Cruz County, Arizona, has emerged as an outspoken critic of Trump's border wall proposal, saying that the wall will not stymie drug cartel violence fueled by demand for drugs in the U.S. A February 2017 study conducted by the Pew Research Center found that ""[a]s was the case throughout the presidential campaign, more",0.9645038483186659
predictions_K10_gpt-oss-20b.json,Chronic wasting disease found in buck on Winona County farm.,TRUE,FALSE,0.1666540431660032,"Chronic wasting disease: Chronic wasting disease Chronic wasting disease (CWD) is a transmissible spongiform encephalopathy (TSE) of mule deer, white-tailed deer, elk (or ""wapiti""), moose, and caribou. As of 2016, CWD had been found in members of the deer family only. First recognized as a clinical ""wasting"" syndrome in 1967 in mule deer in a wildlife research facility in northern Colorado, USA, it was identified as a TSE in 1978 and has spread to free-ranging and captive populations in 23 US states and two Canadian provinces. CWD is typified by chronic weight loss leading to death. No relationship is known between CWD and",0.9999781824372339
predictions_K10_gpt-oss-20b.json,"In an impoverished Chilean suburb, a recycling drive flourishes.",TRUE,TRUE,0.9998924239009254,"La Chureca: pick through the garbage which is then sorted and sold to suppliers of recyclable materials. Workers in La Chureca are self- employed individuals and, or families who collect salvageable items such as plastic, aluminum cans, and scrap metals such as copper and iron (Bergin, 2008). These workers are highly organized labour chains. That is, if one person collects glass, the other will clean it, another will crush and recycle it and another will sell it to a collector who will then sell it to different companies (Grisby Vergara, 2008). It is clear that the existing piles of garbage would be",0.9999824391759513
predictions_K10_gpt-oss-20b.json,U.S. Panel Questions Prostate Screening,TRUE,TRUE,0.7500843246356969,"Prostate cancer: about the positives and negatives. The United States Preventive Services Task Force (USPSTF) suggests the decision whether or not to have PSA screening be based on decision making between the patient and physician for men 55 to 69 years of age. USPSTF recommends against PSA screening for males who are age 70 or older. The Centers for Disease Control and Prevention shared USPSTF's prior conclusion. The American Society of Clinical Oncology and the American College of Physicians discourage screening for those who are expected to live less than ten to fifteen years, while in those with a greater life expectancy",0.9999370997765779
predictions_K10_gpt-oss-20b.json,China agrees to WHO sending experts to study virus.,TRUE,TRUE,0.7715192389340892,"Influenza A virus subtype H7N9: the new viral strain, and supplied these synthesized genes to the CDC. The scientific community has praised China for its transparency and rapid response to the outbreak of H7N9. In an editorial on April 24, 2013, the journal ""Nature"" said ""China deserves credit for its rapid response to the outbreaks of H7N9 avian influenza, and its early openness in the reporting and sharing of data."" This, in spite of initial worries by Chinese scientists and officials that they might lose credit for their work in isolating and sequencing the novel H7N9 virus, after learning that pharmaceutical company Novartis and the",0.9999774714919266
predictions_K10_gpt-oss-20b.json,How barbershops could help lower blood pressure,TRUE,TRUE,0.9999738185493933,"Barbershop Quartet (health outreach program): Barbershop Quartet (health outreach program) The Barber Shop Quartet in New York City’s Harlem neighborhood was founded in 2007 as an outreach program of the Men’s Ministry at Abyssinian Baptist Church. The Barber Shop Quartet provides free men’s health screenings for hypertension, diabetes, prostate cancer and colon cancer. Abyssinian Baptist Church, Harlem’s largest church with more than 4,000 congregants, initially partnered with Harlem Hospital Center and St. Luke’s Roosevelt Hospital and received additional funding from the New York City Department of Health and Mental Hygiene to implement this program. Other initiating partners include the Ralph Lauren Center for Cancer Care",0.9999748770086045
predictions_K10_gpt-oss-20b.json," Opossums stop the spread of Lyme disease because they kill up to 4,000 ticks a week. ",TRUE,TRUE,0.9677908171387178,"Lyme disease: for the bacteria that causes Lyme to travel from within the tick into its saliva. If a deer tick that is sufficiently likely to be carrying ""Borrelia"" is found attached to a person and removed, and if the tick has been attached for 36 hours or is engorged, a single dose of doxycycline administered within the 72 hours after removal may reduce the risk of Lyme disease. It is not generally recommended for all people bitten, as development of infection is rare: about 50 bitten people would have to be treated this way to prevent one case of erythema migrans",0.9984750361300577
predictions_K10_gpt-oss-20b.json,China seeks to identify cause of mystery pneumonia infecting 44.,TRUE,FALSE,0.20687285502715322,"Pneumococcal infection: Pneumococcal infection A pneumococcal infection is an infection caused by the bacterium ""Streptococcus pneumoniae"", which is also called the pneumococcus. ""S. pneumoniae"" is a common member of the bacterial flora colonizing the nose and throat of 5–10% of healthy adults and 20–40% of healthy children. However, it is also a cause of significant disease, being a leading cause of pneumonia, bacterial meningitis, and sepsis. The World Health Organization estimate that in 2005 pneumococcal infections were responsible for the death of 1.6 million children worldwide. Pneumococcal pneumonia represents 15%–50% of all episodes of community-acquired pneumonia, 30–50% of all cases of acute",0.7460246443303491
predictions_K10_gpt-oss-20b.json,The European Union ordered reporters to not reporting whether a terrorist is Muslim.,FALSE,TRUE,0.7526443183685902,"Islamic terrorism in Europe: shootings, including in January 2016, June 2016 and January 2017. In 2015, the Islamic State, which in 2014 had claimed that all Muslims were under a religious obligation to join it, declared that the only excuse for Muslims to not join the group in territories under its control was to perpetrate terrorist attacks in their current place of residence. According to Europol's annual report released in 2017, the Islamic State exploited the flow of refugees and migrants to commit acts of terrorism, which was a feature of the 2015 Paris attacks. In 2016 attack planning against Western countries took place",0.7724939714955547
predictions_K10_gpt-oss-20b.json,Florida’s hepatitis A outbreak prompts vaccine push.,TRUE,TRUE,0.9999376377768862,"Kiryas Joel, New York: food at school. Children who were not infected with hepatitis A were separated into two groups, one receiving the experimental vaccine and the other receiving a placebo injection. Based on this study, the vaccine was declared 100 percent effective. Merck licensed the vaccine in 1995 and it became available in 1996, after which the hepatitis A infection rate fell by 75 percent in the United States. The unusual lifestyle and growth pattern of Kiryas Joel has led to litigation on a number of fronts. In 1994, the Supreme Court ruled in the case of ""Board of Education of Kiryas Joel",0.9999957884527225
predictions_K10_gpt-oss-20b.json,Researcher Judy Mikovits was arrested without a warrant and jailed without charges for making a controversial scientific discovery.,FALSE,FALSE,0.004344430460512083,"Murder of Teresa Cormack: Science & Research, a Crown Research Institute owned wholly by the New Zealand government). Despite having this profile, an arrest was not immediate. A public television broadcast by the detective in charge and seen by Mikus provoked a reaction in front of the people with whom he lived but they did not contact police. Eight-hundred and forty-five blood samples had been taken, of these, four were of insufficient quality to make a profile. After nearly a year of testing the blood (taking until February 22, 2002), only one blood profile matched the semen and it came from Mikus. On 26",0.984617720659888
predictions_K10_gpt-oss-20b.json,The novel coronavirus was “man-made.”,FALSE,FALSE,0.0651569907832757,"Coronavirus: of a vaccine against the disease ""since [the spike protein] appears to be recognized by the immune system of the host."" Following the high-profile publicity of SARS outbreaks, there has been a renewed interest in coronaviruses among virologists. For many years, scientists knew about only two human coronaviruses (HCoV-229E and HCoV-OC43). The discovery of SARS-CoV added a third human coronavirus. By the end of 2004, three independent research labs reported the discovery of a fourth human coronavirus. It has been named NL63, NL, and the New Haven coronavirus by different research groups. The three labs are still arguing over which",0.9999934013458018
predictions_K10_gpt-oss-20b.json,High ambitions: Uruguay cannabis firm targets booming global market for medical marijuana.,TRUE,FALSE,0.16696333592036944,"Cannabis in Uruguay: Cannabis in Uruguay Cannabis is legal in Uruguay, and is one of the most widely used drugs in the nation. President Jose Mujica signed legislation to legalize recreational cannabis in December 2013, making Uruguay the first country in the modern era to legalize cannabis. In August 2014, Uruguay legalized growing up to six plants at home, as well as the formation of growing clubs, a state-controlled marijuana dispensary regime, and the creation of a Cannabis regulatory institute (IRCCA in Spanish). In October 2014 the Government began registering growers' clubs, allowed in turn to grow a maximum of 99 cannabis plants",0.9999030537936019
predictions_K10_gpt-oss-20b.json,Viscosupplementation Recommended For Appropriate Patients with Knee Osteoarthritis,FALSE,FALSE,0.00010496762786110637,"Knee replacement: replacement surgery is most commonly performed in people with advanced osteoarthritis and should be considered when conservative treatments have been exhausted. Total knee replacement is also an option to correct significant knee joint or bone trauma in young patients. Similarly, total knee replacement can be performed to correct mild valgus or varus deformity. Serious valgus or varus deformity should be corrected by osteotomy. Physical therapy has been shown to improve function and may delay or prevent the need for knee replacement. Pain is often noted when performing physical activities requiring a wide range of motion in the knee joint. Risks",0.9999843755369103
predictions_K10_gpt-oss-20b.json,"An official Los Angeles Police Department (LAPD) badge page used badge number ""14188"" as its example (later deleted).",TRUE,FALSE,0.12501710534864233,"Adam-12: the Rampart Division; the old building is being renovated to serve as headquarters for LAPD's Metro Division, an elite reserve unit that includes counterterrorism and SWAT platoons. The designation ""1-Adam-12"" is a combination of three elements. The first element indicates the unit's LAPD division. The second element indicates the type of unit. The third element identifies the patrol car's number. The one in 1-Adam-12 means the patrol car operates in Division 1 (Central Division). LAPD assigns two-person units the letter ""A"". In the LAPD phonetic alphabet, the letter ""A"" is spoken as ""Adam"". The third element is the last two",0.9999636748353352
predictions_K10_gpt-oss-20b.json,Scientists grow viable vaginas from girls' own cells.,TRUE,TRUE,0.7305168317644999,"Vaginal transplantation: Five to six weeks later, the structure was implanted into the patients, where the tissue continued to grow and connected with the girls' circulatory and other bodily systems. After about eight years, all four patients reported normal function and pleasure levels during sexual intercourse according to the Female Sexual Function Index questionnaire, a validated self-report tool. No adverse results or complications were reported. In two of the four women, the vagina was attached to the uterus, making pregnancy possible. No pregnancies were reported, however, during the study period. Martin Birchall, who works on tissue engineering, but was not involved in",0.9999845243708477
predictions_K10_gpt-oss-20b.json,"Newport developed marijuana cigarettes which will be available for purchase ""next year.",FALSE,FALSE,0.13653314235634115,"Newport (cigarette): British American Tobacco has released some limited edition varieties and outer packagings including: In July 2017, R.J. Reynolds announced they would introduce new flavors called Newport Platinum. It woul be released in two variants: Newport Platinum (King Size and 100s) and Newport Platinum Blue (also King Size and 100s). Newport (cigarette) Newport is an American brand of menthol cigarettes, currently owned and manufactured by the R. J. Reynolds Tobacco Company. The brand was originally named for the seaport of Newport, Rhode Island. It is the best-selling brand of menthols in the United States. Newport was originally launched in 1957 by",0.9999971272404334
predictions_K10_gpt-oss-20b.json,"Mammograms Save Lives for Women in Their 40s, Study Says",FALSE,FALSE,0.00031195747793262693,"Breast cancer screening: Among women in their 60s, who have a somewhat higher rate of breast cancer, the proportion of positive outcomes to harms are better: Mammography is not generally considered as an effective screening technique for women at average or low risk of developing cancer who are less than 50 years old. For normal-risk women 40 to 49 years of age, the risks of mammography outweigh the benefits, and the US Preventive Services Task Force says that the evidence in favor of routine screening of women under the age of 50 is ""weak"". Part of the difficulty in interpreting mammograms in younger",0.744786882084241
predictions_K10_gpt-oss-20b.json,"Covfefe"" means something, anything.",FALSE,TRUE,0.8239495774628351,"Communications Over Various Feeds Electronically for Engagement Act: such a challenge would be successful. Communications Over Various Feeds Electronically for Engagement Act The Communications Over Various Feeds Electronically for Engagement Act (COVFEFE Act) is a bill introduced into the United States House of Representatives in 2017, during the 115th United States Congress. The bill would amend the Presidential Records Act to preserve Twitter posts and other social media interactions of the president of the United States, and to require the National Archives to store such items. U.S. Representative Mike Quigley, Democrat of Illinois, introduced the legislation in the wake of Donald Trump's routine use of Twitter, stating ""In",0.9844903071742918
predictions_K10_gpt-oss-20b.json,New hearts forge new friendship for transplant recipients.,TRUE,TRUE,0.91463048939429,"The Heart (novel): and recipients are matched to them. Almost immediately, Simon's liver is assigned to a six-year old girl in Strasbourg, his lungs to a seventeen-year old girl in Lyon, and his kidneys to a nine-year old boy in Rouen. His heart takes slightly longer to find a match, but soon one is found: Claire Méjan, a 51-year old woman suffering from myocarditis who, after three years of her condition gradually worsening, is in dire need of a heart transplant. That night, the heart transplantation is performed successfully by Dr. Emmanuel Harfang, the head cardiac surgeon at Pitié-Salpêtrière Hospital in Paris. Exactly",0.9179946207446872
predictions_K10_gpt-oss-20b.json,Group pushes to end plastic foam use in schools.,TRUE,TRUE,0.9882468233583971,"United Nations Conference on Sustainable Development: Day Global School Contest in which 7th graders at the International School of Ulaanbaatar (ISU) in Mongolia were declared the Global Winners for their awareness campaign on the environmental impact of plastic shopping bags, including research on plastic bag manufacturing processes, development of videos documenting plastic bag waste, and a school presentation at which reusable cloth shopping bags were sold to approximately 50 percent of the community. Sarasota, Fla.'s Brookside Middle School won in the World Environment Day contest's North American sub-category for its mangrove propagule growth project while International School of Brussels in Belgium won the European sub-category, for",0.9962216090422493
predictions_K10_gpt-oss-20b.json,"Ted Cruz Says both Donald Trump and Hillary Clinton say Planned Parenthood is ""terrific and that it should keep taxpayer funding.",FALSE,FALSE,8.194576715254003e-06,"First 100 days of Donald Trump's presidency: its face"" and violates ""the separation of powers doctrine and deprives [the plaintiffs] of their Tenth and Fifth Amendment rights."" Trump's appointment of a conservative justice, Neil Gorsuch, his reinstatement of the Mexico City Policy, and his signing H.J. Res. 43—HHS Title X Funding for Planned Parenthood Rule are in keeping with his pro-life policy. On January 23, Trump signed a Presidential Memorandum on the Mexico City Policy regarding federal funding to foreign NGOs. This is a key point in the abortion debate as foreign NGOs that receive US federal funding will no longer be able to offer, promote or",0.9999979237453182
predictions_K10_gpt-oss-20b.json,"500,000 U.S. troops came home from Iraq and Afghanistan ""with PTSD and traumatic brain injury.",TRUE,TRUE,0.7499338888094464,"Casualties of the Iraq War: injuries without being classified as wounded during combat in Iraq and Afghanistan. A top U.S. Army psychiatrist, Colonel Charles Hoge, said in March 2008 that nearly 30% of troops on their third deployment suffered from serious mental-health problems, and that one year was not enough time between combat tours. A March 12, 2007, ""Time"" article reported on a study published in the ""Archives of Internal Medicine"". About one third of the 103,788 veterans returning from the Iraq and Afghanistan wars seen at U.S. Department of Veterans Affairs facilities between September 30, 2001, and September 30, 2005, were diagnosed with mental",0.9999868887768054
predictions_K10_gpt-oss-20b.json,Planned Parenthood: States should oppose Trump ‘gag rule’.,TRUE,TRUE,0.9999966389248326,"Mexico City policy: plan for the upcoming G8 summit which did not include financial support for abortion or contraception, drawing comparisons to the Mexico City policy. An episode of the television series ""Boston Legal"", ""Squid Pro Quo"", which originally aired on May 9, 2006, featured a case involving USAID's withdrawal of funding to an overseas non-profit organization. An episode of the American television series ""The West Wing"", entitled ""Privateers"", featured a ""gag rule"" amendment of a law for overseas aid. Mexico City policy The Mexico City policy, sometimes referred to by critics as the global gag rule, is a United States government policy",0.9999969872143872
predictions_K10_gpt-oss-20b.json,We know that President Obama stole over $500 billion out of Medicare to switch it over to Obamacare.,FALSE,FALSE,9.796803918561891e-05,"Health care reforms proposed during the Obama administration: an interview: ""Clearly more auditing needs to be done and it needs to be done in real time."" The Obama administration is providing Medicare with an additional $200 million to fight fraud as part of its stimulus package, and billions of dollars to computerize medical records and upgrade networks, which should assist Medicare in identifying fraudulent claims. During July 2010, President Obama signed into law the Improper Payments Elimination and Recovery Act of 2010, citing approximately $110 billion in unauthorized payments of all types, including Medicare and Medicaid. President Obama has directed his administration to reduce these payments by $50",0.9999841440676818
predictions_K10_gpt-oss-20b.json,Stay-at-home orders “actually are the law of these states.”,TRUE,TRUE,0.8230652278752646,"Interstate Income Act of 1959: office in Minnesota. However, the Court did not make clear whether the maintenance of employees in the state (who solicited orders that were delivered and accepted outside the state) would have been enough to give rise to the state’s power to impose its tax. Public Law 86-272 addressed that circumstance by acting as a 'stopgap' by restricting a state from collecting income tax on solicited sales within its borders, as long as the orders are filled or shipped outside of the state. Public Law 86-272 protects only solicitation of orders for tangible personal property. Protection applies to activities that are",0.8986272225227409
predictions_K10_gpt-oss-20b.json,"African-Americans don't use drugs at a higher level than whites but ""wind up going to prison six times more.",TRUE,TRUE,0.9999268515058732,"Race and crime: were ""pretty."" A 2013 report by the American Civil Liberties Union found that blacks were ""3.73 times more likely than whites to be arrested for marijuana possession"", even though ""blacks and whites use drugs, including marijuana, at similar rates."" Additionally, in 2015, the National Survey on Drug Use and Health reported that African Americans composed 12.5 percent of the illicit drug users, yet 33 percent of them are incarcerated in state facilities. A 2016 analysis by the ""New York Times"" ""of tens of thousands of disciplinary cases against inmates in 2015, hundreds of pages of internal reports and three years",0.9999268392575729
predictions_K10_gpt-oss-20b.json,More support for osteoporosis drugs,TRUE,TRUE,0.6525947624805493,"Human skeleton: risk of fracture. Osteoporosis treatment includes advice to stop smoking, decrease alcohol consumption, exercise regularly, and have a healthy diet. Calcium supplements may also be advised, as may Vitamin D. When medication is used, it may include bisphosphonates, Strontium ranelate, and osteoporosis may be one factor considered when commencing Hormone replacement therapy. The study of human bones probably started in ancient Greece under Ptolemaic kings due to their link to Egypt. Herophilos, through his work by studying dissected human corpses in Alexandria is credited to be the pioneer of the field. His works are lost but are often cited by",0.9999909160817377
predictions_K10_gpt-oss-20b.json,Wells Fargo and Chase are invested in the Dakota Access Pipeline.,TRUE,TRUE,0.9999922184206511,"Dakota Access Pipeline protests: bodies between Native elders and a privatized military force. We've stood in the face of fire before. We feel a responsibility to use the skills we have."" In February 2017, Seattle, Washington's city council unanimously voted to not renew its contract with Wells Fargo in a move that cites the bank's role as a lender to the Dakota Access Pipeline project as well as its ""creation of millions of bogus accounts"" and said the bidding process for its next banking partner would involve ""social responsibility."" The City Council in Davis, California, took a similar action, voting unanimously to find a",0.9999922885367157
predictions_K10_gpt-oss-20b.json,“President Trump has banned welfare for illegal immigrants which will save $57.4 billion a year.”,FALSE,TRUE,0.8125355798053405,"Presidency of Donald Trump: been in place in 2005 (the one recent year in which his tax returns were leaked), he would have saved $31 million in taxes from the alternative minimum tax cut alone. If the most recent estimate of the value of Trump's assets is correct, the repeal of the estate tax could save his family about $1.1 billion. Treasury Secretary Steven Mnuchin argued that the corporate income tax cut will benefit workers the most; however, the nonpartisan Joint Committee on Taxation, Congressional Budget Office and many economists estimated that owners of capital would benefit vastly more than workers. According to ""The",0.9999936316223109
predictions_K10_gpt-oss-20b.json,"Ben Carson Says he ""didn’t have an involvement with"" nutritional supplement company Mannatech.",FALSE,FALSE,0.00016757634674786703,"Mannatech: products through its multi-level marketing structure in church congregations. Prior to founding Mannatech, Caster had founded and run Eagle Shield, an insulation manufacturer, and Electracat, a pest control device; both were categorized as a hoax by the Texas Attorney General's office. Mannatech was founded to sell dietary supplements and personal care products. Before developing its own products, the company sold Manapol, an aloe vera extract made by another company. Its most widely known product has been Ambrotose, a dietary supplement made from sugars derived from plants. From 1993 to 2009, Rafael Cruz, father of presidential candidate Ted Cruz, was a",0.999571137906119
predictions_K10_gpt-oss-20b.json,US regulators OK updated version of decades-old antibiotic.,TRUE,TRUE,0.8028135899259435,"Veterinary Feed Directive: class; these drugs will remain over the counter. The USDA states that Ionophores, Bacitracin, Bambermycins, and Tiamulin will remain over the counter. Injectables, boluses, or other dosages are not affected by this regulation. There are other drugs that can be found through the FDA that will not require a prescription to purchase. To ensure the judicious use of antibiotics in food producing animals, the new regulations went into effect on January 1, 2017 and many drugs changed from OTC to Rx status for medicated water and feed. Distributors and retailers that use these products are required to meet the new",0.9990674142278579
predictions_K10_gpt-oss-20b.json,"Hate daylight saving time? You may have a point, researchers say.",TRUE,TRUE,0.9681267287401911,"Daylight saving time: in 1895. The German Empire and Austria-Hungary organized the first nationwide implementation, starting on April 30, 1916. Many countries have used it at various times since then, particularly since the energy crisis of the 1970s. DST is generally not observed near the equator, where sunrise times do not vary enough to justify it. Some countries observe it only in some regions; for example, southern Brazil observes it while equatorial Brazil does not. Only a minority of the world's population uses DST, because Asia and Africa generally do not observe it. DST clock shifts sometimes complicate timekeeping and can disrupt travel,",0.9999431097695802
predictions_K10_gpt-oss-20b.json,"Although Georgia Gov. Brian Kemp ""opened"" the state, his mansion remained closed for tours during the COVID-19 pandemic.",TRUE,FALSE,0.253657645287464,"Georgia Archives: Georgia Secretary of State, Brian Kemp, announced that the Georgia Archive would close to the public as of Nov. 1, 2012. Reason for the closure was cited as a 3% budget cut ($732,626). Public access to records would be limited to scheduled appointments, with details for said appointments not yet announced. SOS Kemp stated that he regretted the closure and would ""fight during this legislative session to have this cut restored."" The decision to close the archive to the public was met with backlash from the public, as well as organizations for archivists, librarians, genealogists, and other scholarly groups. A",0.9408564338679851
predictions_K10_gpt-oss-20b.json,O’Rourke offers blue vision for red Texas during Nelson show.,TRUE,TRUE,0.8099802301631611,"Beto O'Rourke: of the rally, Nelson debuted his new election-inspired song ""Vote 'Em Out"". A few hours before the polls closed, Beyonce posted a picture of herself on social media wearing a ""Beto for Senate"" baseball cap with the caption, ""I’m feeling grateful for everyone before me who fought so hard to give us all the right to have a voice."" Other celebrity endorsements included Khalid, Aaron Jones, Eva Longoria, LeBron James, Jim Carrey, Travis Scott, Ellen DeGeneres, Lin-Manuel Miranda, and Kelly Rowland. A September 18, 2018, a Quinnipiac poll based on phone interviews put Cruz 9 percentage points ahead of O'Rourke",0.9864061736258536
predictions_K10_gpt-oss-20b.json,Cannabis Derivative Cannabidiol Reduces Seizures in Severe Epilepsy Disorder,TRUE,TRUE,0.5442570692936904,"Medical cannabis research: by GW Pharmaceuticals for experimental treatment of epilepsy, underwent stage-two trials in the US in 2014. A 2017 study found that cannabidiol decreased the rate of seizures in those with Dravet syndrome but increased the rate of sleepiness and trouble with the liver. In 2009, the American Glaucoma Society noted that while cannabis can help lower intraocular pressure, it recommended against its use because of ""its side effects and short duration of action, coupled with a lack of evidence that its use alters the course of glaucoma"". As of 2008 relatively little research had been done concerning therapeutic effects of",0.9997894883209248
predictions_K10_gpt-oss-20b.json,Test may help predict colon cancer recurrence risk,TRUE,TRUE,0.9664511852810431,"Cancer prevention: with the fecal occult blood test (FOBT). Variants of this test include guaiac-based FOBT (gFOBT), the fecal immunochemical test (FIT), and stool DNA (sDNA) testing. Further testing includes flexible sigmoidoscopy (FS), total colonoscopy (TC), or computed tomography (CT) scans if a TC is non-ideal. A recommended age at which to begin screening is 50 years. However, this is highly dependent on medical history and exposure to CRC risk factors. Effective screening has been shown to reduce CRC incidence by 33% and CRC morality by 43%. The estimated number of new breast cancer cases in the US in 2018 is predicted",0.9999901802933804
predictions_K10_gpt-oss-20b.json,Indonesian doctor's death exposes heartbreaking risks of coronavirus battle.,TRUE,TRUE,0.7501223189804003,"Middle East respiratory syndrome: RdRp screen was positive. On 15 September 2012, Dr. Zaki's findings were posted on ProMED-mail, the Program for Monitoring Emerging Diseases, a public health on-line forum. The United Kingdom's Health Protection Agency (HPA) confirmed the diagnosis of severe respiratory illness associated with a new type of coronavirus in a second patient, a 49-year-old Qatari man who had recently been flown into the UK. He died from an acute, serious respiratory illness in a London hospital. In September 2012, the UK HPA named it the London1 novel CoV/2012 and produced the virus' preliminary phylogenetic tree, the genetic sequence of the virus",0.9999915586665693
predictions_K10_gpt-oss-20b.json,"A three-cents-per-ounce soda tax in Philadelphia ""would result in the loss of 2,000 family-sustaining Teamster Union jobs and countless other jobs in the beverage industry.",FALSE,FALSE,0.42015208197537945,"Jim Kenney: on items not subject to it was ""wrong"" and ""misleading"". In February 2017, soda manufacturers and retailers announced sales declines of 30–50% in Philadelphia and announced layoffs for March. The city called the predicted layoffs ""fear-mongering"". While the tax was projected to raise about $2.7 million in its first month, far below the estimate of $7.6 million per month, the city expected that figure to rise. In March 2017, Pepsi announced plans to lay off between 80 and 100 employees, and blamed this on the tax. The city stated the program had created 251 jobs, mostly full-time pre-K teaching positions",0.9966967999104449
predictions_K10_gpt-oss-20b.json,"Thailand closes more public facilities as coronavirus cases top 1,100.",TRUE,TRUE,0.5000159902587406,"2012 Middle East respiratory syndrome coronavirus outbreak: United Kingdom, France, Germany, and the United Arab Emirates. According to a European Centre for Disease Prevention and Control (ECDC) publication, on April 2014, Tunisia had a total of 3 cases with 1 fatality. In May 2015, the first case in South Korea was confirmed in a man who had visited several Middle Eastern countries. As of 16 June 2015, a total of 150 cases has been infected, including 18 deaths, according to the World Health Organization (WHO). As of 29 June 2015, 32 people in South Korea have died from this outbreak, with 182 confirmed cases of infection. There",0.9999807503826361
predictions_K10_gpt-oss-20b.json,Current expenditures could likely cover the estimated costs of Medicare for All.,TRUE,TRUE,0.5069825337397883,"United States federal budget: The forecasts from 2009 and 2015 differ materially, mainly due to changes in the projected rate of healthcare cost increases, which have moderated considerably. Rather than rising to nearly 12% GDP over the forecast period (through 2080) as forecast in 2009, the 2015 forecast has Medicare costs rising to 6% GDP, comparable to the Social Security program. The increase in healthcare costs is one of the primary drivers of long-term budget deficits. The long-term budget situation has considerably improved in the 2015 forecast versus the 2009 forecast per the Trustees Report. U.S. healthcare costs were approximately $3.2 trillion or nearly",0.9999707635138992
predictions_K10_gpt-oss-20b.json,Compound May Fight Hard-to-Treat Lung Cancer,FALSE,TRUE,0.9999970769027113,"Lung cancer: NSCLC. In advanced cases, appropriate chemotherapy improves average survival over supportive care alone, as well as improving quality of life. With adequate physical fitness maintaining chemotherapy during lung cancer palliation offers 1.5 to 3 months of prolongation of survival, symptomatic relief, and an improvement in quality of life, with better results seen with modern agents. The NSCLC Meta-Analyses Collaborative Group recommends if the recipient wants and can tolerate treatment, then chemotherapy should be considered in advanced NSCLC. Several drugs that target molecular pathways in lung cancer are available, especially for the treatment of advanced disease. Erlotinib, gefitinib and afatinib inhibit",0.9999970663265791
predictions_K10_gpt-oss-20b.json,Chicago receives $6.7M to help people living with HIV/AIDS.,TRUE,FALSE,0.00010884006454396614,"AIDS Drug Assistance Programs: with California receiving $288 Million, New York $241 Million, Texas $101 Million, and Florida $97 Million. The program first began in 1987 with appropriations to help pay for AZT. The program was expanded in 1990 with the Ryan White Comprehensive AIDS Resources Emergency (CARE) Act (commonly referred to as the Ryan White Care Act. Most recipients are below 200% of the Federal Poverty Level (FPL) and 43 percent are below 100% the FPL. 63% are black or hispanic and 77% are male. In 2010, some states, citing budgetary reasons began cutbacks to the ADAP Formulary or instituted waiting lists for",0.9999850248105097
predictions_K10_gpt-oss-20b.json,Minnesota bets fiscal future on osteopathic medical school.,TRUE,FALSE,0.4397598540521087,"Michigan State University: University Board of Trustees approved a resolution endorsing the expansion of the College of Osteopathic Medicine to two sites in southeast Michigan, a move board members and college officials say will not only improve medical education in the state, but also address a projected physician shortage. According to ""U.S. News & World Report""'s 2016 rankings, the College of Osteopathic Medicine (D.O. degree) ranked tied for 12th among U.S. medical schools for primary care, and the College of Human Medicine (MD degree) was ranked 70th among the U.S. medical schools for primary care. The College of Human Medicine graduates students with",0.9988051003153895
predictions_K10_gpt-oss-20b.json,Event 201 “gave out stuffed souvenir coronavirus toys” to “commemorate” Novel coronavirus outbreak,FALSE,TRUE,0.8188357374777067,"Coronaviridae: Coronaviridae Coronaviridae is a family of enveloped, positive-sense, single-stranded RNA viruses. The viral genome is 26–32 kb in length. Virions are spherical, 120–160 nm across (""Coronavirinae""), bacilliform, 170–200 by 75–88 nm (""Bafinivirus"") or found as a mixture of both, with bacilliform particles characteristically bent into crescents (""Torovirus""). The particles are typically decorated with large (~20 nm), club- or petal-shaped surface projections (the “peplomers” or “spikes”), which in electron micrographs of spherical particles create an image reminiscent of the solar corona. Members of this family are thus referred to as ""coronaviruses"", as are members of the subfamily ""Coronavirinae"". The 5' and",0.9999758814692122
predictions_K10_gpt-oss-20b.json,Aveo Oncology to end breast cancer study due to low enrollment.,TRUE,FALSE,0.23159536793745597,"Cancer prevention: CAPS (colorectal adenoma prevention), enrollment for prostate cancer trial, NCI international breast cancer screening workshop 1994 - ATBC results show causal relationship between beta-carotene and lung cancer incidence in male Fins 1996 - ASCUS/LSIL Triage Study (HPV testing) 1997 - DCP and DCCPS splits from DCPC 1998 - Tamoxifen decreases breast cancer (Fisher?) 1999 - EDRN (early detection research network) and RAPID (access to prevention) established 1999 - Tamoxifen and raloxifene (STAR) clinical trials began, APC (adenoma celecoxib trial) Due to technological advancements, improved detection of biomarkers, and increased public and governmental support for cancer prevention research, the 21st century",0.9928838174586829
predictions_K10_gpt-oss-20b.json,"Hillary Clinton Says she ""called for addressing risks of derivatives, cracking down on subprime mortgages and improving financial oversight"" early on in the financial crisis.",TRUE,TRUE,0.9776230555972312,"Political positions of Hillary Clinton: proposed to cap the expenses that a household spends on child care by at 10 percent of a household's income. Clinton intended to accomplish the 10 percent cap with tax credits and subsidized child care. Clinton called for more robust financial regulation early on in the financial crisis of 2007–08. Clinton specifically called for regulations to crack down on financial derivatives and subprime mortgages and strengthen oversight of financial institutions and private-equity markets. In a 2007 speech, Clinton ""called for major federal intervention in the market for subprime loans, arguing that 'we need to acknowledge that Wall Street has played",0.8624320384906967
predictions_K10_gpt-oss-20b.json,"For a full-body workout, drumming is the novelty to beat.",TRUE,TRUE,0.9907542226779261,"World's Fastest Drummer: created new classes of speed drumming: fastest feet (for two-footed bass drumming), bare hands, and tag team, among others. Drumometer orders then followed, and the race to best Rabb's feats began. Music genres - Death metal, Country, Jazz, Rock as well as Drum Corps have since battled for dominance in the various categories. In 2002, WFD world championships became a biannual affair (winter and summer), and were permanently stationed at NAMM conventions beginning in 2003. Early stars of the event in addition to Rabb included a veteran jazz drummer named Art Verdi, the first person to break 1100 single strokes",0.9994205697579037
predictions_K10_gpt-oss-20b.json,"Within the three miles surrounding the University Circle area, infant mortality exceeds some Third World countries.",TRUE,FALSE,0.03922323818719289,"University Circle: jobs in a variety of fields, including averaging 1,000 new jobs per year since 2005. Nearby attractions draw approximately 2.5 million visitors annually. As the neighborhood's name implies, higher learning is a major part of the culture of University Circle, with over 13,000 undergraduate, graduate, and professional students attending the area's various institutions. University Circle Inc., a not-for-profit corporation established in 1957, serves as the neighborhood chamber of commerce, providing many administrative and quasi-governmental functions for the area, including security, transportation administration, and marketing. University Circle has its own full-service police department to provide security and patrol the area. Forbes",0.9999954400058123
predictions_K10_gpt-oss-20b.json,"“The flu killed 80,000 people in the U.S. last year”",FALSE,FALSE,2.0546765303927397e-05,"Influenza: Centers for Disease Control and Prevention (CDC) reported a range from a low of about 3,300 deaths to a high of 49,000 per year. Roughly three times per century, a pandemic occurs, which infects a large proportion of the world's population and can kill tens of millions of people (see pandemics section). One study estimated that if a strain with similar virulence to the 1918 influenza emerged today, it could kill between 50 and 80 million people. New influenza viruses are constantly evolving by mutation or by reassortment. Mutations can cause small changes in the hemagglutinin and neuraminidase antigens on",0.999681223664347
predictions_K10_gpt-oss-20b.json,Therapy animals are everywhere. Proof that they help is not.,TRUE,FALSE,0.4999944993954314,"Animal-assisted therapy: a distraction method when it comes to various situations or pain, and animals can also help bring happiness, pleasure, and entertainment to the pediatric population. Animals can also help improve children's moods and reinforce positive behaviors while helping to decrease negative ones. Dogs in AAT can be an effective method to reduce pain in children as a complementary treatment. Animal-assistance programs may be useful in prisons to relieve stress of the inmates and workers, or to provide other benefits, but further study is needed to confirm the effectiveness of such programs in these settings. When elderly people are transferred to",0.9999779643447334
predictions_K10_gpt-oss-20b.json,"Trio wins chemistry Nobel for work on antibody drugs, smart enzymes.",TRUE,TRUE,0.7768816358565155,"Frederick Sanger: Edelman for his work on the chemical structure of antibodies. Elizabeth Blackburn studied for a PhD in Sanger's laboratory between 1971 and 1974. She shared the 2009 Nobel Prize in Physiology or Medicine with Carol W. Greider and Jack W. Szostak for her work on telomeres and the action of telomerase. , Sanger is the only person to have been awarded the Nobel Prize in Chemistry twice, and one of only four two-time Nobel laureates: The other three were Marie Curie (Physics, 1903 and Chemistry, 1911), Linus Pauling (Chemistry, 1954 and Peace, 1962) and John Bardeen (twice Physics, 1956 and",0.9931806245016973
predictions_K10_gpt-oss-20b.json,"Utah home-birth rate is double the US average, report says.",TRUE,FALSE,3.18506505793407e-05,"Demography of the United States: 2010 and July 2011, compared to 37% in 1990. In 2010 the state with the lowest fertility rate was Rhode Island, with a rate of 1.63, while Utah had the greatest rate with a rate of 2.45. This correlates with the ages of the states' populations: Rhode Island has the ninth-oldest median age in the US—39.2—while Utah has the youngest—29.0. Median age of the U.S. population through history. Source: U.S. Department of Commerce. Bureau of Census, United States Census Bureau and The World Factbook. The U.S. total fertility rate as of 2010 census is 1.931: Other: Source: National Vital statistics",0.999995305490299
predictions_K10_gpt-oss-20b.json,California rejects unique intersex surgery ban for some kids.,TRUE,FALSE,0.25012499080560857,"Intersex human rights: (SU-337 of 1999), doctors are obliged to inform parents on all the aspects of the intersex child. Parents can only consent to surgery if they have received accurate information, and cannot give consent after the child reaches the age of five. By then the child will have, supposedly, realized their gender identity. The court case led to the setting of legal guidelines for doctors' surgical practice on intersex children. In April 2015, Malta became the first country to outlaw non-consensual medical interventions in a ""Gender Identity Gender Expression and Sex Characteristics Act"". The Act recognizes a right to bodily integrity",0.999998153197577
predictions_K10_gpt-oss-20b.json,"Nobel for quantum ""parlour trick"" that could make super computers.",TRUE,TRUE,0.687635691317499,"Quantum computing: of nature, you'd better make it quantum mechanical, and by golly, it's a wonderful problem because it doesn't look so easy."" In 1984, BB84 is published, the world's first quantum cryptography protocol by IBM scientists Charles Bennett and Gilles Brassard. In 1993, an international group of six scientists, including Charles Bennett, showed that perfect quantum teleportation is possible in principle, but only if the original is destroyed. In 1994 Peter Shor, at AT&T's Bell Labs discovered an important quantum algorithm, which allows a quantum computer to factor large integers exponentially much faster than the best known classical algorithm. Shor's algorithm",0.9999994604132444
predictions_K10_gpt-oss-20b.json,Princeton revising polices over mental health disabilities.,TRUE,FALSE,0.40641561635673706,"North Princeton Developmental Center: North Princeton Developmental Center The North Princeton Developmental Center, formerly known as the New Jersey State Village for Epileptics, was a medical facility within Montgomery Township, Somerset County, New Jersey. The facility was home to a variety of mental health institutions throughout the years. In 2011, the former self-sustaining mental health village was slated for demolition to make space for a proposed county park. Demolition was completed in 2012 with plans to begin construction of the conceptual park in 2013. The facility garnered much notoriety over the past decades due to its ""ghost town"" appearance and mention in the popular",0.9999959599734733
predictions_K10_gpt-oss-20b.json,"According to (Barack) Obama’s newest unconstitutionally enacted law, health care professionals are now required to violate HIPAA privacy laws and submit medical data to the government,"" which is ""then used as justification for gun confiscation.",FALSE,TRUE,0.7415445154541705,"Medical privacy: public health benefits, safety, and research while protecting the medical information of individuals. Yet many times, privacy is compromised for the benefits of the research and public health. According to HIPAA, the covered entities that must follow the law's set mandates are health plans, health care clearinghouses, and health care providers that electronically transmit PHI. Business associates of these covered entities are also subject to HIPAA's rules and regulations. In 2008, Congress passed the Genetic Information Nondiscrimination Act of 2008 (GINA), which aimed to prohibit genetic discrimination for individuals seeking health insurance and employment. The law also included a provision",0.9999892280469739
predictions_K10_gpt-oss-20b.json,"Mike Coffman Says state Sen. Morgan Carroll's votes made ""it easier to sue doctors, small businesses, even nurses. Putting her own shady interests first.",FALSE,TRUE,0.7500127123370187,"Morgan Carroll: during that time. Carroll graduated from Boulder High School in 1990. She worked various jobs, including at a gas station and fast-food restaurant, to pay for her education. She graduated from the University of Colorado Denver in 1996 and from the University of Colorado Law School in 2000. Carroll first ran for the Colorado House of Representatives District 36 in 2004, defeating Republican Jim Parker 55%-45%. She won reelection in 2006 with 62% of the vote against Republican Brian R. Boney. Carroll first ran for the Colorado State Senate District 29 in 2008, defeating Republican Suzanne Andrews 69%-31%. She won",0.9999950316704544
predictions_K10_gpt-oss-20b.json,Baby illness can be scanned in mother's blood: study.,TRUE,TRUE,0.9999936482084661,"Cell-free fetal DNA: the fetus. Incompatibility of fetal and maternal RhD antigens is the main cause of Hemolytic disease of the newborn. Approximately 15 percent of Caucasian women, 3 to 5 percent of black Africa women and less than 3 percent of Asian women are RhD negative. Accurate prenatal diagnosis is important because the disease can be fatal to the newborn and because treatment including intramuscular immunoglobulin (Anti-D) or intravenous immunoglobulin can be administered to mothers at risk. PCR to detect RHD (gene) gene exons 5 and 7 from cffDNA obtained from maternal plasma between 9 and 13 weeks gestation gives a high",0.999981261276523
predictions_K10_gpt-oss-20b.json,"Sen. Harry Reid voted ""against declaring English our national language, twice.",TRUE,TRUE,0.9623398391387935,"Emmett Louis Murphy: Senate File 160, known as the Foreign Language Bill, which would make illegal the teaching in “private, denominational, parochial, or public schools” of any subject in any language other than English, stating in a speech, “I fought that vicious foreign language bill” ”. He ran 12th in the primary where only 10 would advance to the general election. Although two of the 12 subsequently dropped out, his request to be added to the definition was denied. However his public stature was quite grown, and in February 1937 he was notified that he would be accepted as assistant to the District",0.9867702334157257
predictions_K10_gpt-oss-20b.json,"Facebook post Says Anthony Fauci, Bill Gates, George Soros and Jeffrey Epstein are connected with Moderna, Inc., and its efforts to create the coronavirus vaccine.",FALSE,TRUE,0.9999832063649915,"Ciro de Quadros: Janeiro, Brazil, 1968. In 2003, de Quadros joined the Sabin Vaccine Institute, a non-profit organization honoring the legacy of Albert Sabin, developer of the oral polio vaccine. de Quadros is instrumental in the Institute's international immunization advocacy programs, where he works on issues such as the introduction of new vaccines, e.g. rotavirus, rubella, human papilloma virus, pneumococcal and others, and on issues related to the sustainability of national immunization programs. He is also on the faculty at Johns Hopkins School of Hygiene and Public Health and the School of Medicine of the George Washington University. He died of pancreatic cancer",0.9999937041922067
predictions_K10_gpt-oss-20b.json,"Philippines to cull 200,000 fowl after bird flu outbreak.",TRUE,TRUE,0.937420605540946,"2017 Central Luzon H5N6 outbreak: 2017 Central Luzon H5N6 outbreak From April to September 2017 in the Philippines, an outbreak of H5N6 avian influenza or bird flu affected poultry in at least three towns in Central Luzon; San Luis in Pampanga and Jaen and San Isidro in Nueva Ecija. The occurrence is the first avian flu outbreak recorded in the Philippines. While the occurrence of the disease was reported as early as April 2017, it was only on August 11, 2017 that the avian flu was confirmed. The outbreak was officially declared over in September 2017. Occurrence of avian influenza in Pampanga was first reported",0.9999839301349206
predictions_K10_gpt-oss-20b.json,Drug for refractory psoriatic arthritis shows promise in clinical trial,TRUE,TRUE,0.9999807603848055,"Psoriatic arthritis: as the IL-12/IL-23 inhibitor ustekinumab. Biologics may increase the risk of minor and serious infections. More rarely, they may be associated with nervous system disorders, blood disorders or certain types of cancer. A first-in-class treatment option for the management of psoriatic arthritis, apremilast is a small molecule phosphodiesterase-4 inhibitor approved for use by the FDA in 2014. By inhibiting PDE4, an enzyme which breaks down cyclic adenosine monophosphate, cAMP levels rise, resulting in the down-regulation of various pro-inflammatory factors including TNF-α, interleukin 17 and interleukin 23, as well as the up-regulation of anti-inflammatory factor interleukin 10. It is given in",0.9999986377090957
predictions_K10_gpt-oss-20b.json,Lawmakers ready for ‘fast and furious’ session.,TRUE,TRUE,0.8023324006055909,"ATF gunwalking scandal: killed by guns linked to the operation. Reflecting on the operation, Attorney General Eric Holder said that the United States government is ""...losing the battle to stop the flow of illegal guns to Mexico,"" and that the effects of Operation Fast and Furious will most likely continue to be felt for years, as more walked guns appear at Mexican crime scenes. In April 2011, a large cache of weapons, 40 traced to Fast and Furious but also including military-grade weapons difficult to obtain legally in the US such as an anti-aircraft machine gun and grenade launcher, was found in the",0.9999923612533202
predictions_K10_gpt-oss-20b.json,Zambia says new cases dropping in deadly cholera outbreak.,TRUE,FALSE,0.19797034417647302,"Zimbabwe: cholera epidemic. By December 2008 more than 10,000 people had been infected in all but one of Zimbabwe's provinces and the outbreak had spread to Botswana, Mozambique, South Africa and Zambia. On 4 December 2008 the Zimbabwe government declared the outbreak to be a national emergency and asked for international aid. By 9 March 2009 The World Health Organization (WHO) estimated that 4,011 people had succumbed to the waterborne disease since the outbreak began in August 2008, and the total number of cases recorded had reached 89,018. In Harare, the city council offered free graves to cholera victims. There had",0.9999853159439169
predictions_K10_gpt-oss-20b.json,Aid groups descend on Indonesia quake zone; deaths reach 102.,TRUE,FALSE,0.032172231836142394,"2018 Papua New Guinea earthquake: collaboration with local and international agencies. Over 544,000 people were reported to be affected by the quake, with half of them being targeted for assistance, and more than 26,000 displaced across the western parts of the country. On March 15, nearly three weeks after the earthquake, UNICEF estimated that 275,000 people were in need of urgent humanitarian assistance, including 125,000 children. The quake and its aftershocks caused panic in Jayapura, the capital of Indonesia's Papua province. The country's National Board for Disaster Management later confirmed that several buildings were damaged in the Boven Digoel Regency, including a mosque, a military",0.8010496125732739
predictions_K10_gpt-oss-20b.json,Dominican hospital under scrutiny after 14 newborns die.,TRUE,FALSE,0.32863671589310145,"Abortion in the Dominican Republic: and introduced by President Leonel Fernández as Proposal 21. The Dominican Gynecology and Obstetrics Society warned that the number of maternal deaths will increase considerably, because pregnancies can not be interrupted. The society’s president, Aldrian Almonte, said the current figure of 160 deaths for each 100,000 live births per year will increase, because doctors would be reluctant to proceed from fear of being charged in cases where they must decide on the interruption of a pregnancy to preserve the mother’s life. Dr. Altamonte asked, “I would like of the honorable legislators to tell me what are we going to do",0.5350973857000829
predictions_K10_gpt-oss-20b.json,Apple has reopened all 42 China stores.,TRUE,FALSE,0.015419985405928005,"Apple Store: to offer those renovations. With some limit area closed, some stores are renovated by only adding Video Wall. Apple Yorkdale in Canada seems to be the first store getting this update, followed by Apple Vitoria Gardens in U.S., Apple Holiday Plaza Shenzhen in China and so on. All Apple Stores feature a Genius Bar, where customers can receive technical advice or set up service and repair for their products. The Genius Bar provides software support for macOS and hardware service on products that are not classified vintage or obsolete. However, in most cases the Geniuses will at least attempt to",0.9793178438829789
predictions_K10_gpt-oss-20b.json,"Turkey will hire more medics, stop exporting face masks: minister.",TRUE,TRUE,0.7197836276717406,"Medical tourism: of people each year travel Turkey for their medical treatments. Turkey is especially becoming a hub for hair transplant surgery. In February 2018 it was reported that the country was the worst place for botched plastic surgery operations on British people with Dr Mehmet Kaya of Marmaris singled out for criticism. The president of the British Association of Aesthetic Plastic Surgeons said operations were performed on people who were not appropriate for surgery, and that unscrupulous practitioners have endangered their health for profit. The National Health Service is publicly owned. It attracts medical tourism principally to specialist centres in London.",0.9669365767115562
predictions_K10_gpt-oss-20b.json,"A driver in Las Vegas shouted ""Allahu Akbar"" as she deliberately struck multiple pedestrians with her vehicle, and police have been instructed to suppress that detail of the story.",FALSE,FALSE,0.2998796705469826,"Takbir: beheaded in Iraq in 2004, the perpetrators can be heard shouting ""Allāhu akbar"". And in the 2007 Fort Dix attack plot, a group of radical Islamists who were convicted of plotting an attack on the Fort Dix military base in New Jersey had videotaped themselves shooting weapons and shouting ""Allāhu akbar"". In 2008, Aafia Siddiqui is alleged to have fired at US interrogators while yelling ""Allāhu akbar"". During the 2009 Fort Hood shooting, witnesses reported that gunman Nidal Malik Hasan shouted ""Allāhu akbar"" before opening fire, killing 13 people and wounding 30 others. Times Square bomber Faisal Shahzad smiled and",0.9999937903918763
predictions_K10_gpt-oss-20b.json,"Global spa, wellness industry estimated at $3.4 trillion: report.",TRUE,FALSE,5.36344568001722e-06,"Wellness tourism: Wellness tourism Wellness tourism is travel for the purpose of promoting health and well-being through physical, psychological, or spiritual activities. While wellness tourism is often correlated with medical tourism because health interests motivate the traveler, wellness tourists are proactive in seeking to improve or maintain health and quality of life, often focusing on prevention, while medical tourists generally travel reactively to receive treatment for a diagnosed disease or condition. Within the US $3.4 trillion spa and wellness economy, wellness tourism is estimated to total US$494 billion or 14.6 percent of all 2013 domestic and international tourism expenditures. Driven by growth",0.9999993064491928
predictions_K10_gpt-oss-20b.json,Missouri physicians warn against bug-borne diseases.,TRUE,TRUE,0.9999910454081256,"Medical entomology: congestion of nasal passages and asthma. There are many insects that bite including Mosquitoes, Biting Midges, Sandflies, Black flies, Horse Flies, Stable flies. Through feeding, insects or other arthropod vectors can transmit diseases to humans. Medical Entomologists and other medical professionals have helped to develop vaccines that can prevent humans from contracting some of those diseases. They have also developed ways to prevent the arthropods from biting humans. According to a study by the Centers for Disease Control and Prevention published in May 2018, illnesses caused by insect bites have tripled from 2004 to 2016. Minor Bibliography Sistach, Xavier. Insectos",0.9999939286425409
predictions_K10_gpt-oss-20b.json,United States health care facilities face an intravenous bag shortage because of the devastation wreaked by Hurricane Maria in September 2017.,TRUE,TRUE,0.8117291401787632,"USNS Comfort (T-AH-20): Ecuador, Colombia, El Salvador, Nicaragua, Guatemala, Costa Rica, and Haiti. During this mission, the ship's crew set up medical and surgical civil action program sites. These temporary medical clinics included primary care, internal medicine, obstetrics, and pediatric physicians as well as physical therapy, dental, radiology, laboratory, and pharmacy services. On board the ship general surgery, ophthalmology, oral and maxillofacial, and orthopedic surgeries were performed on pre-screened patients. On 29 September 2017, the ship set sail for Puerto Rico to bring assistance to the island after Hurricane Maria had hit it nine days earlier. She arrived the evening of October 3,",0.9999935550726884
predictions_K10_gpt-oss-20b.json,"I’ll Take a Sperm Test, to Go: First at-Home Male-Infertility Test Debuts",FALSE,FALSE,0.00011011520934571281,"Paul J. Turek: to “motility."" Subsequently, his team evolved the Hypoosmotic Swelling Test into a therapeutic tool that harmlessly and physiologically “pokes” a non-moving sperm to determine whether it is alive and therefore able to be used for ICSI. This technique was subsequently applied to men with genetically immotile sperm with success and this technique is now used routinely in many reproductive centers worldwide. Concerned about the risk of transmitting genetic male infertility or other genetic issues to offspring with the use of modern assisted reproductive techniques such as ICSI, Turek founded a unique, trademarked program called PROGENI (Program in the Genetics of",0.999977943028701
predictions_K10_gpt-oss-20b.json,Researchers identify CTE biomarker that may lead to diagnosis while alive,TRUE,TRUE,0.6564402845318951,"Biomarker (medicine): biomarker research. Coronary angiography, an invasive procedure requiring catheterization, has long been the gold standard for diagnosing arterial stenosis, but scientists and doctors hope to develop noninvasive techniques. Many believe that cardiac computed tomography (CT) has great potential in this area, but researchers are still attempting to overcome problems related to “calcium blooming,” a phenomenon in which calcium deposits interfere with image resolution. Other intravascular imaging techniques involving magnetic resonance imaging (MRI), optical coherence tomography (OCT), and near infrared spectroscopy are also being investigated. Another new imaging biomarker involves radiolabeled fludeoxyglucose. Positron emission tomography (PET) can be used to measure",0.9835415103810636
predictions_K10_gpt-oss-20b.json,“Only 6% of the people actually died from COVID.” The others “died from other reasons.”,FALSE,TRUE,0.5725115436958932,"Les Roberts (epidemiologist): were much lower. In opposition to the study's claims, an official Ministerial Statement from the United Kingdom Parliament stated that ""the Government do not accept its[The Lancet study's] central conclusion"", noting that the Iraq Ministry of Health figures, which were collected from daily hospital reports, showed 3,853 civilian deaths and 15,517 injuries between April 5, 2004 and October 5, 2004. In October 2006 Roberts instigated a second study, Mortality after the 2003 invasion of Iraq: a cross-sectional cluster sample survey, using similar methods and increasing the number of households surveyed. The study was also published in The Lancet, and reported:",0.9988435166806382
predictions_K10_gpt-oss-20b.json,Facebook post Says a warning label on a box of disposable masks shows that they are ineffective at protecting against the spread of COVID-19.,FALSE,FALSE,0.06387371967339618,"Lymantria dispar multicapsid nuclear polyhedrosis virus: birds, and fish at field doses. While it is non-toxic to warm-blooded animals, impurities may cause eye irritation. The appearance is listed as, ""dried insect body parts and virus polyhedral"" and has a musty odor. For handlers and mixers, normal clothes, a medical face mask and goggles are recommended. In case of skin contact, wash with soap and water. If in eyes, flush with water. If irritation persists, seek medical attention. LdMNPV has undergone numerous tests in regards to toxicity and mortality, all of which show no adverse effects except varying irritation for ocular doses administered to the eyes of",0.9998398429789332
predictions_K10_gpt-oss-20b.json,Spanking kids can cause long-term harm: Canada study.,TRUE,TRUE,0.9999779683603768,"Corporal punishment in the home: spanking their children were three times more likely to also report using forms of punishment considered abusive to the researchers ""such as beating, burning, kicking, hitting with an object somewhere other than the buttocks, or shaking a child less than 2 years old"" than mothers who did not report spanking. The authors found that any spanking was associated with increased risk of abuse, and that there were strong associations between abuse and spanking with an object. Adam Zolotor, the study's lead author, noted that ""increases in the frequency of spanking are associated with increased odds of abuse, and mothers who",0.9999779651017002
predictions_K10_gpt-oss-20b.json,NFL suspends Patriots’ Gordon for substance abuse violation.,TRUE,TRUE,0.5995758851693475,"2016 Cleveland Browns season: the NFL due to repeated violations of the league's substance abuse policy, causing him to miss the entire 2015 season. On April 11, it was revealed that Gordon had failed another drug test, and on April 12, the league announced that Gordon's appeal had been denied. He was eligible to reapply on August 1. On July 25, the NFL announced that Gordon would be reinstated on a conditional basis, and can stay with the team during a four-game ban to begin the season. The Browns’ opponents in this season were almost identical to that of their 2004 season when according",0.9999724926122623
predictions_K10_gpt-oss-20b.json,Broccoli May Slow or Reverse Some Atherosclerosis,FALSE,TRUE,0.9999470075897535,"Atherosclerosis: of arteries limits the flow of oxygen-rich blood to parts of the body. Diagnosis is based upon a physical exam, electrocardiogram, and exercise stress test, among others. Prevention is generally by eating a healthy diet, exercising, not smoking, and maintaining a normal weight. Treatment of established disease may include medications to lower cholesterol such as statins, blood pressure medication, or medications that decrease clotting, such as aspirin. A number of procedures may also be carried out such as percutaneous coronary intervention, coronary artery bypass graft, or carotid endarterectomy. Atherosclerosis generally starts when a person is young and worsens with age.",0.9999775176944614
predictions_K10_gpt-oss-20b.json,New adult behavioral health unit opens in northern Arkansas.,TRUE,FALSE,0.2283313741774818,"University of Missouri Health Care: operating video right at a patient’s bedside. Missouri Psychiatric Center, formerly known as Mid-Missouri Mental Health Center, offers short-term inpatient and outpatient treatment services for adults, adolescents and children with 57 inpatient beds. A 13-bed unit serves children and adolescents, while the remaining 44 beds are divided into two adult units. MUPC also offers an emergency room assessment unit to help with crisis stabilization and intake and discharge planning for patients. Psychiatrists also provide outpatient psychiatry care at MU Health Care's South Providence Medical Building, which opened in January 2015. Missouri Rehabilitation Center (MRC) was a 79-bed acute care hospital",0.71884731873693
predictions_K10_gpt-oss-20b.json,California lawmakers want to repeal HIV criminalization laws.,TRUE,TRUE,0.9999321029217283,"LGBT rights in California: Appeals suspended the injunction on ""SB 1172"" and rejected the plaintiffs' claims against allowing for the ban on conversion therapy to go into effect. On June 26, 2014, the Supreme Court held a conference on whether or not to grant certiorari to ""Pickup v. Brown"". Certiorari was denied by the Supreme Court on June 30, 2014. California was the first state with such a law. On May 27, 2016, California Governor Jerry Brown signed ""Senate Bill 1408 into law"", effective immediately, that had recently unanimously passed the California State Legislature. The law protects organ donation and transplantation between HIV-positive people",0.999925946333974
predictions_K10_gpt-oss-20b.json,"More (people) die from indoor air pollution than from malaria, HIV/AIDS and TB combined.",TRUE,TRUE,0.5001049940548719,"Project Gaia: otitis media, cancer of the upper airway, and cataracts. Respiratory disease in children is the leading cause of death for children, though malaria and diarrheal diseases are better known. Indoor air pollution also disproportionately effects refugee, poor urban, and HIV/AIDs populations living in crowded and poorly ventilated conditions, and already carrying the burden of disease. Meanwhile, collecting wood involves risk to personal safety. Women and older children usually collect wood, often facing gender-based harassment and disputes with landowners who accuse them of trespassing. Women in Ethiopia's UNHCR refugee camps say that they fear assault, rape, and violence while searching for",0.999977964267276
predictions_K10_gpt-oss-20b.json,The Centers for Disease Control and Prevention is ordering that all deaths no matter the cause be counted as COVID-19 deaths via a new ICD code.,FALSE,FALSE,0.00010742078889501203,"International Statistical Classification of Diseases and Related Health Problems: describe the clinical picture of the patient. The diagnosis component of ICD-9-CM is completely consistent with ICD-9 codes, and remains the data standard for reporting morbidity. National adaptations of the ICD-10 progressed to incorporate both clinical code (ICD-10-CM) and procedure code (ICD-10-PCS) with the revisions completed in 2003. In 2009, the U.S. Centers for Medicare and Medicaid Services announced that it would begin using ICD-10 on April 1, 2010, with full compliance by all involved parties by 2013. The years for which causes of death in the United States have been classified by each revision as follows: Cause of death",0.9999824863864546
predictions_K10_gpt-oss-20b.json,Singer and actress Demi Lovato passed away in August 2018.,FALSE,FALSE,0.1664815996390437,"Demi Lovato: Is Me"", ""Here We Go Again"", ""Skyscraper"", ""Give Your Heart a Break"", ""Heart Attack"", ""Cool for the Summer"", and ""Sorry Not Sorry"". Of her television credits, Lovato starred as the titular character on ""Sonny with a Chance"" from 2009 to 2011; was featured as a judge and mentor on the American version of ""The X Factor"" in 2012 and 2013; and appeared as a recurring character on ""Glee"". Her struggles with bipolar disorder, addiction, an eating disorder, and self-harm received significant media attention in the 2010s, in response to which she published the book ""Staying Strong: 365 Days a Year""",0.9999995579726167
predictions_K10_gpt-oss-20b.json,"Foster care, mental health, guns on DeWine’s 2020 agenda.",TRUE,TRUE,0.6449475136925221,"Mike DeWine: if not for the DeWine initiative. DeWine also launched the Crimes Against Children Initiative, which paired BCI criminal investigators with seasoned prosecuting attorneys to investigate and prosecute child predators. DeWine’s Crimes Against Children Initiative focuses on holding accountable those who sexually and physically abuse children, those who share and view child pornography, and those who target children online. DeWine’s office also developed several task forces for the investigation and prosecutions of human trafficking throughout the state. As attorney general, DeWine took steps to close down ""pill mills"" in Ohio that fueled the opioid epidemic. By the end of his first",0.8427807661419677
predictions_K10_gpt-oss-20b.json,11-year-old shares her story battling cancer with classmates.,TRUE,TRUE,0.7065672081665821,"Alberto Sardiñas: Power of Your Story is available in paperback on Amazon.com, BarnesAndNoble.com and AlbertoSardinas.com. Also available for download on Kindle, Nook and iBooks. When he was 18 years old, his mother was diagnosed with stage III breast cancer. Eight years later, in 2004, Alberto joined Romance 106.7 FM colleague Ariel Ramírez to participate in the Walt Disney World Half Marathon as part of “Team in Training”, a program that raises funds for the Leukemia & Lymphoma Society, dedicated to finding a cure for blood related cancers. In order to accomplish this goal, he abandoned a sedentary lifestyle and started training four",0.9671964038528371
predictions_K10_gpt-oss-20b.json,Peru's giant jungle fish hooks conscientious gourmets.,TRUE,TRUE,0.9999365852740079,"Peruvian cuisine: fish like gamitana, sabalo (""Salminus hilarii"", see ""Salminus""), tucunare, boquichico, palometa, bagre, and many others including the piranha, that are prepared in variety of dishes such as ""timbuche"" (soup) or ""patarashca"" (grilled in vegetables); many types of turtles like the motelo (land turtle), and the charapa and taricaya (river turtles). Hunting turtles is prohibited in Peru, therefore turtle-based dishes are scarce and expensive and not sold ""à la carte"" in restaurants. Other animals include the majas, the sajino, the agouti and jungle mammals, which are called collectively ""carne de monte"". The Black Caiman is also considered a delicacy; but its",0.9999771067535773
predictions_K10_gpt-oss-20b.json,"The Swedish parliament rejected seven proposals in May 2017 establishing a mandatory vaccination program, enacting a ban on the practice.",FALSE,FALSE,0.27814600188849015,"Health in Spain: in the case of epidemics. In 1921 vaccination became mandatory for smallpox, and in 1944 the Bases Health Act mandated compulsory vaccination for diphtheria and smallpox, but was suspended in 1979 after the elimination of the threat of an epidemic. The first systematic immunization schedule for the provinces of Spain was established in 1975 and has continuously been updated by each autonomous community in regard to doses at certain ages and recommendation of additional vaccine not proposed in the schedule. The 2015 schedule proposed the newest change with the inclusion of pneumococcal vaccine for children under 12 months. For 2016,",0.9942109594626898
predictions_K10_gpt-oss-20b.json,"Crossroads GPS Says Joe Sestak ""voted to gut Medicare ... reducing benefits for 854,489 seniors"" and jeopardizing ""access to care for millions.",FALSE,FALSE,0.19741300162409434,"Protecting Access to Medicare Act of 2014: Nancy Pelosi said that she supported the bill because she thought Republicans would use the situation, if the Medicare cuts went into effect, to attack Obamacare and because she didn't want seniors to worry about their access to their doctors. Sponsor of the bill Rep. Joe Pitts (R-PA) said he still supports a permanent fix and is ""sponsoring this bill today because it is my earnest hope that this is the last patch we will have to pass."" The bill was originally scheduled to be considered under a suspension of the rules, a procedure that would have required the bill",0.9905523221010062
predictions_K10_gpt-oss-20b.json,UK faces new legal action over air quality.,TRUE,TRUE,0.5001098516008048,"Environmental Protection UK: in the UK. The Government’s Committee on the Medical Effects of Air Pollution (COMEAP) estimates that approximately 24,000 deaths per year are advanced due to the effects of “normal” UK concentrations of air pollution. In hot years such as 2003 this figure may have been even larger. EPUK founded and launched the Healthy Air Campaign in 2011 - now being co-ordinated by Client Earth. Air pollution remains a significant health threat - with the UK facing the threat of fines from the EU for breaching air quality guidelines - so the work of the EPUK air quality committee remains crucial.",0.9999779634637779
predictions_K10_gpt-oss-20b.json,UK authorities release confiscated cannabis after boy hospitalized.,TRUE,TRUE,0.9999765278722187,"Cannabis in the United Kingdom: law. This led to increased public outcry, particularly in the case of Billy Caldwell who was hospitalised with life-threatening seizures after his medication was confiscated by authorities. On 20 June 2018, Health Secretary Jeremy Hunt announced his support for the medical use of cannabis and that a review would be undertaken to study changes to the law. On 26 July 2018, Home Secretary Sajid Javid announced that cannabis products would be made legal for patients with an ""exceptional clinical need"", and that cannabis would be moved from a Schedule I classification to Schedule 2. On 11 October the new provisions",0.9998113701244511
predictions_K10_gpt-oss-20b.json,Heart Device Cuts Death Rate,TRUE,TRUE,0.5001987334955129,"Dipsalut: Each year in Catalonia between 3,000 and 4,000 people die from sudden cardiac death,[note 1] which is when a person's heart stops pumping blood due to a problem with their cardiac rhythm. It can affect people of all ages and both sexes and it is unpredictable. The only way to save the victim's life is to use a defibrillator, a device that delivers an electric shock to help the heart recover its normal rhythm. To save the victim and avoid any subsequent after-effects it is essential to use the defibrillator within the first few minutes of the cardiac arrest. However,",0.9999999208636831
predictions_K10_gpt-oss-20b.json,"Liberals"" want to change the name of Cracker Barrel to ""Caucasian Barrel"" because otherwise it's racist.",FALSE,TRUE,0.875000525970992,"Cracker (term): Cracker (term) Cracker, sometimes white cracker or cracka, is a colloquial term for white people, used especially for poor rural whites in the Southern United States. It is also at times used indiscriminately and pejoratively against any person of white background. However, it is sometimes used in a neutral or positive context or self-descriptively with pride in reference to a native of Florida or Georgia (see Florida cracker and Georgia cracker). A 1783 pejorative use of ""crackers"" specifies men who ""are descended from convicts that were transported from Great Britain to Virginia at different times, and inherit so much profligacy",0.9999900300821997
predictions_K10_gpt-oss-20b.json,Massachusetts Senate to debate prescription drug price bill.,TRUE,TRUE,0.824884286206511,"Charlie Baker: core competencies program on prescription drug misuse at the state's dental schools, and spoke in support of the Obama Administration's $1.1 billion proposal to expand access to treatment for drug addicts. In March 2016, Baker spoke in support of new Centers for Disease Control opioid prescription guidelines, signed into law a bill repealing automatic driver's license suspensions for people convicted of drug crimes, and Baker signed into law a compromise version of the comprehensive opioid legislation he proposed the previous October. In May 2016, Baker and Massachusetts Attorney General Maura Healey launched a statewide campaign to promote awareness of protection",0.9999221320586873
predictions_K10_gpt-oss-20b.json,"Inspired by Greta Thunberg, worldwide protest demands climate action.",TRUE,TRUE,0.5554530877920765,"Greta Thunberg: Greta Thunberg Greta Thunberg (born 3 January 2003) is a Swedish climate activist. She is known for striking outside the Swedish parliament building to raise climate change activism, speaking at TEDxStockholm, and addressing the COP24 UN climate conference. Thunberg was born on 3 January 2003. Her mother is Malena Ernman, a Swedish opera singer. Thunberg's father is Svante Thunberg, who is an actor named after Svante Arrhenius. Arrhenius is an ancestor of her father, and won a Nobel Prize in Chemistry for calculating the effects of greenhouse gases in the atmosphere. Her grandfather is Olof Thunberg, an actor and a",0.9999847736510681
predictions_K10_gpt-oss-20b.json,Lava gushes from volcano near Manila; tens of thousands flee.,TRUE,TRUE,0.9999925325996215,"Ring of Fire: flank. Some minor volcanic activity may occur in the next few years. The 1991 eruption of Mount Pinatubo is the world's second-largest terrestrial eruption of the 20th century. Successful predictions of the onset of the climactic eruption led to the evacuation of tens of thousands of people from the surrounding areas, saving many lives, but as the surrounding areas were severely damaged by pyroclastic flows, ash deposits, and later, lahars caused by rainwater remobilising earlier volcanic deposits, thousands of houses were destroyed. Mayon Volcano is the Philippines' most active volcano. It has steep upper slopes that average 35–40° and is",0.9999959973322436
predictions_K10_gpt-oss-20b.json,Group launches plan to improve behavioral care access.,TRUE,TRUE,0.99987891545354,"Primary Care Behavioral health: prototype for cost offset research and spawned future projects among managed care organizations, with goal of reducing costs. In 1987, Humana followed suit by studying brief behavioral intervention among Medicare recipients in Florida, with the intention of reducing medical utilization among recent widows and widowers. Known as the Bereavement Program, Humana learned after 2 years $1400 could be saved per patient via brief group intervention for bereavement. In the 1990s, other HMOs and regional group practices began to integrate behavioral health services into primary care, including Kaiser Permanente, Healthcare partners, Group Health Cooperative of the Puget Sound, Kaiser Group Health",0.9713120601601396
predictions_K10_gpt-oss-20b.json,India allows limited exports of anti-malaria drug after Trump warns of retaliation.,TRUE,FALSE,0.00013284172009639283,"World Malaria Day: group Malaria No More. Other former U.S. Presidents are involved in anti-malaria efforts. Former President Bill Clinton's Clinton Foundation includes an anti-malaria component that, according to director Inder Singh has distributed anti-malaria drugs to millions in Africa and Asia. Many prominent companies, organizations, and celebrities have declared initiatives to join the fight against malaria to mark this day. These include a $3 million ""challenge grant"" announced by ExxonMobil to match donations dollar by dollar to Malaria No More, as part of the ""Idol Gives Back"" episodes of American Idol, which was aired on Malaria Awareness Day. Major League Soccer Commissioner",0.9999999997415772
predictions_K10_gpt-oss-20b.json,“if your child gets this virus their going to hospital alone in a van with people they don’t know...to be with people they don’t know… you will be at home without them in their time of need.”,FALSE,TRUE,0.8156513691070643,"What Lies Below: him because if he doesn't have anyone there, he's basically going to regress and go back to the place, I think mentally, that he was in when he was in the mental institution. And of course we don't want that."" One of the episode's scenes involves an infected woman jumping out of the building onto a van in an attempt to spread the virus further. To simulate her 160-feet fall, stuntwoman Angela Uyeda was placed in a crane 10 to 15 feet above the van and asked to jump onto the van below. The crew removed the roof structure on",0.8525670380083454
predictions_K10_gpt-oss-20b.json,Report: 20-somethings can go 2 years between Paps,TRUE,FALSE,0.444441489694397,"Pap test: (ACOG) and others recommend starting screening at age 21 (since that is a few years after initial sex for most American women). Many other countries wait until age 25 or later to start screening. For instance, some parts of Great Britain start screening at age 25. ACOG's general recommendation is that people with uteruses age 30–65 have an annual well-woman examination, that they not get annual Pap tests, and that they do get Pap tests at three-year intervals. HPV is passed through skin to skin contact; sex does not have to occur, although it is a common way for it",0.9999748701201158
predictions_K10_gpt-oss-20b.json,Greece quarantines second migrant camp after COVID-19 case confirmed.,TRUE,TRUE,0.9976501772429873,"2016 Turkish coup d'état attempt: oversee deportations. On 25 August 2016, seven Turkish citizens were seeking asylum in Greece. A couple, both of whom are university professors, and their two children applied for asylum in Alexandroupoli after they illegally entered the country from the northeastern border. Also, three businessmen have illegally reached the Greek island of Rhodes, and they also applied for asylum. On 30 August 2016, a Turkish judge arrived to the Greek island of Chios on a migrant boat, along with six Syrian nationals, and sought asylum in the country. He told the Greek coast guard and police officers that he is being",0.995339671571101
predictions_K10_gpt-oss-20b.json,"Cracking the mysteries of the elusive, majestic whale shark.",TRUE,TRUE,0.9998902522865308,"Donsol: 26, 1997, a group of scuba divers led by Romir Aglugub – a PADI diving instructor, discovered its presence, and interacted and came in contact with the whale sharks. Even the members of the diving group of Romir was having second thought if the fish is docile, until the instructor led the way into the water and came in contact with the whale shark. Copy of video footage taken by the group was passed on to the media and the WWF-Philippines. By March 1998, Donsol became world-class tourist destination and now known as the “Whale Shark Capital of the World”.",0.9999699453561952
predictions_K10_gpt-oss-20b.json,Bill McCollum holds the same position on (embryonic stem cell research) as Barack Obama.,TRUE,FALSE,0.14414443750160533,"Stem cell laws and policy in the United States: produced cures and treatments for cancer and paralysis for example, but there are some high-profile exceptions who offer qualified support for some embryonic stem cell research. Prominent Republican leaders against embryonic stem cell research include Sarah Palin, Jim Talent, Rick Santorum, and Sam Brownback. In July 2001: 2008 ""GOP"" Presidential Candidate John McCain was a member of The Republican Main Street Partnership, and supported embryonic stem cell research, despite his earlier opposition. In July 2008 he said, ""At the moment I support stem cell research [because of] the potential it has for curing some of the most terrible diseases that",0.999985805641695
predictions_K10_gpt-oss-20b.json,"After prohibition ended, police deaths didn't reach 200 a year again until the year Nixon declared war on drugs.",FALSE,TRUE,0.999967162835732,"Cannabis policy of the Richard Nixon administration: Cannabis policy of the Richard Nixon administration During the administration of American President Richard Nixon (1969–1974), the United States turned to increasingly harsh measures against cannabis use, and a step away from proposals to decriminalize or legalize the drug. The administration began the War on Drugs, with Nixon in 1971 naming drug abuse as ""public enemy number one in the United States."" Operation Intercept was an anti-drug measure announced by Nixon on at 2:30pm on Sunday, September 21, 1969, resulting in a near shutdown of border crossings between Mexico and the United States. The initiative was intended to reduce the",0.999995146598233
predictions_K10_gpt-oss-20b.json,First test of anti-epilepsy surgeries in children shows dramatic benefit,TRUE,TRUE,0.9958145207120517,"Hal Blumenfeld: may help produce targeted therapies with better effectiveness and fewer side effects. Other important innovations in Blumenfeld’s work include using virtual-reality driving simulation during video/EEG monitoring to evaluate driving safety in patients with epilepsy. In addition, his research group developed a prospective bedside testing battery, the Responsiveness in Epilepsy Scale (RES). These testing methods provide better information to patients and physicians making decisions about driving, and may help identify brain areas crucial for impaired awareness in epilepsy. Dr. Blumenfeld has also developed two new approaches to target epilepsy surgery to the correct location in the brain: 1. 3D color movies",0.9917087718764429
predictions_K10_gpt-oss-20b.json,"Love bugs"" are the result of a genetic experiment gone wrong at the University of Florida.",FALSE,FALSE,0.082120422903591,"The Love Bug (1997 film): The Love Bug (1997 film) The Love Bug is a 1997 American made-for-television comedy adventure film and a remake of the 1968 film of the same name produced by Walt Disney Television which premiered on ABC as part of ""The Wonderful World of Disney"" on November 30, 1997. The remake starred Bruce Campbell and included a special appearance by Dean Jones, star of the original ""Love Bug"", tying it to the previous films and introduced an evil black Volkswagen named Horace, ""The Hate Bug"", giving the film a much darker tone than the other ""Herbie"" films. It is the fifth",0.9951941153774101
predictions_K10_gpt-oss-20b.json,"Canada faces 'critical week' in coronavirus crisis, death toll jumps.",TRUE,TRUE,0.7500000119256093,"2012 Middle East respiratory syndrome coronavirus outbreak: MERS had infected at least 60 people with cases reported in Jordan, Qatar, Saudi Arabia, the United Arab Emirates (UAE), Tunisia, Germany, the United Kingdom (UK), France and Italy, with a death toll of 38. Saudi officials expressed great concern that millions of Muslims from around the world would potentially be exposed to the virus during the autumn Hajj, or pilgrimage to Mecca. In May 2014, the WHO said it was monitoring the situation as global cases of MERS appeared to be on the rise, but said the situation did not yet constitute a health emergency. On 3 June 2014,",0.9999999986851339
predictions_K10_gpt-oss-20b.json,"An amendment inserted by lawmakers into the state budget ""exempts scientific researchers from all state animal cruelty laws.",TRUE,FALSE,0.038331709265459216,"Animal Welfare Act of 1966: medical [sic] research be respected and that administrative enforcement govern the Animal Welfare Act. In 1998, a court case was argued on behalf of the Animal Legal Defense Fund vs Daniel Glickman (the Secretary of Agriculture), for the inhumane treatment of a primate named Barney at a Long Island Game Farm Park and Zoo. A man name Marc Jurnove had visited this park on a regular basis and noticed this primate had been neglected. He filed suit against the USDA for failing to meet the minimum standards under the AWA and his allegations were supported by investigations. The U.S. Court",0.982632850323268
predictions_K10_gpt-oss-20b.json,Shots for food workers urged in 2 West Virginia counties.,TRUE,TRUE,0.68192656968875,"Eugene Crum: 2013, in Williamson, West Virginia, shortly after noon. Tennis Melvin Maynard, age 37, of Ragland, West Virginia, walked up to the sheriff's SUV and at point blank range, allegedly shot Crum in the forehead and temple region, killing him instantly. After killing Crum, Maynard fled from the scene travelling south on U.S. 52 toward Delbarton, where he was shot and seriously wounded by Mingo County Sheriff's Department Corporal Norman Mines, after pulling a gun on them. Maynard was transported to Regional Medical Center in Logan County, West Virginia, and was later transferred to Cabell Huntington Hospital in Huntington, West Virginia.",0.8709982396729913
predictions_K10_gpt-oss-20b.json,Georgia shelter quarantines dog area for parvovirus.,TRUE,TRUE,0.9998916877317932,"Canine parvovirus: for immunity. A modified live vaccine many confer protection in 3 to 5 days; the contagious individual should remain in quarantine until other animals are protected. Canine parvovirus Canine parvovirus type 2 (CPV2, colloquially parvo) is a contagious virus mainly affecting dogs, and thought to originate in cats. The current consensus is that the feline panleukopenia virus mutated into CPV2. Parvo is highly contagious and is spread from dog to dog by direct or indirect contact with their feces. Vaccines can prevent this infection, but mortality can reach 91% in untreated cases. Treatment often involves veterinary hospitalization. Canine parvovirus may",0.9999823153074052
predictions_K10_gpt-oss-20b.json,Arkansas Colleges of Health Education celebrates 5 years.,TRUE,TRUE,0.7637805028331646,"University of Arkansas for Medical Sciences: late Dr. Fay W. Boozman, a UAMS graduate who led the Arkansas Department of Health from 1998 until his death in 2005. In 1975, the names of the schools on campus were changed to colleges and the executive officer’s title became chancellor. In 1980, after being known by several different names through history, the institution’s name changed to the University of Arkansas for Medical Sciences (UAMS). Dr. James L. Dennis was named the first chancellor. He was originally named vice president of health sciences in 1970, becoming chancellor in 1975 when the title of the institution’s executive officer was changed.",0.9951878560164886
predictions_K10_gpt-oss-20b.json,Death is listed as a side effect of the MMR vaccine.,FALSE,TRUE,0.6590011351252635,"MMR vaccine: even (rarely) chronic arthritis. Anaphylaxis is an extremely rare but serious allergic reaction to the vaccine. One cause can be egg allergy. In 2014, the FDA approved two additional possible adverse events on the vaccination label: acute disseminated encephalomyelitis (ADEM), and transverse myelitis, with permission to also add ""difficulty walking"" to the package inserts. A 2012 IOM report found that the measles component of the MMR vaccine can cause measles inclusion body encephalitis in immunocompromised individuals. This report also rejected any connection between the MMR vaccine and autism. Some versions of the vaccine contain the antibiotic neomycin and therefore should",0.9983485242186034
predictions_K10_gpt-oss-20b.json,Mozambique to start cholera vaccinations next week after cyclone.,TRUE,FALSE,0.00010806570609390125,"Cyclone Favio: the situation aerially. The disaster management minister of South Africa flew into Mozambique to survey the damage. Due to the concern for potential disease epidemics including those of malaria and cholera, health officials raised public awareness through theaters and radio. A joint coalition of the United States Agency for International Development and the Office of Foreign Disaster Assistance provided $626,500, enabling transportation of 50,000 mosquito nets to the devastated area. Oxfam International distributed of clean water per day for 15,000 displaced people in the Caia and Marromeu districts and housed 8,000 residents in Chupanga, where they also distributed 5,500 bars",0.999982334991489
predictions_K10_gpt-oss-20b.json,Technology helps China brace for population growth.,TRUE,TRUE,0.9746364187001122,"Great Divergence: a parliament. Greater economic liberty, fostered by the interaction of fragmentation and reform, unleashed faster and more inter-connected urban growth. Justin Yifu Lin argued that China's large population size proved beneficial in technological advancements prior to the 14th century, but that the large population size was not an important factor in the kind of technological advancements that resulted in the Industrial Revolution. Early technological advancements depended on ""learning by doing"" (where population size was an important factor, as advances could spread over a large political unit), whereas the Industrial Revolution was the result of experimentation and theory (where population size",0.9979013868556217
predictions_K10_gpt-oss-20b.json,"The University of Louisville Hospital confirmed the deaths of 16 people from a rare strain of the ""HR3211 virus.",FALSE,TRUE,0.7500861950940672,"2012 Middle East respiratory syndrome coronavirus outbreak: coronavirus researcher at the Erasmus Medical Center (EMC) in Rotterdam, The Netherlands. The second laboratory-proven case was in London, confirmed by the UK Health Protection Agency (HPA). The HPA named the virus the London1_novel CoV 2012. On 8 November 2012, in an article published in the New England Journal of Medicine, Dr. Zaki and co-authors from the Erasmus Medical Center published more details, including a scientific name, Human Coronavirus-Erasmus Medical Center (HCoV-EMC), which was then used in scientific literature. In the article, they noted four respiratory human coronaviruses (HCoV) known to be endemic: 229E, OC43, NL63, and HKU1. In May",0.999952328597783
predictions_K10_gpt-oss-20b.json,"As the United States government tried to negotiate a response to a novel coronavirus strain, cost issues temporarily stalled passing a bill approving roughly $8 billion in emergency funding.",TRUE,TRUE,0.9998808529547559,"Biodefense and Pandemic Vaccine and Drug Development Act of 2005: responsibility for developing bioterrorism countermeasures out of the Department of Homeland Security and into the new BARDA agency within the Department of Health and Human Services. The proposed new agency would improve on Project BioShield, a barely two-year-old program also meant to encourage production of vaccines and drugs. BARDA would receive a first-year budget of $1 billion. Other key aspects of the proposed legislation include: Much of the support for the bill comes from Pharmaceutical Research and Manufacturers of America (PhRMA) and its members. In the 2002 election cycle, PhRMA contributed $3,505,052 to politicians, with 95% going to Republicans. The",0.9999963326291026
predictions_K10_gpt-oss-20b.json,Cleveland Browns running back Isaiah Crowell once posted to his Instagram profile an artist's rendering of a hooded man cutting the throat of a police officer.,TRUE,TRUE,0.9998839102756617,"Isaiah Crowell: On December 10, in an overtime loss to the Green Bay Packers, he finished with a season-high 121 rushing yards. Overall, in the 2017 season, he finished with 853 rushing yards, two rushing touchdowns, 28 receptions, and 182 receiving yards as the Browns recorded the second 0–16 season in NFL history. On March 14, 2018, Crowell signed a three-year deal worth $12 million with the New York Jets. During ""Monday Night Football"" against the Detroit Lions in Week 1, Crowell finished with 102 rushing yards and two rushing touchdowns, of which one was a 62-yard run, as the Jets won",0.9999955071613716
predictions_K10_gpt-oss-20b.json,U.S. men less likely to heed health warnings as coronavirus death toll mounts: Reuters Poll.,TRUE,FALSE,0.1876244003601633,"2012 Middle East respiratory syndrome coronavirus outbreak: MERS had infected at least 60 people with cases reported in Jordan, Qatar, Saudi Arabia, the United Arab Emirates (UAE), Tunisia, Germany, the United Kingdom (UK), France and Italy, with a death toll of 38. Saudi officials expressed great concern that millions of Muslims from around the world would potentially be exposed to the virus during the autumn Hajj, or pilgrimage to Mecca. In May 2014, the WHO said it was monitoring the situation as global cases of MERS appeared to be on the rise, but said the situation did not yet constitute a health emergency. On 3 June 2014,",0.9999948720325293
predictions_K10_gpt-oss-20b.json,Washington state deals blow to plan for coal export terminal.,TRUE,TRUE,0.999881988865542,"Lummi: to represent them in future lawsuits, indicating the Lummi are preparing for a fight in the courts over the Gateway Pacific Terminal. These protests by the Lummi and others regarding the Gateway Pacific Terminal connect to regional struggles against fossil coal extraction and export by environmental groups and Native American organizations in the Pacific Northwest. In September 2012, the Affiliated Tribes of Northwest Indians, a congress of more than 50 tribes in seven states, passed a resolution demanding a broad environmental impact statement for all terminal projects regionally. Another regional protest against coal development in the Pacific Northwest by Native",0.9999968752267905
predictions_K10_gpt-oss-20b.json, A report of a 7-year-old girl who got breast implants has stirred controversy. ,FALSE,FALSE,0.22592632170109084,"Heather Morris: of ""Fitness"" magazine, she stated that she had had her breast implants removed. ""Implants were something I thought I wanted when I was younger, and now I don't. It was hard being active with them, because my chest was always sore. It hurt a lot, and I didn't like always being in pain, so they had to go!"" Her breast implant surgery was done sometime between her time on ""So You Think You Can Dance"" at age 18, and age 21 when she was a backup dancer for Beyoncé. Morris was taking acting classes and actively pursuing an acting career",0.9754255220943526
predictions_K10_gpt-oss-20b.json,"Images shared in March 2020 showed a convoy of military trucks transporting bodies away from an over-subscribed crematorium in Bergamo, Italy.",TRUE,TRUE,0.7499976803407549,"The Italian Job: which escorts the gold convoy is a conversion of a former Second World War American M8 Greyhound armoured car. The original 37mm gun was removed and replaced with a water cannon. A Land Rover Series IIa Station Wagon, registration BKO 686C, was used to get to the convoy before attacking and was modified with window bars and a towbar. A Ford Thames 400E van was used for the football fans' decorated van; this was referred to as the Dormobile, the name of a common camper-van conversion coachbuilder. The cross-Channel ferry featured in one scene is the MS ""Free Enterprise I"".",0.9999991862549868
predictions_K10_gpt-oss-20b.json,12 Minutes of Yoga for Better Bone Health,TRUE,TRUE,0.9999980131877386,"Physical fitness: who are achieving 150 minutes of exercise a week. These guidelines, are now much more in line with those used in the US, also include recommendations for muscle-building and bone strengthening activities such as lifting weights and yoga.<https://www.nhs.uk/news/lifestyle-and-exercise/major-new-exercise-guidelines-announced/> The US guidelines continue: For additional and more extensive health benefits, adults should increase their aerobic physical activity to 300 minutes (5 hours) a week of moderate-intensity, or 150 minutes a week of vigorous-intensity aerobic physical activity, or an equivalent combination of moderate- and vigorous-intensity activity. Additional health benefits are gained by engaging in physical activity beyond this amount. Adults should also",0.9999997586121523
predictions_K10_gpt-oss-20b.json,Complacency a concern as AIDS treatment improves in Africa.,TRUE,TRUE,0.999953326269966,"HIV/AIDS in Uganda: and a general complacency or 'AIDS fatigue'. It has been suggested that antiretroviral drugs have changed the perception of AIDS from a death sentence to a treatable, manageable disease; this may have reduced the fear surrounding HIV, and in turn have led to an increase in risky behaviour. Although prevention interventions, like safe male circumcision, have been shown to effectively reduce HIV transmission, studies in Uganda have shown delayed uptake of these interventions and attributed this to contestations over evidence by high-level leaders. Although abstinence has always been part of the country’s prevention strategy it has come under scrutiny since",0.9999630321165588
predictions_K10_gpt-oss-20b.json,"Oregano, Thyme May Hold the Cure for Wasting Syndrome Disease",FALSE,FALSE,0.49999505597499505,"Patrick Edward McGovern: including Lewis lung carcinoma, colon cancer (adenocarcinoma), Kaposi's sarcoma (connective tissue), uveal melanoma, hepatoma, ascitic liver tumor, ovarian cancer, pancreatic cancer, neuroblastoma, and myeloid leukemia. Analyses of some of the earliest wine from the tomb of Scorpion I at Abydos, Egypt Ancient Egypt, dated to ca. 3150 B.C., has revealed the presence of a host of herbal additives, including herbs—savory (""Satureja""), ""Artemisia seibeni"" (a member of the wormwood family), blue tansy (""Tanacetum annuum""), balm (""Melissa""), senna (""Cassia""), coriander (""Coriandrum""), germander (""Teucrium""), mint (""Mentha""), sage (""Salvia""), and/or thyme (""Thymus/Thymbra""). Some active compounds in these plants have also shown to have ""in",0.999994767716041
predictions_K10_gpt-oss-20b.json,"Lose weight with skin cream? Fat chance, says U.S. govt.",TRUE,FALSE,0.20195224949075308,"Weight loss: cheaper, more reliable, or less painful. These include books, DVDs, CDs, cremes, lotions, pills, rings and earrings, body wraps, body belts and other materials, fitness centers, clinics, personal coaches, weight loss groups, and food products and supplements. In 2008 between US$33 billion and $55 billion was spent annually in the US on weight-loss products and services, including medical procedures and pharmaceuticals, with weight-loss centers taking between 6 and 12 percent of total annual expenditure. Over $1.6 billion a year was spent on weight-loss supplements. About 70 percent of Americans' dieting attempts are of a self-help nature. In Western Europe, sales",0.6569125323357499
predictions_K10_gpt-oss-20b.json,"San Antonio has seen ""67% growth"" in water customers ""in the last 25 years, 0% more water used.",FALSE,TRUE,0.9999337048479569,"San Antonio: rolling terrain is dotted with oak trees, forested land, mesquite, and cacti; and it sits on the Balcones Escarpment. Its altitude is above sea level. The city's primary source of drinking water is the Edwards Aquifer. Impounded in 1962 and 1969, respectively, Victor Braunig Lake and Calaveras Lake were among the first reservoirs in the country built to use recycled treated wastewater for power plant cooling, reducing the amount of groundwater needed for electrical generation. Downtown San Antonio, the city and metro area's urban core, encompasses many of the city's famous structures, attractions, and businesses. The central business district is",0.999881301704958
predictions_K10_gpt-oss-20b.json,Hal Turner Radio Show Says the coronavirus is “a MILITARY BIO-WEAPON Developed by China's Army.”,FALSE,FALSE,0.00010718277000230179,"Severe acute respiratory syndrome: strain of a particular virus known as a coronavirus. This strain has all the genetic building blocks of the type that triggered the global outbreak of SARS in 2002."" The research was ""published in the journal ""Public Library of Science Pathogens"""" and ""was led by Shi Zheng-Li and Cui Jie of the Wuhan Institute of Virology, China... In their paper, the Chinese team warn that another deadly outbreak of SARS could emerge at any time. As they point out, the cave where they discovered their strain is only a kilometre from the nearest village."" The World Health Organization declared severe",0.9999683225311248
predictions_K10_gpt-oss-20b.json,Hard questions about chemo,TRUE,TRUE,0.9999817431160045,"Post-chemotherapy cognitive impairment: primarily in breast cancer survivor and support groups as affecting a subset of individuals treated with chemotherapy, who attributed it to the effects of the medication taken to treat their cancers. The term ""chemobrain"" appears in publications at least as early as 1997. Post-chemotherapy cognitive impairment Post-chemotherapy cognitive impairment (PCCI) (also known in the scientific community as ""CRCIs or Chemotherapy-Related Cognitive Impairments"" and in lay terms as chemotherapy-induced cognitive dysfunction or impairment, chemo brain, or chemo fog) describes the cognitive impairment that can result from chemotherapy treatment. Approximately 20–30% of people who undergo chemotherapy experience some level of post-chemotherapy cognitive",0.9999817431160045
predictions_K10_gpt-oss-20b.json,Gene test could spare women from unnecessary radiation,TRUE,TRUE,0.531382315460745,"Ovarian cancer: This is often done after completion of childbearing years. This reduces the chances of developing both breast cancer (by around 50%) and ovarian cancer (by about 96%) in people at high risk. Women with ""BRCA"" gene mutations usually also have their Fallopian tubes removed at the same time (salpingo-oophorectomy), since they also have an increased risk of Fallopian tube cancer. However, these statistics may overestimate the risk reduction because of how they have been studied. People with a significant family history for ovarian cancer are often referred to a genetic counselor to see if testing for BRCA mutations would be",0.9999985438601064
predictions_K10_gpt-oss-20b.json,"Jay Hottinger Says Wendy’s founder ""Dave Thomas left the state literally on his deathbed to avoid the estate tax.",FALSE,FALSE,0.21444641749506702,"Ron Joyce: coffee shops and Wendy's fast food restaurants in Prince Edward Island wanted to combine both franchises under one roof in a new development in Montague. Murphy asked Joyce and Wendy's founder, Dave Thomas (1932–2002), to be present for the opening. Joyce eventually sold his Wendy's stock and retired from management, but even in retirement continues to be active in his holding company, Jetport Inc, which has significant real estate, aviation, and commercial interests. In 2000, Joyce opened Fox Harb'r Golf Resort & Spa, a five star, four diamond resort/gated community. An airport was built as part of the new resort,",0.9999928043080273
predictions_K10_gpt-oss-20b.json,A form of strep infection is capable of affecting the nasal cavity and face.,TRUE,FALSE,0.43392984529015355,"Danger triangle of the face: Danger triangle of the face The danger triangle of the face consists of the area from the corners of the mouth to the bridge of the nose, including the nose and maxilla. Due to the special nature of the blood supply to the human nose and surrounding area, it is possible, albeit extremely unlikely, for retrograde infection from the nasal area to spread to the brain, causing cavernous sinus thrombosis, meningitis or brain abscess. This is possible because of venous communication (via the ophthalmic veins) between the facial vein and the cavernous sinus. The cavernous sinus lies within the cranial",0.9999851404995699
predictions_K10_gpt-oss-20b.json,"Image of an anti-Semitic sign (""the real plague"") was captured at a COVID-19 anti-lockdown protest in Ohio in April 2020.",TRUE,FALSE,0.22591592341205838,"Joshua Bonehill-Paine: Auschwitz and a stereotyped cartoon of a Jewish man being sprayed with weedkiller, under the slogan ""Join us on July 4 for what promises to be an absolute gas!"" with an SS lightning bolt in the ‘O’ of Golders Green. Weekes said the poster ""trivialises and mocks the death of millions of Jews during the Third Reich"" and considered the use of Nazi imagery in reference to an area with a large Jewish population to be ""incitement"". On 16 December, Bonehill-Paine was convicted of inciting racial hatred against Jews. He was sentenced to three years and four months imprisonment. Bonehill-Paine",0.9722428863647443
predictions_K10_gpt-oss-20b.json,A new Arkansas law allows rapists to sue their victims to stop an abortion.,FALSE,FALSE,0.1625059287462519,"William Harrison (physician): Supreme Court decision in ""Roe v. Wade"", Harrison began offering abortion services to his patients starting in 1974, though at the time he primarily performed handled births, delivering more than 6,000 babies through his practice. As the years progressed, he started to see more women looking for an abortion and he ultimately gave up delivering babies. He wanted to provide his patients with a safe option to terminate pregnancy and started getting more patients as other doctors in Northwest Arkansas abandoned the procedure. In data provided by NARAL Pro-Choice America in 2010, 97% of counties in Arkansas had no abortion",0.8806910633921612
predictions_K10_gpt-oss-20b.json,"A national four-week quarantine will start on April 1 2020, affecting the entire population of the United States.",FALSE,FALSE,0.41145121532064366,"Ebola virus cases in the United States: days before his diagnosis showed the guidelines, which includes urging health care workers and others who have had contact with Ebola patients to voluntarily quarantine themselves, were not enough. Late on October 26, Cuomo modified the state's quarantine procedure, stating that people entering New York who have had contact with Ebola patients in West Africa will be quarantined in their homes for the 21 days, with twice daily checks to ensure their health has not changed and that they are complying with the order, and would receive some compensation for lost wages, if any. President Obama and his staff had",0.9835460018523975
predictions_K10_gpt-oss-20b.json,Facebook post Says news stories referencing 322 and COVID-19 are proof cases are being “synchronized”,FALSE,FALSE,0.1571864846062363,"Nvidia PureVideo: 220 and GeForce 210/G210, respectively). The H.264-decoder no longer suffers the framesize restrictions of VP3, and adds hardware-acceleration for MVC, a H.264 extension used on 3D Blu-ray discs. MVC acceleration is OS dependent: it is fully supported in Microsoft Windows through the Microsoft DXVA and Nvidia CUDA APIs, but is not supported through Nvidia's VDPAU API. The fourth generation PureVideo HD is sometimes called ""PureVideo HD 4"" or VP4, although this is not an official Nvidia designation. It corresponds to Nvidia Feature Set C (or ""VDPAU Feature Set C""). The fifth generation of PureVideo HD, introduced with the GeForce GT",0.9476479255369532
